Date,Open,High,Low,Close,Adj Close,Volume
2000-01-03,23.0,23.469999313354492,21.899999618530273,22.040000915527344,7.6084208488464355,3215655
2000-01-04,21.899999618530273,22.09000015258789,21.149999618530273,21.299999237060547,7.352964401245117,3244446
2000-01-05,21.0,21.469999313354492,20.799999237060547,21.010000228881836,7.25285530090332,3235272
2000-01-07,21.25,22.06999969482422,21.239999771118164,21.670000076293945,7.480693817138672,5914766
2000-01-10,22.0,22.170000076293945,21.649999618530273,21.899999618530273,7.560088634490967,4001166
2000-01-11,21.700000762939453,21.790000915527344,21.149999618530273,21.280000686645508,7.3460612297058105,3322310
2000-01-12,21.229999542236328,21.56999969482422,20.829999923706055,20.950000762939453,7.232142925262451,54570510
2000-01-13,20.920000076293945,20.950000762939453,20.170000076293945,20.399999618530273,7.0964741706848145,54874840
2000-01-14,20.5,21.139999389648438,20.450000762939453,20.950000762939453,7.287800312042236,3079937
2000-01-17,21.479999542236328,21.479999542236328,20.31999969482422,20.420000076293945,7.103431224822998,3583064
2000-01-18,20.420000076293945,20.5,19.799999237060547,19.809999465942383,6.891233921051025,4371668
2000-01-19,19.850000381469727,21.799999237060547,19.850000381469727,21.799999237060547,7.5834856033325195,7327413
2000-01-20,21.600000381469727,21.760000228881836,20.59000015258789,21.260000228881836,7.395639896392822,7891588
2000-01-21,21.0,21.299999237060547,20.809999465942383,21.209999084472656,7.3782453536987305,8019228
2000-01-24,21.299999237060547,22.020000457763672,21.0,21.5,7.479126453399658,3482949
2000-01-25,21.09000015258789,21.389999389648438,21.010000228881836,21.200000762939453,7.374766826629639,2778373
2000-01-26,21.200000762939453,21.399999618530273,20.440000534057617,20.5,7.131262302398682,4926349
2000-01-27,20.639999389648438,21.0,19.969999313354492,20.020000457763672,6.964282989501953,9576115
2000-01-28,20.200000762939453,20.239999771118164,19.5,19.5,6.7833943367004395,4634786
2000-01-31,19.600000381469727,19.600000381469727,19.149999618530273,19.350000381469727,6.731213092803955,4000148
2000-02-01,19.600000381469727,19.93000030517578,19.309999465942383,19.6299991607666,6.828617572784424,3682069
2000-02-02,19.989999771118164,20.3799991607666,19.510000228881836,20.0,6.957325458526611,4818804
2000-02-03,20.389999389648438,20.389999389648438,19.719999313354492,20.0,6.957325458526611,4397430
2000-02-04,20.030000686645508,20.270000457763672,19.75,20.06999969482422,6.981675148010254,3044924
2000-02-07,20.0,20.0,19.579999923706055,19.8700008392334,6.912105083465576,3155980
2000-02-08,19.8799991607666,20.950000762939453,19.709999084472656,20.860000610351562,7.2564921379089355,5268185
2000-02-09,21.5,22.299999237060547,21.25,21.360000610351562,7.430426120758057,9590771
2000-02-10,21.0,21.829999923706055,20.549999237060547,20.850000381469727,7.253014087677002,4714825
2000-02-11,20.850000381469727,21.049999237060547,20.31999969482422,20.899999618530273,7.270404815673828,5510250
2000-02-14,20.649999618530273,20.799999237060547,19.950000762939453,20.100000381469727,6.992112159729004,3863606
2000-02-15,20.399999618530273,20.65999984741211,20.110000610351562,20.549999237060547,7.148655891418457,3520662
2000-02-16,20.950000762939453,21.06999969482422,20.5,20.799999237060547,7.235621452331543,5416669
2000-02-17,20.700000762939453,21.149999618530273,20.510000228881836,20.520000457763672,7.138216972351074,3273548
2000-02-18,20.600000381469727,20.700000762939453,19.940000534057617,20.149999618530273,7.0095062255859375,5727524
2000-02-21,20.0,20.100000381469727,19.549999237060547,19.6200008392334,6.825136661529541,2746470
2000-02-22,19.75,19.950000762939453,19.100000381469727,19.229999542236328,6.689469814300537,3436882
2000-02-23,19.280000686645508,19.5,18.170000076293945,18.649999618530273,6.487706661224365,9159307
2000-02-24,18.950000762939453,19.239999771118164,18.799999237060547,19.079999923706055,6.637289524078369,5020526
2000-02-25,19.299999237060547,19.690000534057617,19.219999313354492,19.670000076293945,6.842529773712158,3787286
2000-02-28,19.729999542236328,20.0,19.100000381469727,19.549999237060547,6.800785541534424,4409515
2000-02-29,19.56999969482422,19.739999771118164,19.200000762939453,19.649999618530273,6.835573196411133,5564255
2000-03-01,19.649999618530273,19.889999389648438,19.1200008392334,19.200000762939453,6.67903470993042,4395975
2000-03-02,19.350000381469727,19.350000381469727,18.8700008392334,19.149999618530273,6.661640644073486,3850744
2000-03-03,19.110000610351562,19.329999923706055,18.90999984741211,18.93000030517578,6.585109233856201,3608438
2000-03-06,19.139999389648438,19.139999389648438,18.75,18.889999389648438,6.571193695068359,2800888
2000-03-07,18.950000762939453,19.520000457763672,18.799999237060547,19.0,6.60945987701416,4989288
2000-03-08,19.479999542236328,21.450000762939453,19.40999984741211,21.3799991607666,7.437384128570557,16931290
2000-03-09,20.899999618530273,21.190000534057617,20.5,20.899999618530273,7.270404815673828,5933367
2000-03-10,20.989999771118164,21.3700008392334,20.100000381469727,20.100000381469727,6.992112159729004,4289648
2000-03-14,20.0,20.399999618530273,19.700000762939453,20.149999618530273,7.0095062255859375,2605373
2000-03-15,19.899999618530273,20.31999969482422,19.799999237060547,20.0,6.957325458526611,3289066
2000-03-16,20.299999237060547,20.469999313354492,20.010000228881836,20.3700008392334,7.086038589477539,4047468
2000-03-17,20.799999237060547,21.1299991607666,20.149999618530273,20.399999618530273,7.0964741706848145,5597329
2000-03-20,20.309999465942383,20.600000381469727,20.229999542236328,20.299999237060547,7.06168794631958,3994620
2000-03-21,20.280000686645508,20.780000686645508,20.0,20.780000686645508,7.228659629821777,2411243
2000-03-22,20.75,20.850000381469727,19.899999618530273,20.100000381469727,6.992112159729004,5795423
2000-03-23,20.0,20.200000762939453,19.700000762939453,19.969999313354492,6.946890830993652,3359008
2000-03-24,20.110000610351562,20.469999313354492,20.059999465942383,20.43000030517578,7.106908798217773,2609419
2000-03-27,20.260000228881836,20.479999542236328,20.170000076293945,20.399999618530273,7.0964741706848145,1342513
2000-03-28,20.3799991607666,21.0,20.209999084472656,20.59000015258789,7.162567138671875,3443749
2000-03-29,20.700000762939453,21.489999771118164,20.299999237060547,21.489999771118164,7.475647449493408,6032593
2000-03-30,21.399999618530273,22.049999237060547,21.270000457763672,22.040000915527344,7.66697359085083,9466894
2000-03-31,21.899999618530273,22.90999984741211,21.5,22.90999984741211,7.969618320465088,7118774
2000-04-03,22.700000762939453,22.700000762939453,21.700000762939453,22.5,7.826993942260742,4257421
2000-04-04,22.3700008392334,22.850000381469727,22.100000381469727,22.809999465942383,7.934831142425537,3901150
2000-04-05,22.420000076293945,22.450000762939453,21.75,21.829999923706055,7.593921661376953,5065764
2000-04-06,21.979999542236328,22.200000762939453,21.479999542236328,22.100000381469727,7.687845230102539,4975649
2000-04-07,22.0,22.079999923706055,21.510000228881836,21.799999237060547,7.5834856033325195,3585336
2000-04-10,21.549999237060547,22.040000915527344,21.200000762939453,21.25,7.392160892486572,3337070
2000-04-11,21.389999389648438,22.100000381469727,21.200000762939453,22.030000686645508,7.663496494293213,3940398
2000-04-12,22.0,22.200000762939453,21.579999923706055,22.0,7.6530585289001465,2838606
2000-04-13,21.920000076293945,22.479999542236328,21.809999465942383,22.420000076293945,7.799163818359375,4713178
2000-04-14,22.200000762939453,22.760000228881836,22.059999465942383,22.350000381469727,7.774811744689941,5054895
2000-04-17,21.350000381469727,22.350000381469727,21.350000381469727,22.290000915527344,7.753942012786865,4650506
2000-04-18,22.079999923706055,22.479999542236328,21.56999969482422,22.34000015258789,7.771335601806641,2753538
2000-04-19,22.5,22.540000915527344,21.950000762939453,22.1299991607666,7.698282241821289,4136786
2000-04-20,22.1299991607666,22.940000534057617,22.110000610351562,22.940000534057617,7.980053424835205,4591066
2000-04-21,22.940000534057617,22.940000534057617,22.940000534057617,22.940000534057617,7.980053424835205,0
2000-04-24,22.940000534057617,22.940000534057617,22.940000534057617,22.940000534057617,7.980053424835205,0
2000-04-25,22.40999984741211,22.75,22.34000015258789,22.56999969482422,7.851344108581543,3682223
2000-04-26,22.559999465942383,22.8799991607666,22.200000762939453,22.200000762939453,7.722632884979248,3919811
2000-04-27,22.5,22.670000076293945,22.270000457763672,22.600000381469727,7.861782073974609,3573399
2000-04-28,22.739999771118164,22.739999771118164,22.299999237060547,22.5,7.826993942260742,3527139
2000-05-02,22.649999618530273,22.75,21.84000015258789,22.420000076293945,7.799163818359375,3487213
2000-05-03,22.389999389648438,22.579999923706055,22.200000762939453,22.440000534057617,7.8061203956604,3614127
2000-05-04,22.299999237060547,22.809999465942383,22.280000686645508,22.399999618530273,7.792205333709717,4650185
2000-05-05,22.440000534057617,22.969999313354492,22.3700008392334,22.969999313354492,7.990489482879639,3467677
2000-05-08,22.93000030517578,23.479999542236328,22.700000762939453,23.350000381469727,8.122681617736816,7880575
2000-05-10,22.739999771118164,23.0,22.40999984741211,23.0,8.000926971435547,2723399
2000-05-11,23.0,23.149999618530273,22.360000610351562,23.0,8.000926971435547,4186069
2000-05-12,23.0,23.079999923706055,22.649999618530273,22.65999984741211,7.882652759552002,3068829
2000-05-15,22.59000015258789,23.040000915527344,22.59000015258789,22.979999542236328,7.993969917297363,2421694
2000-05-16,22.969999313354492,23.479999542236328,22.90999984741211,23.15999984741211,8.056587219238281,3511142
2000-05-17,23.15999984741211,23.15999984741211,22.420000076293945,22.639999389648438,7.875691890716553,3742157
2000-05-18,22.729999542236328,23.450000762939453,22.649999618530273,23.280000686645508,8.098325729370117,6094606
2000-05-19,23.280000686645508,23.479999542236328,23.0,23.1299991607666,8.046148300170898,4705286
2000-05-22,23.030000686645508,23.43000030517578,22.610000610351562,23.200000762939453,8.070499420166016,5201300
2000-05-23,23.200000762939453,23.25,22.799999237060547,22.850000381469727,7.948747634887695,4060694
2000-05-24,22.639999389648438,22.889999389648438,22.059999465942383,22.139999389648438,7.701761722564697,4570873
2000-05-25,22.100000381469727,22.479999542236328,22.010000228881836,22.309999465942383,7.760898113250732,4913668
2000-05-26,22.299999237060547,23.0,22.010000228881836,22.889999389648438,7.962660312652588,3914214
2000-05-29,22.649999618530273,23.049999237060547,22.600000381469727,22.989999771118164,7.997446537017822,2352087
2000-05-30,22.809999465942383,22.809999465942383,22.479999542236328,22.479999542236328,7.820034980773926,2133500
2000-05-31,22.5,22.969999313354492,22.299999237060547,22.8700008392334,7.9557037353515625,4063108
2000-06-01,22.549999237060547,22.81999969482422,22.31999969482422,22.649999618530273,7.879171371459961,3516858
2000-06-02,22.700000762939453,22.84000015258789,22.25,22.280000686645508,7.750460624694824,4610500
2000-06-05,22.18000030517578,22.18000030517578,21.6299991607666,21.799999237060547,7.5834856033325195,5620884
2000-06-06,21.700000762939453,21.75,21.0,21.110000610351562,7.343458652496338,5834810
2000-06-07,21.030000686645508,21.350000381469727,20.510000228881836,21.25,7.392160892486572,4350452
2000-06-08,21.309999465942383,21.540000915527344,20.639999389648438,20.739999771118164,7.214746952056885,4236531
2000-06-09,20.739999771118164,20.81999969482422,20.389999389648438,20.56999969482422,7.155611515045166,4235176
2000-06-12,20.579999923706055,20.799999237060547,20.399999618530273,20.68000030517578,7.193876266479492,2562996
2000-06-13,20.770000457763672,21.200000762939453,20.600000381469727,21.100000381469727,7.3399810791015625,3448498
2000-06-14,21.040000915527344,21.280000686645508,20.790000915527344,21.149999618530273,7.357372283935547,3230922
2000-06-15,21.100000381469727,21.280000686645508,21.040000915527344,21.100000381469727,7.3399810791015625,2885686
2000-06-16,21.049999237060547,21.149999618530273,20.5,20.5,7.131262302398682,5681667
2000-06-19,23.15999984741211,23.15999984741211,23.15999984741211,23.15999984741211,8.056587219238281,0
2000-06-20,20.579999923706055,20.760000228881836,20.450000762939453,20.5,7.131262302398682,3576270
2000-06-21,20.399999618530273,20.5,20.1299991607666,20.1299991607666,7.002547740936279,3156091
2000-06-22,20.540000915527344,21.170000076293945,20.399999618530273,20.799999237060547,7.235621452331543,3561573
2000-06-23,20.950000762939453,21.280000686645508,20.610000610351562,21.209999084472656,7.3782453536987305,2482205
2000-06-26,21.110000610351562,21.579999923706055,21.020000457763672,21.020000457763672,7.312149524688721,4456468
2000-06-27,20.899999618530273,21.18000030517578,20.639999389648438,20.649999618530273,7.183438777923584,3034511
2000-06-28,20.5,20.899999618530273,20.43000030517578,20.850000381469727,7.253014087677002,3558591
2000-06-29,20.899999618530273,21.149999618530273,20.600000381469727,20.670000076293945,7.190396785736084,2411165
2000-06-30,20.600000381469727,21.0,20.5,20.850000381469727,7.253014087677002,5089781
2000-07-03,20.84000015258789,21.0,20.600000381469727,20.899999618530273,7.270404815673828,1911332
2000-07-04,20.81999969482422,21.299999237060547,20.780000686645508,21.100000381469727,7.3399810791015625,3807279
2000-07-05,20.920000076293945,21.0,20.479999542236328,20.649999618530273,7.183438777923584,5690015
2000-07-06,20.649999618530273,20.700000762939453,20.299999237060547,20.31999969482422,7.068643569946289,4107858
2000-07-07,23.15999984741211,23.15999984741211,23.15999984741211,23.15999984741211,8.056587219238281,0
2000-07-10,20.450000762939453,20.799999237060547,20.350000381469727,20.75,7.218227863311768,4093227
2000-07-11,20.610000610351562,21.049999237060547,20.59000015258789,20.950000762939453,7.287800312042236,3692988
2000-07-12,20.8700008392334,21.200000762939453,20.579999923706055,20.780000686645508,7.228659629821777,3969593
2000-07-13,20.510000228881836,21.43000030517578,20.510000228881836,21.079999923706055,7.425936222076416,6118148
2000-07-14,21.0,21.559999465942383,20.8700008392334,21.5,7.573891639709473,5211525
2000-07-17,21.31999969482422,21.799999237060547,21.25,21.25,7.485822677612305,5075664
2000-07-18,21.200000762939453,21.200000762939453,20.65999984741211,20.700000762939453,7.292070388793945,3875142
2000-07-19,20.850000381469727,21.079999923706055,20.520000457763672,20.520000457763672,7.228659629821777,3523356
2000-07-20,20.649999618530273,20.950000762939453,20.549999237060547,20.75,7.309685707092285,2426772
2000-07-21,20.719999313354492,20.93000030517578,20.360000610351562,20.450000762939453,7.204004764556885,2638868
2000-07-24,23.15999984741211,23.15999984741211,23.15999984741211,23.15999984741211,8.158668518066406,0
2000-07-25,20.34000015258789,20.420000076293945,20.18000030517578,20.3700008392334,7.1758222579956055,3794579
2000-07-26,20.389999389648438,20.399999618530273,20.200000762939453,20.229999542236328,7.126502990722656,2259704
2000-07-27,23.15999984741211,23.15999984741211,23.15999984741211,23.15999984741211,8.158668518066406,0
2000-07-28,20.350000381469727,20.530000686645508,20.1299991607666,20.200000762939453,7.115935802459717,3069550
2000-07-31,20.299999237060547,20.59000015258789,20.030000686645508,20.5,7.221617698669434,3893927
2000-08-01,20.5,20.75,20.280000686645508,20.280000686645508,7.144115924835205,3529208
2000-08-02,20.299999237060547,20.6200008392334,20.190000534057617,20.5,7.221617698669434,7214806
2000-08-03,20.420000076293945,20.649999618530273,20.350000381469727,20.3700008392334,7.1758222579956055,3419068
2000-08-04,20.3700008392334,20.489999771118164,20.0,20.209999084472656,7.119457244873047,3535782
2000-08-07,20.360000610351562,21.049999237060547,20.360000610351562,20.959999084472656,7.383662223815918,5981034
2000-08-08,21.100000381469727,21.290000915527344,21.0,21.100000381469727,7.432981967926025,5425462
2000-08-09,21.149999618530273,21.360000610351562,21.149999618530273,21.170000076293945,7.457640171051025,3157556
2000-08-10,21.450000762939453,21.75,21.299999237060547,21.440000534057617,7.552753448486328,4127069
2000-08-11,21.5,21.579999923706055,21.100000381469727,21.260000228881836,7.4893479347229,2820797
2000-08-14,21.350000381469727,21.639999389648438,21.299999237060547,21.530000686645508,7.584460258483887,2713881
2000-08-15,21.299999237060547,21.649999618530273,21.1200008392334,21.489999771118164,7.570367813110352,1916592
2000-08-16,21.459999084472656,21.790000915527344,21.3799991607666,21.670000076293945,7.633779048919678,2911623
2000-08-17,21.559999465942383,22.1299991607666,21.559999465942383,21.989999771118164,7.7465057373046875,4181511
2000-08-18,22.100000381469727,22.559999465942383,22.049999237060547,22.299999237060547,7.855710506439209,4596486
2000-08-21,22.219999313354492,22.56999969482422,22.200000762939453,22.5,7.926165580749512,3020956
2000-08-22,22.399999618530273,22.760000228881836,22.399999618530273,22.719999313354492,8.003665924072266,3502492
2000-08-23,22.709999084472656,23.299999237060547,22.6200008392334,23.239999771118164,8.186844825744629,6856282
2000-08-24,23.049999237060547,23.5,22.110000610351562,22.200000762939453,7.8204827308654785,6126452
2000-08-25,22.0,22.299999237060547,21.709999084472656,22.040000915527344,7.7641167640686035,4117859
2000-08-28,22.040000915527344,22.350000381469727,22.010000228881836,22.280000686645508,7.8486647605896,1472493
2000-08-29,22.299999237060547,22.34000015258789,22.0,22.270000457763672,7.8451409339904785,3339975
2000-08-30,22.100000381469727,22.489999771118164,22.100000381469727,22.420000076293945,7.897982597351074,2833791
2000-08-31,22.3700008392334,22.600000381469727,22.139999389648438,22.299999237060547,7.855710506439209,3977293
2000-09-01,22.290000915527344,22.739999771118164,22.110000610351562,22.739999771118164,8.010712623596191,2631640
2000-09-04,22.75,22.84000015258789,22.450000762939453,22.670000076293945,7.986053466796875,1962165
2000-09-05,22.739999771118164,23.020000457763672,22.510000228881836,22.899999618530273,8.067075729370117,5367133
2000-09-06,22.899999618530273,23.75,22.75,23.389999389648438,8.239688873291016,5714626
2000-09-07,23.5,24.010000228881836,23.399999618530273,23.540000915527344,8.292530059814453,7125448
2000-09-08,23.299999237060547,23.5,22.510000228881836,22.510000228881836,7.929688930511475,4976062
2000-09-11,22.600000381469727,23.0,22.450000762939453,22.889999389648438,8.063552856445312,7789248
2000-09-12,23.200000762939453,23.360000610351562,23.0,23.200000762939453,8.172755241394043,6155272
2000-09-13,23.020000457763672,23.200000762939453,22.43000030517578,22.450000762939453,7.90855073928833,6859163
2000-09-14,22.489999771118164,22.5,21.690000534057617,21.950000762939453,7.732412815093994,10325120
2000-09-15,22.100000381469727,22.329999923706055,21.799999237060547,22.31999969482422,7.862754821777344,6953386
2000-09-18,22.299999237060547,22.899999618530273,21.860000610351562,21.860000610351562,7.700710773468018,5308692
2000-09-19,22.0,22.079999923706055,21.670000076293945,21.850000381469727,7.6971869468688965,3721522
2000-09-20,21.950000762939453,22.18000030517578,21.75,22.049999237060547,7.767643451690674,4503511
2000-09-21,21.989999771118164,22.1299991607666,21.6299991607666,21.850000381469727,7.6971869468688965,4299963
2000-09-22,21.610000610351562,21.739999771118164,21.309999465942383,21.559999465942383,7.595026969909668,958862
2000-09-25,21.450000762939453,21.549999237060547,21.170000076293945,21.450000762939453,7.556278228759766,4200541
2000-09-26,21.219999313354492,21.440000534057617,21.200000762939453,21.399999618530273,7.538663387298584,2448176
2000-09-27,21.25,21.360000610351562,20.950000762939453,21.149999618530273,7.450596809387207,4595388
2000-09-28,21.25,21.520000457763672,20.979999542236328,21.440000534057617,7.552753448486328,6491049
2000-09-29,21.5,21.540000915527344,20.81999969482422,20.850000381469727,7.344913482666016,5048900
2000-10-02,20.850000381469727,21.600000381469727,20.850000381469727,21.3700008392334,7.528094291687012,3818533
2000-10-03,21.3799991607666,21.940000534057617,21.299999237060547,21.790000915527344,7.676053524017334,3373251
2000-10-04,21.709999084472656,22.06999969482422,21.549999237060547,21.770000457763672,7.66900634765625,3756768
2000-10-05,21.809999465942383,21.850000381469727,21.31999969482422,21.31999969482422,7.51047945022583,3074157
2000-10-06,21.350000381469727,22.25,21.350000381469727,22.100000381469727,7.78525447845459,6726813
2000-10-09,22.25,22.280000686645508,21.6299991607666,21.709999084472656,7.647868633270264,3395859
2000-10-10,22.0,22.43000030517578,21.850000381469727,22.43000030517578,7.901504993438721,5319331
2000-10-11,22.399999618530273,22.40999984741211,21.979999542236328,22.0,7.750026226043701,5561650
2000-10-12,23.15999984741211,23.15999984741211,23.15999984741211,23.15999984741211,8.158668518066406,0
2000-10-13,22.200000762939453,22.200000762939453,20.549999237060547,20.549999237060547,7.239230632781982,16583490
2000-10-16,21.0,21.0,20.549999237060547,20.649999618530273,7.27445650100708,7703768
2000-10-17,20.950000762939453,21.100000381469727,20.049999237060547,20.25,7.133549213409424,9264145
2000-10-18,20.100000381469727,20.239999771118164,19.6200008392334,20.020000457763672,7.052525997161865,6151149
2000-10-19,20.350000381469727,20.350000381469727,19.489999771118164,19.950000762939453,7.027865409851074,5126216
2000-10-20,20.200000762939453,20.489999771118164,19.979999542236328,20.299999237060547,7.151160717010498,5995814
2000-10-23,20.600000381469727,20.600000381469727,20.209999084472656,20.290000915527344,7.147639751434326,3799316
2000-10-24,20.260000228881836,20.469999313354492,19.950000762939453,20.0,7.045480728149414,4048251
2000-10-25,20.079999923706055,20.200000762939453,19.809999465942383,19.959999084472656,7.031389236450195,2914827
2000-10-26,20.0,20.84000015258789,20.0,20.149999618530273,7.098321437835693,7449823
2000-10-27,20.149999618530273,20.510000228881836,19.850000381469727,20.209999084472656,7.119457244873047,4289096
2000-10-30,20.030000686645508,20.049999237060547,19.3700008392334,19.3700008392334,6.823546409606934,8778891
2000-11-02,18.860000610351562,18.950000762939453,18.399999618530273,18.649999618530273,6.569908142089844,9271813
2000-11-03,18.889999389648438,19.100000381469727,18.530000686645508,18.65999984741211,6.573433876037598,4319717
2000-11-06,18.899999618530273,19.190000534057617,18.760000228881836,19.010000228881836,6.696730136871338,6790289
2000-11-07,19.200000762939453,19.450000762939453,19.06999969482422,19.06999969482422,6.717865943908691,6428042
2000-11-08,19.399999618530273,19.479999542236328,18.8700008392334,18.899999618530273,6.657978534698486,4663029
2000-11-09,18.969999313354492,19.049999237060547,18.690000534057617,18.8799991607666,6.650932788848877,4480374
2000-11-10,18.889999389648438,18.899999618530273,18.5,18.5,6.517069339752197,5370177
2000-11-13,18.549999237060547,19.059999465942383,18.510000228881836,18.860000610351562,6.643887996673584,4876593
2000-11-14,18.899999618530273,19.229999542236328,18.729999542236328,19.059999465942383,6.714341640472412,5386621
2000-11-15,19.389999389648438,19.6299991607666,18.959999084472656,19.299999237060547,6.798888683319092,7098816
2000-11-16,19.229999542236328,19.670000076293945,19.15999984741211,19.299999237060547,6.798888683319092,3222773
2000-11-17,19.280000686645508,19.299999237060547,18.8799991607666,18.899999618530273,6.657978534698486,6421064
2000-11-20,19.170000076293945,19.170000076293945,18.649999618530273,18.760000228881836,6.6086626052856445,5081815
2000-11-21,18.81999969482422,19.329999923706055,18.81999969482422,19.270000457763672,6.788320541381836,5387773
2000-11-22,19.299999237060547,19.5,19.0,19.360000610351562,6.820025444030762,5152742
2000-11-23,19.530000686645508,19.600000381469727,19.15999984741211,19.200000762939453,6.7636613845825195,2963462
2000-11-24,19.25,19.399999618530273,19.049999237060547,19.34000015258789,6.812980651855469,2450678
2000-11-27,19.5,19.600000381469727,19.149999618530273,19.190000534057617,6.760138988494873,5455416
2000-11-28,19.25,19.3799991607666,19.0,19.280000686645508,6.791841983795166,2982935
2000-11-29,19.280000686645508,19.290000915527344,18.899999618530273,19.139999389648438,6.742523193359375,5928101
2000-11-30,19.139999389648438,19.139999389648438,18.6200008392334,18.780000686645508,6.61570405960083,5041353
2000-12-01,18.959999084472656,19.0,18.25,18.469999313354492,6.506501197814941,5431109
2000-12-04,18.469999313354492,18.530000686645508,18.0,18.270000457763672,6.43604850769043,3091363
2000-12-05,18.399999618530273,18.600000381469727,18.270000457763672,18.43000030517578,6.492412567138672,3529845
2000-12-07,18.149999618530273,18.149999618530273,17.719999313354492,17.850000381469727,6.288089752197266,7768012
2000-12-11,17.899999618530273,17.950000762939453,17.1200008392334,17.489999771118164,6.161273956298828,10519300
2000-12-12,17.450000762939453,17.8799991607666,17.440000534057617,17.639999389648438,6.214112758636475,9253058
2000-12-13,17.75,17.8700008392334,17.489999771118164,17.579999923706055,6.192975997924805,10471590
2000-12-14,17.600000381469727,17.649999618530273,17.0,17.0,5.988656997680664,8623283
2000-12-15,17.0,17.049999237060547,16.3700008392334,16.549999237060547,5.83013391494751,16692080
2000-12-18,16.549999237060547,16.829999923706055,16.200000762939453,16.5,5.812521934509277,9272803
2000-12-19,16.420000076293945,17.0,16.3700008392334,16.81999969482422,5.92525053024292,12793900
2000-12-20,16.799999237060547,16.799999237060547,16.350000381469727,16.399999618530273,5.777292728424072,6825693
2000-12-21,16.3799991607666,17.059999465942383,16.200000762939453,17.0,5.988656997680664,7257801
2000-12-22,16.75,17.440000534057617,16.75,17.139999389648438,6.037975311279297,9215144
2000-12-25,17.139999389648438,17.139999389648438,17.139999389648438,17.139999389648438,6.037975311279297,0
2000-12-26,17.139999389648438,17.139999389648438,17.139999389648438,17.139999389648438,6.037975311279297,0
2000-12-27,17.299999237060547,17.450000762939453,16.989999771118164,17.18000030517578,6.052067279815674,4553958
2000-12-28,17.170000076293945,17.40999984741211,17.010000228881836,17.1299991607666,6.034453392028809,3187816
2000-12-29,17.360000610351562,17.399999618530273,17.020000457763672,17.020000457763672,5.995704174041748,4047747
2001-01-02,17.309999465942383,17.780000686645508,16.989999771118164,17.600000381469727,6.200022220611572,6207252
2001-01-03,17.510000228881836,18.360000610351562,17.510000228881836,17.920000076293945,6.312749862670898,6562896
2001-01-04,18.100000381469727,18.479999542236328,17.700000762939453,18.479999542236328,6.510023593902588,6706908
2001-01-05,18.290000915527344,18.290000915527344,17.729999542236328,18.139999389648438,6.3902482986450195,29535020
2001-01-08,18.18000030517578,18.350000381469727,17.84000015258789,18.350000381469727,6.464228630065918,5052827
2001-01-09,18.239999771118164,18.469999313354492,18.219999313354492,18.399999618530273,6.481841087341309,4882162
2001-01-10,18.309999465942383,18.450000762939453,18.049999237060547,18.350000381469727,6.464228630065918,6374310
2001-01-11,18.25,18.610000610351562,18.149999618530273,18.25,6.4962615966796875,10153100
2001-01-12,18.360000610351562,18.950000762939453,18.360000610351562,18.889999389648438,6.724076747894287,6593910
2001-01-15,19.0,19.40999984741211,18.93000030517578,19.209999084472656,6.837985992431641,6928267
2001-01-16,19.270000457763672,19.43000030517578,18.81999969482422,18.899999618530273,6.727637767791748,4566354
2001-01-17,19.149999618530273,19.149999618530273,18.540000915527344,18.950000762939453,6.745438575744629,5810190
2001-01-18,18.920000076293945,19.200000762939453,18.649999618530273,18.93000030517578,6.738317012786865,4063509
2001-01-19,18.969999313354492,19.049999237060547,18.600000381469727,18.700000762939453,6.65644645690918,10555090
2001-01-22,18.959999084472656,19.079999923706055,18.75,18.899999618530273,6.727637767791748,8412023
2001-01-23,18.899999618530273,19.200000762939453,18.829999923706055,19.100000381469727,6.798830032348633,3931462
2001-01-24,19.100000381469727,19.100000381469727,19.100000381469727,19.100000381469727,6.798830032348633,0
2001-01-25,18.920000076293945,19.139999389648438,18.920000076293945,19.020000457763672,6.770352363586426,4546098
2001-01-26,19.020000457763672,19.020000457763672,19.020000457763672,19.020000457763672,6.770352363586426,0
2001-01-29,19.0,19.079999923706055,18.809999465942383,18.899999618530273,6.727637767791748,4197901
2001-01-30,18.8799991607666,19.049999237060547,18.760000228881836,18.850000381469727,6.709839820861816,2998708
2001-01-31,19.09000015258789,19.09000015258789,18.479999542236328,18.5,6.585254669189453,7722041
2001-02-01,18.600000381469727,18.889999389648438,18.520000457763672,18.65999984741211,6.642207622528076,4121980
2001-02-02,18.549999237060547,18.670000076293945,18.25,18.299999237060547,6.514062881469727,4531168
2001-02-05,18.100000381469727,18.68000030517578,18.100000381469727,18.5,6.585254669189453,6570607
2001-02-06,18.200000762939453,18.799999237060547,18.149999618530273,18.6200008392334,6.6279706954956055,6864258
2001-02-07,18.399999618530273,18.8799991607666,18.399999618530273,18.780000686645508,6.6849236488342285,4644144
2001-02-08,18.780000686645508,19.75,18.709999084472656,19.600000381469727,6.976810455322266,12966570
2001-02-09,19.59000015258789,20.25,19.510000228881836,19.799999237060547,7.048002243041992,12935740
2001-02-12,19.399999618530273,20.270000457763672,19.399999618530273,20.059999465942383,7.140551567077637,9305325
2001-02-13,19.950000762939453,20.079999923706055,19.84000015258789,19.979999542236328,7.112076759338379,5879427
2001-02-14,19.93000030517578,20.040000915527344,19.43000030517578,19.760000228881836,7.033764362335205,6581642
2001-02-15,19.81999969482422,19.93000030517578,19.170000076293945,19.190000534057617,6.830866813659668,13789750
2001-02-16,18.850000381469727,19.25,18.75,18.799999237060547,6.692040920257568,9924154
2001-02-19,18.799999237060547,19.399999618530273,18.799999237060547,19.200000762939453,6.834427356719971,5753313
2001-02-20,19.110000610351562,19.549999237060547,19.040000915527344,19.049999237060547,6.78102970123291,4724965
2001-02-21,18.989999771118164,19.18000030517578,18.829999923706055,18.979999542236328,6.7561140060424805,11058370
2001-02-22,18.649999618530273,19.079999923706055,18.559999465942383,18.760000228881836,6.6778035163879395,4962194
2001-02-23,18.81999969482422,19.06999969482422,18.5,18.790000915527344,6.688484191894531,5225834
2001-02-26,18.700000762939453,18.8799991607666,18.549999237060547,18.8700008392334,6.716960430145264,4462006
2001-02-27,18.700000762939453,19.020000457763672,18.65999984741211,18.959999084472656,6.748995780944824,6372430
2001-02-28,18.6299991607666,18.889999389648438,18.5,18.5,6.585254669189453,6867869
2001-03-01,18.520000457763672,18.520000457763672,18.100000381469727,18.5,6.585254669189453,6589505
2001-03-02,18.5,18.6200008392334,18.299999237060547,18.549999237060547,6.603053569793701,3864974
2001-03-05,18.6200008392334,18.850000381469727,18.520000457763672,18.709999084472656,6.660006999969482,3577821
2001-03-06,18.84000015258789,19.020000457763672,18.709999084472656,18.8799991607666,6.720517635345459,27619890
2001-03-07,18.989999771118164,19.34000015258789,18.899999618530273,19.139999389648438,6.81306791305542,4127562
2001-03-08,19.209999084472656,19.510000228881836,19.15999984741211,19.25,6.852224349975586,4930292
2001-03-09,19.389999389648438,19.389999389648438,18.860000610351562,19.200000762939453,6.834427356719971,3397935
2001-03-12,19.260000228881836,19.260000228881836,18.920000076293945,18.969999313354492,6.752555847167969,2875728
2001-03-13,18.8799991607666,19.0,18.59000015258789,19.0,6.763235569000244,6229290
2001-03-14,19.0,19.0,19.0,19.0,6.763235569000244,0
2001-03-15,18.719999313354492,18.969999313354492,18.59000015258789,18.899999618530273,6.727637767791748,3306411
2001-03-16,18.899999618530273,18.969999313354492,18.43000030517578,18.43000030517578,6.56033992767334,6824632
2001-03-19,18.549999237060547,18.780000686645508,18.25,18.43000030517578,6.56033992767334,3115719
2001-03-20,18.40999984741211,18.940000534057617,18.40999984741211,18.850000381469727,6.709839820861816,8443395
2001-03-21,19.100000381469727,19.5,18.84000015258789,19.360000610351562,6.891380310058594,11030540
2001-03-22,19.170000076293945,19.360000610351562,18.770000457763672,18.799999237060547,6.692040920257568,10483440
2001-03-23,18.93000030517578,19.399999618530273,18.719999313354492,19.399999618530273,6.9056196212768555,10041340
2001-03-26,19.399999618530273,19.450000762939453,19.25,19.350000381469727,6.887820243835449,4168133
2001-03-27,19.3799991607666,19.790000915527344,19.100000381469727,19.75,7.0302042961120605,7545112
2001-03-28,19.829999923706055,20.0,19.469999313354492,19.84000015258789,7.062239170074463,8020324
2001-03-29,19.600000381469727,19.950000762939453,19.540000915527344,19.950000762939453,7.101395606994629,5213613
2001-03-30,19.93000030517578,20.450000762939453,19.850000381469727,20.06999969482422,7.144111156463623,18802540
2001-04-02,20.200000762939453,20.360000610351562,20.079999923706055,20.200000762939453,7.190384387969971,15005590
2001-04-03,20.09000015258789,20.209999084472656,20.0,20.079999923706055,7.147670269012451,10150170
2001-04-04,19.959999084472656,20.229999542236328,19.68000030517578,20.200000762939453,7.190384387969971,14349480
2001-04-05,20.239999771118164,20.670000076293945,20.100000381469727,20.399999618530273,7.261577606201172,11129670
2001-04-06,20.450000762939453,20.549999237060547,20.100000381469727,20.31999969482422,7.233100891113281,4658779
2001-04-09,20.450000762939453,20.670000076293945,20.270000457763672,20.530000686645508,7.307854175567627,3925081
2001-04-10,20.700000762939453,20.920000076293945,20.549999237060547,20.75,7.386161804199219,4323900
2001-04-11,20.8700008392334,20.93000030517578,20.5,20.610000610351562,7.336331367492676,3657180
2001-04-12,20.780000686645508,20.850000381469727,20.530000686645508,20.729999542236328,7.379045009613037,2413817
2001-04-17,20.719999313354492,20.940000534057617,20.559999465942383,20.559999465942383,7.3185319900512695,5106873
2001-04-18,20.700000762939453,20.969999313354492,20.610000610351562,20.969999313354492,7.464474678039551,6336933
2001-04-19,21.0,21.049999237060547,20.600000381469727,20.75,7.386161804199219,9700191
2001-04-20,20.75,20.850000381469727,20.399999618530273,20.540000915527344,7.311409950256348,4244847
2001-04-23,20.5,20.729999542236328,20.1299991607666,20.219999313354492,7.19750452041626,4935511
2001-04-24,20.18000030517578,20.6299991607666,20.1299991607666,20.399999618530273,7.261577606201172,3352964
2001-04-25,20.25,20.399999618530273,20.149999618530273,20.389999389648438,7.258018493652344,2752948
2001-04-26,20.399999618530273,20.450000762939453,20.149999618530273,20.309999465942383,7.229541301727295,5643903
2001-04-27,20.399999618530273,20.81999969482422,20.239999771118164,20.59000015258789,7.329208850860596,6107921
2001-04-30,20.68000030517578,20.969999313354492,20.459999084472656,20.899999618530273,7.439557075500488,4440984
2001-05-02,20.799999237060547,20.940000534057617,20.510000228881836,20.530000686645508,7.307854175567627,3732299
2001-05-03,20.5,20.5,20.030000686645508,20.100000381469727,7.154788970947266,5038216
2001-05-04,20.219999313354492,20.389999389648438,20.0,20.190000534057617,7.186827659606934,3995447
2001-05-08,20.239999771118164,20.649999618530273,20.149999618530273,20.520000457763672,7.30429220199585,3932790
2001-05-09,20.450000762939453,20.770000457763672,20.420000076293945,20.610000610351562,7.336331367492676,3319090
2001-05-10,20.790000915527344,21.1200008392334,20.649999618530273,20.950000762939453,7.4573564529418945,6167590
2001-05-11,20.8700008392334,21.260000228881836,20.649999618530273,20.8799991607666,7.43243932723999,3698147
2001-05-14,20.8799991607666,21.040000915527344,20.639999389648438,20.8799991607666,7.43243932723999,5350525
2001-05-15,21.040000915527344,21.040000915527344,20.729999542236328,21.0,7.475152492523193,3326742
2001-05-16,20.959999084472656,20.979999542236328,20.56999969482422,20.899999618530273,7.439557075500488,5425101
2001-05-17,21.170000076293945,21.389999389648438,21.030000686645508,21.389999389648438,7.613975524902344,8206388
2001-05-18,21.399999618530273,21.940000534057617,21.309999465942383,21.889999389648438,7.791960716247559,7061104
2001-05-21,21.920000076293945,21.969999313354492,21.559999465942383,21.670000076293945,7.713647842407227,3442929
2001-05-22,21.610000610351562,21.649999618530273,21.25,21.600000381469727,7.688730239868164,9885638
2001-05-23,21.420000076293945,21.799999237060547,21.40999984741211,21.709999084472656,7.727884292602539,3777885
2001-05-24,21.40999984741211,21.799999237060547,21.40999984741211,21.799999237060547,7.759920120239258,2504986
2001-05-25,21.75,21.799999237060547,21.399999618530273,21.649999618530273,7.706527233123779,3930348
2001-05-28,21.600000381469727,21.799999237060547,21.530000686645508,21.530000686645508,7.663812637329102,1509471
2001-05-29,21.639999389648438,21.790000915527344,21.100000381469727,21.200000762939453,7.5463433265686035,7604763
2001-05-30,21.209999084472656,21.299999237060547,21.020000457763672,21.110000610351562,7.514309883117676,3472057
2001-05-31,21.100000381469727,21.280000686645508,21.0,21.059999465942383,7.496512413024902,3821198
2001-06-01,21.25,21.25,21.0,21.149999618530273,7.528548717498779,2970732
2001-06-04,21.299999237060547,21.43000030517578,21.280000686645508,21.290000915527344,7.578381538391113,17755280
2001-06-05,21.450000762939453,21.600000381469727,21.34000015258789,21.5,7.653134346008301,4964225
2001-06-06,21.399999618530273,21.440000534057617,21.219999313354492,21.350000381469727,7.599740505218506,4941425
2001-06-07,21.299999237060547,21.479999542236328,21.110000610351562,21.299999237060547,7.581943035125732,2993916
2001-06-08,21.350000381469727,21.520000457763672,21.25,21.399999618530273,7.6175384521484375,2681743
2001-06-11,21.260000228881836,21.450000762939453,21.18000030517578,21.3799991607666,7.610416889190674,4305210
2001-06-12,21.43000030517578,21.43000030517578,21.1200008392334,21.170000076293945,7.535667419433594,5634484
2001-06-13,21.260000228881836,21.469999313354492,21.209999084472656,21.450000762939453,7.635334014892578,5393805
2001-06-14,21.3799991607666,21.440000534057617,21.1200008392334,21.200000762939453,7.5463433265686035,8074293
2001-06-15,21.1200008392334,21.290000915527344,21.010000228881836,21.100000381469727,7.510751724243164,11559760
2001-06-18,21.100000381469727,21.350000381469727,20.639999389648438,20.899999618530273,7.439557075500488,11159850
2001-06-19,20.809999465942383,21.170000076293945,20.649999618530273,21.0,7.475152492523193,14560620
2001-06-20,20.860000610351562,20.969999313354492,20.520000457763672,20.899999618530273,7.439557075500488,14403300
2001-06-21,20.899999618530273,20.899999618530273,20.209999084472656,20.309999465942383,7.229541301727295,13718690
2001-06-22,20.290000915527344,20.600000381469727,19.899999618530273,20.049999237060547,7.136993408203125,10140770
2001-06-25,20.0,20.200000762939453,19.799999237060547,19.850000381469727,7.065800666809082,6834373
2001-06-26,19.920000076293945,19.93000030517578,19.520000457763672,19.81999969482422,7.055120468139648,5397599
2001-06-27,19.799999237060547,19.829999923706055,19.399999618530273,19.440000534057617,6.919857025146484,8055426
2001-06-28,19.399999618530273,19.399999618530273,18.809999465942383,19.299999237060547,6.870020866394043,13910640
2001-06-29,19.399999618530273,19.540000915527344,19.020000457763672,19.5,6.941213607788086,14640380
2001-07-02,19.579999923706055,19.700000762939453,19.459999084472656,19.639999389648438,6.991048336029053,18463140
2001-07-03,19.5,19.5,19.059999465942383,19.190000534057617,6.830866813659668,19492090
2001-07-04,19.209999084472656,19.3700008392334,18.940000534057617,19.329999923706055,6.880701541900635,3561703
2001-07-05,19.209999084472656,19.540000915527344,19.149999618530273,19.3700008392334,6.89493989944458,11453580
2001-07-06,19.219999313354492,19.280000686645508,18.770000457763672,19.030000686645508,6.7739129066467285,14644900
2001-07-09,18.850000381469727,19.190000534057617,18.739999771118164,19.049999237060547,6.78102970123291,13468660
2001-07-10,19.170000076293945,19.350000381469727,18.5,18.5,6.585254669189453,14055320
2001-07-11,18.049999237060547,18.309999465942383,17.969999313354492,18.170000076293945,6.467787265777588,9223425
2001-07-12,18.200000762939453,18.290000915527344,17.809999465942383,18.110000610351562,6.558322906494141,7292503
2001-07-16,18.25,18.25,17.670000076293945,18.010000228881836,6.5221076011657715,6371134
2001-07-17,17.799999237060547,18.0,17.670000076293945,18.0,6.518486022949219,12875890
2001-07-18,17.760000228881836,17.8799991607666,17.469999313354492,17.600000381469727,6.373631954193115,7413833
2001-07-19,17.540000915527344,17.729999542236328,17.239999771118164,17.670000076293945,6.398981094360352,11552820
2001-07-20,17.690000534057617,18.049999237060547,17.420000076293945,17.93000030517578,6.493138790130615,7696214
2001-07-23,17.90999984741211,18.700000762939453,17.860000610351562,18.549999237060547,6.717666149139404,15611490
2001-07-24,18.209999084472656,18.639999389648438,18.209999084472656,18.5,6.699556827545166,11126940
2001-07-25,18.389999389648438,18.549999237060547,18.299999237060547,18.399999618530273,6.663341045379639,7976214
2001-07-26,18.6200008392334,18.899999618530273,18.43000030517578,18.579999923706055,6.7285261154174805,5270727
2001-07-27,18.510000228881836,18.920000076293945,18.489999771118164,18.700000762939453,6.771984100341797,3613347
2001-07-30,18.809999465942383,19.059999465942383,18.690000534057617,18.75,6.790090560913086,3614789
2001-07-31,18.780000686645508,18.950000762939453,18.559999465942383,18.899999618530273,6.844410419464111,3323134
2001-08-01,19.079999923706055,19.079999923706055,18.75,18.950000762939453,6.862520694732666,3544955
2001-08-02,18.950000762939453,19.0,18.719999313354492,18.850000381469727,6.826303005218506,3970020
2001-08-03,18.829999923706055,18.889999389648438,18.56999969482422,18.6200008392334,6.743011951446533,3517715
2001-08-06,18.709999084472656,18.84000015258789,18.440000534057617,18.520000457763672,6.706799030303955,5571049
2001-08-07,18.450000762939453,18.579999923706055,18.200000762939453,18.31999969482422,6.634369850158691,9321394
2001-08-08,18.3799991607666,18.3799991607666,18.020000457763672,18.200000762939453,6.590914249420166,6060593
2001-08-09,18.0,18.190000534057617,17.899999618530273,17.899999618530273,6.482272624969482,7728399
2001-08-10,17.940000534057617,18.170000076293945,17.84000015258789,17.860000610351562,6.4677886962890625,7609583
2001-08-13,18.010000228881836,18.170000076293945,17.850000381469727,18.09000015258789,6.551077365875244,1895171
2001-08-14,18.149999618530273,18.399999618530273,18.049999237060547,18.049999237060547,6.536593914031982,3120165
2001-08-16,18.149999618530273,18.31999969482422,17.899999618530273,18.0,6.518486022949219,5877889
2001-08-17,18.1200008392334,18.1299991607666,17.700000762939453,17.899999618530273,6.482272624969482,7728412
2001-08-20,17.860000610351562,18.100000381469727,17.649999618530273,18.0,6.518486022949219,9747489
2001-08-21,17.959999084472656,18.25,17.950000762939453,18.25,6.609018802642822,7672314
2001-08-22,18.219999313354492,18.780000686645508,18.1299991607666,18.700000762939453,6.771984100341797,14679160
2001-08-23,18.790000915527344,18.920000076293945,18.5,18.8799991607666,6.837170124053955,10553370
2001-08-24,18.75,19.049999237060547,18.75,18.969999313354492,6.869760990142822,3851823
2001-08-27,18.959999084472656,19.139999389648438,18.75,18.899999618530273,6.844410419464111,5127164
2001-08-28,18.950000762939453,18.979999542236328,18.549999237060547,18.700000762939453,6.771984100341797,12953560
2001-08-29,18.600000381469727,18.709999084472656,18.420000076293945,18.600000381469727,6.735772609710693,8603383
2001-08-30,18.600000381469727,18.770000457763672,18.350000381469727,18.420000076293945,6.670587062835693,15735270
2001-08-31,18.469999313354492,18.600000381469727,18.270000457763672,18.549999237060547,6.717666149139404,3215204
2001-09-03,18.700000762939453,18.700000762939453,18.219999313354492,18.360000610351562,6.6488542556762695,19086790
2001-09-04,18.489999771118164,18.649999618530273,18.350000381469727,18.559999465942383,6.721282958984375,5428504
2001-09-05,18.520000457763672,18.600000381469727,18.260000228881836,18.270000457763672,6.61626672744751,3198759
2001-09-06,18.350000381469727,18.389999389648438,18.030000686645508,18.030000686645508,6.529350757598877,3274405
2001-09-07,17.959999084472656,18.15999984741211,17.700000762939453,17.700000762939453,6.409846782684326,4139125
2001-09-10,17.799999237060547,18.100000381469727,17.530000686645508,17.6299991607666,6.384495735168457,4856351
2001-09-11,17.739999771118164,18.6200008392334,17.600000381469727,18.440000534057617,6.677828311920166,11403240
2001-09-12,17.899999618530273,18.420000076293945,17.510000228881836,17.690000534057617,6.406226634979248,8053628
2001-09-13,17.600000381469727,17.729999542236328,17.350000381469727,17.579999923706055,6.36638879776001,5149611
2001-09-14,17.329999923706055,17.579999923706055,17.020000457763672,17.18000030517578,6.221532821655273,5992400
2001-09-17,17.059999465942383,17.350000381469727,16.65999984741211,17.1299991607666,6.203426361083984,6144844
2001-09-18,17.100000381469727,17.100000381469727,16.600000381469727,16.8799991607666,6.112891674041748,5772464
2001-09-19,16.760000228881836,16.850000381469727,15.9399995803833,15.949999809265137,5.776103496551514,13910550
2001-09-20,15.899999618530273,15.899999618530273,14.819999694824219,15.170000076293945,5.493636131286621,19526160
2001-09-21,14.899999618530273,15.0,13.75,14.260000228881836,5.164090633392334,16676290
2001-09-24,14.520000457763672,14.800000190734863,14.40999984741211,14.720000267028809,5.3306732177734375,6638359
2001-09-25,14.670000076293945,14.949999809265137,14.199999809265137,14.84000015258789,5.3741302490234375,12647530
2001-09-26,14.710000038146973,15.449999809265137,14.600000381469727,14.960000038146973,5.417586803436279,6171303
2001-09-27,15.010000228881836,15.550000190734863,14.829999923706055,15.470000267028809,5.6022772789001465,5015993
2001-10-01,15.979999542236328,15.979999542236328,15.399999618530273,15.449999809265137,5.595035552978516,6540607
2001-10-02,15.449999809265137,16.0,15.300000190734863,15.899999618530273,5.757996082305908,4974428
2001-10-03,15.989999771118164,15.989999771118164,15.319999694824219,15.470000267028809,5.6022772789001465,6807376
2001-10-04,15.729999542236328,16.030000686645508,15.5600004196167,15.770000457763672,5.7109198570251465,6005486
2001-10-05,15.779999732971191,15.779999732971191,14.710000038146973,14.75,5.341536521911621,9109728
2001-10-08,14.75,15.140000343322754,14.300000190734863,15.140000343322754,5.482773780822754,10018440
2001-10-09,15.039999961853027,15.520000457763672,14.899999618530273,15.0,5.432073593139648,8011297
2001-10-10,14.949999809265137,15.829999923706055,14.899999618530273,15.829999923706055,5.7326483726501465,10101190
2001-10-11,15.979999542236328,15.979999542236328,15.5,15.720000267028809,5.692812919616699,4668711
2001-10-15,15.539999961853027,15.930000305175781,15.529999732971191,15.930000305175781,5.768862247467041,7081162
2001-10-17,16.200000762939453,16.649999618530273,16.1200008392334,16.510000228881836,5.9789018630981445,7812294
2001-10-18,16.260000228881836,16.299999237060547,15.949999809265137,15.949999809265137,5.776103496551514,4800334
2001-10-19,15.899999618530273,15.90999984741211,15.319999694824219,15.40999984741211,5.58054780960083,7142834
2001-10-22,15.699999809265137,15.9399995803833,15.399999618530273,15.84000015258789,5.736268520355225,5102012
2001-10-23,16.030000686645508,16.149999618530273,15.899999618530273,16.1200008392334,5.837667465209961,9943864
2001-10-24,16.1200008392334,16.209999084472656,15.800000190734863,16.0,5.794210433959961,7451976
2001-10-25,15.989999771118164,16.100000381469727,15.399999618530273,15.680000305175781,5.6783270835876465,4301107
2001-10-29,16.299999237060547,16.479999542236328,15.960000038146973,16.079999923706055,5.823183059692383,3010923
2001-10-30,15.949999809265137,16.0,15.569999694824219,15.729999542236328,5.696432113647461,3571035
2001-10-31,15.600000381469727,16.149999618530273,15.520000457763672,16.100000381469727,5.830424785614014,6676507
2001-11-01,16.030000686645508,16.030000686645508,15.520000457763672,15.850000381469727,5.739890098571777,3138173
2001-11-02,15.970000267028809,16.0,15.470000267028809,15.670000076293945,5.67470645904541,4295676
2001-11-05,15.859999656677246,16.100000381469727,15.649999618530273,16.100000381469727,5.830424785614014,3411199
2001-11-06,16.190000534057617,16.190000534057617,15.75,15.8100004196167,5.725405216217041,4667018
2001-11-07,15.899999618530273,16.0,15.520000457763672,16.0,5.794210433959961,6198302
2001-11-08,15.989999771118164,16.780000686645508,15.90999984741211,16.780000686645508,6.076679706573486,8840358
2001-11-09,16.649999618530273,16.850000381469727,16.43000030517578,16.65999984741211,6.033222675323486,4912150
2001-11-12,16.799999237060547,16.899999618530273,16.420000076293945,16.649999618530273,6.029603004455566,4877567
2001-11-13,16.760000228881836,16.969999313354492,16.510000228881836,16.799999237060547,6.083919525146484,5996021
2001-11-14,16.829999923706055,17.0,16.0,16.200000762939453,5.866638660430908,11562950
2001-11-15,15.880000114440918,15.989999771118164,15.100000381469727,15.100000381469727,5.468286514282227,16454290
2001-11-16,15.199999809265137,15.399999618530273,14.720000267028809,15.149999618530273,5.486393928527832,14307690
2001-11-19,15.399999618530273,15.720000267028809,15.300000190734863,15.600000381469727,5.649354934692383,5989834
2001-11-20,15.609999656677246,15.930000305175781,15.369999885559082,15.75,5.703678131103516,7087569
2001-11-21,15.819999694824219,16.020000457763672,15.619999885559082,15.6899995803833,5.681947708129883,4499468
2001-11-22,15.75,16.200000762939453,15.729999542236328,16.200000762939453,5.866638660430908,4783023
2001-11-23,16.299999237060547,16.3799991607666,15.75,16.100000381469727,5.830424785614014,7227431
2001-11-26,16.149999618530273,16.25,15.789999961853027,15.890000343322754,5.75437593460083,4334046
2001-11-27,15.850000381469727,16.040000915527344,15.510000228881836,15.649999618530273,5.6674604415893555,6466978
2001-11-28,15.5,15.899999618530273,15.460000038146973,15.75,5.703678131103516,4925308
2001-11-29,15.729999542236328,15.960000038146973,15.550000190734863,15.600000381469727,5.649354934692383,3868577
2001-11-30,15.699999809265137,15.920000076293945,15.470000267028809,15.699999809265137,5.685568809509277,9384228
2001-12-03,15.859999656677246,16.100000381469727,15.520000457763672,16.049999237060547,5.812316417694092,5799158
2001-12-04,16.100000381469727,16.440000534057617,16.059999465942383,16.350000381469727,5.920960426330566,6622054
2001-12-05,15.90999984741211,16.469999313354492,15.8100004196167,16.469999313354492,5.964415550231934,11704640
2001-12-07,16.389999389648438,16.389999389648438,16.079999923706055,16.219999313354492,5.873880863189697,5216326
2001-12-10,16.25,16.25,15.850000381469727,15.960000038146973,5.779726505279541,6421671
2001-12-11,15.859999656677246,16.280000686645508,15.779999732971191,16.229999542236328,5.877501010894775,7535603
2001-12-12,16.18000030517578,16.18000030517578,15.699999809265137,15.699999809265137,5.685568809509277,6468458
2001-12-13,15.819999694824219,15.850000381469727,15.449999809265137,15.449999809265137,5.595035552978516,8634051
2001-12-14,15.59000015258789,15.760000228881836,15.470000267028809,15.699999809265137,5.685568809509277,9242850
2001-12-17,15.75,16.049999237060547,15.710000038146973,16.010000228881836,5.797832012176514,7724152
2001-12-19,15.699999809265137,15.970000267028809,15.699999809265137,15.9399995803833,5.772482872009277,11538460
2001-12-20,16.0,16.0,15.25,15.600000381469727,5.649354934692383,15097870
2001-12-21,15.369999885559082,15.890000343322754,15.170000076293945,15.720000267028809,5.692812919616699,11828600
2001-12-27,15.680000305175781,16.15999984741211,15.680000305175781,16.15999984741211,5.85215425491333,7713272
2001-12-28,16.170000076293945,16.3799991607666,16.1200008392334,16.3799991607666,5.931823253631592,15972930
2002-01-02,16.079999923706055,16.200000762939453,15.859999656677246,16.079999923706055,5.823183059692383,10664538
2002-01-03,16.18000030517578,16.18000030517578,15.899999618530273,16.18000030517578,5.859395980834961,24801488
2002-01-04,15.539999961853027,16.170000076293945,15.520000457763672,15.539999961853027,5.627627849578857,31778184
2002-01-07,14.319999694824219,15.380000114440918,14.319999694824219,14.319999694824219,5.185818672180176,42102400
2002-01-08,14.119999885559082,14.619999885559082,13.930000305175781,14.119999885559082,5.11338996887207,32032420
2002-01-09,13.699999809265137,14.270000457763672,13.520000457763672,13.699999809265137,4.961292266845703,22039388
2002-01-10,14.300000190734863,14.350000381469727,13.850000381469727,14.300000190734863,5.1785759925842285,29205160
2002-01-11,14.449999809265137,14.449999809265137,14.079999923706055,14.449999809265137,5.310888767242432,16791312
2002-01-14,13.9399995803833,14.25,13.720000267028809,13.9399995803833,5.123445987701416,20076300
2002-01-15,14.119999885559082,14.140000343322754,13.729999542236328,14.119999885559082,5.189601898193359,29327716
2002-01-16,13.649999618530273,13.989999771118164,13.489999771118164,13.649999618530273,5.0168585777282715,11705160
2002-01-17,13.829999923706055,13.970000267028809,13.609999656677246,13.829999923706055,5.083016872406006,7911512
2002-01-18,13.75,13.880000114440918,13.510000228881836,13.75,5.053613185882568,11041521
2002-01-21,13.399999618530273,13.699999809265137,13.220000267028809,13.399999618530273,4.924976825714111,8409106
2002-01-22,13.199999809265137,13.369999885559082,12.930000305175781,13.199999809265137,4.851469993591309,17847408
2002-01-23,13.149999618530273,13.300000190734863,12.989999771118164,13.149999618530273,4.83309268951416,10082582
2002-01-24,13.319999694824219,13.449999809265137,13.050000190734863,13.319999694824219,4.89557409286499,10526116
2002-01-25,13.869999885559082,13.869999885559082,13.300000190734863,13.869999885559082,5.097719192504883,12183099
2002-01-28,14.010000228881836,14.130000114440918,13.75,14.010000228881836,5.149174213409424,6549340
2002-01-29,13.760000228881836,14.15999984741211,13.619999885559082,13.760000228881836,5.0572896003723145,8429415
2002-01-30,13.720000267028809,13.729999542236328,13.40999984741211,13.720000267028809,5.042588233947754,5960525
2002-01-31,13.899999618530273,13.90999984741211,13.529999732971191,13.899999618530273,5.108743190765381,6344376
2002-02-01,14.0600004196167,14.140000343322754,13.710000038146973,14.0600004196167,5.167551040649414,10985528
2002-02-04,13.699999809265137,13.979999542236328,13.5,13.699999809265137,5.035237789154053,9604384
2002-02-05,13.510000228881836,13.630000114440918,13.25,13.510000228881836,4.9654059410095215,8312492
2002-02-06,13.199999809265137,13.539999961853027,13.199999809265137,13.199999809265137,4.851469993591309,7920182
2002-02-07,13.470000267028809,13.470000267028809,13.050000190734863,13.470000267028809,4.950704574584961,8446051
2002-02-08,13.5,13.5600004196167,13.229999542236328,13.5,4.961730003356934,8170769
2002-02-11,13.470000267028809,13.649999618530273,13.329999923706055,13.470000267028809,4.950704574584961,11701758
2002-02-12,13.619999885559082,13.640000343322754,13.449999809265137,13.619999885559082,5.00583553314209,9589237
2002-02-13,13.5,13.59000015258789,13.34000015258789,13.5,4.961730003356934,11723206
2002-02-14,13.710000038146973,13.710000038146973,13.199999809265137,13.710000038146973,5.038913726806641,17224932
2002-02-15,13.899999618530273,14.0,13.5600004196167,13.899999618530273,5.108743190765381,14504815
2002-02-18,13.579999923706055,13.930000305175781,13.5600004196167,13.579999923706055,4.9911322593688965,10560184
2002-02-19,13.470000267028809,13.579999923706055,13.380000114440918,13.470000267028809,4.950704574584961,10984806
2002-02-20,13.40999984741211,13.600000381469727,13.260000228881836,13.40999984741211,4.928651809692383,12577377
2002-02-21,13.449999809265137,13.579999923706055,13.329999923706055,13.449999809265137,4.943353652954102,7603495
2002-02-22,13.300000190734863,13.449999809265137,13.25,13.300000190734863,4.888221740722656,9375662
2002-02-25,13.649999618530273,13.720000267028809,13.359999656677246,13.649999618530273,5.0168585777282715,5100984
2002-02-26,13.899999618530273,14.0,13.710000038146973,13.899999618530273,5.108743190765381,6606623
2002-02-27,14.520000457763672,14.529999732971191,13.949999809265137,14.520000457763672,5.336615562438965,12829913
2002-02-28,14.289999961853027,14.4399995803833,14.229999542236328,14.289999961853027,5.2520833015441895,13381239
2002-03-01,14.239999771118164,14.949999809265137,13.979999542236328,14.880000114440918,5.468930721282959,15151760
2002-03-04,15.0,15.100000381469727,14.619999885559082,15.020000457763672,5.520383834838867,9462762
2002-03-05,14.949999809265137,14.949999809265137,14.640000343322754,14.829999923706055,5.450552463531494,9692271
2002-03-06,14.5600004196167,14.859999656677246,14.5600004196167,14.710000038146973,5.4064483642578125,13773600
2002-03-07,14.869999885559082,14.979999542236328,14.760000228881836,14.979999542236328,5.505682468414307,8736207
2002-03-08,14.920000076293945,15.329999923706055,14.859999656677246,15.3100004196167,5.626969337463379,9974116
2002-03-11,15.380000114440918,15.65999984741211,15.170000076293945,15.600000381469727,5.733554840087891,15898830
2002-03-12,15.470000267028809,15.680000305175781,15.199999809265137,15.680000305175781,5.76295804977417,14430830
2002-03-13,15.640000343322754,15.649999618530273,15.420000076293945,15.449999809265137,5.678422927856445,5541281
2002-03-14,15.479999542236328,15.529999732971191,15.210000038146973,15.350000381469727,5.641671180725098,4854206
2002-03-15,15.399999618530273,15.699999809265137,15.359999656677246,15.449999809265137,5.678422927856445,19850740
2002-03-18,15.59000015258789,15.649999618530273,15.5,15.649999618530273,5.7519307136535645,6520553
2002-03-19,15.739999771118164,15.84000015258789,15.6899995803833,15.770000457763672,5.796037673950195,11809890
2002-03-20,15.789999961853027,15.859999656677246,15.479999542236328,15.5,5.6967997550964355,10540630
2002-03-21,15.350000381469727,15.4399995803833,15.270000457763672,15.270000457763672,5.612268447875977,4323665
2002-03-22,15.390000343322754,15.399999618530273,15.050000190734863,15.25,5.604917526245117,5169299
2002-03-25,15.119999885559082,15.140000343322754,14.699999809265137,14.760000228881836,5.424822807312012,6623976
2002-03-26,14.600000381469727,14.6899995803833,14.1899995803833,14.449999809265137,5.310888767242432,11199100
2002-03-27,14.65999984741211,14.670000076293945,14.279999732971191,14.569999694824219,5.354992389678955,5543635
2002-04-02,14.619999885559082,14.739999771118164,14.479999542236328,14.619999885559082,5.37337064743042,15156334
2002-04-03,14.850000381469727,14.9399995803833,14.5,14.850000381469727,5.457903861999512,6277210
2002-04-04,14.520000457763672,14.949999809265137,14.5,14.520000457763672,5.336615562438965,6433238
2002-04-05,14.5,14.720000267028809,14.460000038146973,14.5,5.32926607131958,5821081
2002-04-08,14.300000190734863,14.569999694824219,14.109999656677246,14.300000190734863,5.255759239196777,5502519
2002-04-09,14.199999809265137,14.420000076293945,14.100000381469727,14.199999809265137,5.219004154205322,5319902
2002-04-10,13.949999809265137,14.109999656677246,13.930000305175781,13.949999809265137,5.127120494842529,17431604
2002-04-11,14.020000457763672,14.149999618530273,13.779999732971191,14.020000457763672,5.152849197387695,6668726
2002-04-12,13.850000381469727,14.039999961853027,13.819999694824219,13.850000381469727,5.090366840362549,5585040
2002-04-15,14.020000457763672,14.020000457763672,13.829999923706055,14.020000457763672,5.152849197387695,2435285
2002-04-16,14.1899995803833,14.1899995803833,13.930000305175781,14.1899995803833,5.215330123901367,6723854
2002-04-17,14.279999732971191,14.359999656677246,14.210000038146973,14.279999732971191,5.24840784072876,6972375
2002-04-18,14.369999885559082,14.529999732971191,14.279999732971191,14.369999885559082,5.2814860343933105,8644604
2002-04-19,14.380000114440918,14.399999618530273,14.149999618530273,14.380000114440918,5.285161018371582,3511760
2002-04-22,14.180000305175781,14.350000381469727,14.050000190734863,14.180000305175781,5.211655139923096,3802629
2002-04-23,14.149999618530273,14.270000457763672,13.899999618530273,14.149999618530273,5.200628280639648,4383706
2002-04-24,14.0,14.170000076293945,13.890000343322754,14.0,5.1454973220825195,6248300
2002-04-25,13.779999732971191,13.979999542236328,13.5600004196167,13.779999732971191,5.064639568328857,7150502
2002-04-26,13.65999984741211,13.739999771118164,13.5,13.65999984741211,5.020534038543701,6773968
2002-04-29,13.630000114440918,13.760000228881836,13.40999984741211,13.630000114440918,5.009509563446045,4363026
2002-04-30,13.630000114440918,13.84000015258789,13.550000190734863,13.630000114440918,5.009509563446045,3972510
2002-05-02,13.569999694824219,13.800000190734863,13.329999923706055,13.569999694824219,4.9874587059021,5667996
2002-05-03,13.319999694824219,13.6899995803833,13.300000190734863,13.319999694824219,4.89557409286499,8141572
2002-05-06,13.0,13.399999618530273,12.920000076293945,13.0,4.777961730957031,5563359
2002-05-07,12.829999923706055,12.949999809265137,12.529999732971191,12.829999923706055,4.715480804443359,10992703
2002-05-08,13.239999771118164,13.350000381469727,12.800000190734863,13.239999771118164,4.8661699295043945,8576843
2002-05-09,12.930000305175781,13.380000114440918,12.880000114440918,12.930000305175781,4.752235412597656,6022368
2002-05-10,12.670000076293945,12.979999542236328,12.640000343322754,12.670000076293945,4.656674385070801,6001749
2002-05-13,12.890000343322754,12.920000076293945,12.550000190734863,12.890000343322754,4.737533092498779,3826729
2002-05-14,13.109999656677246,13.279999732971191,12.859999656677246,13.109999656677246,4.818390369415283,6467236
2002-05-15,14.0,14.119999885559082,13.130000114440918,14.0,5.1454973220825195,15649091
2002-05-16,13.5600004196167,13.9399995803833,13.170000076293945,13.5600004196167,4.983781814575195,13686332
2002-05-17,13.34000015258789,13.920000076293945,13.34000015258789,13.34000015258789,4.902923583984375,9457113
2002-05-20,13.25,13.520000457763672,13.199999809265137,13.25,4.869844913482666,3798433
2002-05-21,13.369999885559082,13.510000228881836,13.15999984741211,13.369999885559082,4.913950443267822,8706572
2002-05-22,13.119999885559082,13.430000305175781,13.069999694824219,13.119999885559082,4.822066307067871,5170626
2002-05-23,13.149999618530273,13.289999961853027,13.0,13.149999618530273,4.83309268951416,9645919
2002-05-24,13.34000015258789,13.449999809265137,13.119999885559082,13.34000015258789,4.902923583984375,3583082
2002-05-27,13.5,13.5,13.199999809265137,13.5,4.961730003356934,2827054
2002-05-28,13.25,13.550000190734863,13.149999618530273,13.25,4.869844913482666,4955443
2002-05-29,13.010000228881836,13.229999542236328,12.970000267028809,13.010000228881836,4.781636714935303,4922675
2002-05-30,12.739999771118164,13.09000015258789,12.680000305175781,12.739999771118164,4.682403087615967,7284155
2002-05-31,12.579999923706055,12.819999694824219,12.579999923706055,12.579999923706055,4.623597145080566,15819779
2002-06-03,12.600000381469727,12.850000381469727,12.539999961853027,12.600000381469727,4.630948543548584,6312159
2002-06-04,12.119999885559082,12.600000381469727,12.109999656677246,12.119999885559082,4.454531669616699,5969168
2002-06-05,11.850000381469727,12.260000228881836,11.850000381469727,11.850000381469727,4.355297088623047,5802723
2002-06-06,11.890000343322754,12.149999618530273,11.880000114440918,11.890000343322754,4.369998455047607,5890807
2002-06-07,11.800000190734863,11.890000343322754,11.630000114440918,11.800000190734863,4.33691930770874,7289497
2002-06-10,11.800000190734863,12.050000190734863,11.739999771118164,11.800000190734863,4.33691930770874,2968047
2002-06-11,11.760000228881836,11.920000076293945,11.510000228881836,11.760000228881836,4.322218418121338,6664395
2002-06-12,11.300000190734863,11.800000190734863,11.300000190734863,11.300000190734863,4.153151035308838,6147351
2002-06-13,11.15999984741211,11.529999732971191,11.100000381469727,11.15999984741211,4.101696491241455,5700711
2002-06-14,10.75,11.270000457763672,10.649999618530273,10.75,3.9510080814361572,9845062
2002-06-17,12.029999732971191,12.0600004196167,11.199999809265137,12.029999732971191,4.421452045440674,15903192
2002-06-18,12.539999961853027,12.619999885559082,12.119999885559082,12.539999961853027,4.608895778656006,13069390
2002-06-19,12.149999618530273,12.430000305175781,12.100000381469727,12.149999618530273,4.4655561447143555,8209287
2002-06-20,11.90999984741211,12.149999618530273,11.850000381469727,11.90999984741211,4.377349376678467,4916251
2002-06-21,12.039999961853027,12.140000343322754,11.399999618530273,12.039999961853027,4.42512845993042,18147092
2002-06-24,11.399999618530273,11.899999618530273,11.399999618530273,11.399999618530273,4.189905166625977,15645975
2002-06-25,11.699999809265137,11.880000114440918,11.529999732971191,11.699999809265137,4.300165176391602,9147097
2002-06-26,11.390000343322754,11.550000190734863,10.970000267028809,11.390000343322754,4.186230659484863,7782156
2002-06-27,11.5,11.630000114440918,11.229999542236328,11.5,4.226659774780273,13624277
2002-06-28,11.9399995803833,12.029999732971191,11.600000381469727,11.9399995803833,4.388375282287598,6358766
2002-07-01,12.15999984741211,12.399999618530273,11.770000457763672,12.15999984741211,4.469232082366943,7509126
2002-07-02,11.5,11.979999542236328,11.460000038146973,11.5,4.226659774780273,8794956
2002-07-03,11.220000267028809,11.710000038146973,11.220000267028809,11.220000267028809,4.123747825622559,8628780
2002-07-04,11.380000114440918,11.550000190734863,11.229999542236328,11.380000114440918,4.182554721832275,5024184
2002-07-05,12.420000076293945,12.600000381469727,11.579999923706055,12.420000076293945,4.564792156219482,12858615
2002-07-08,12.369999885559082,12.789999961853027,12.100000381469727,12.369999885559082,4.546414852142334,16992924
2002-07-09,12.359999656677246,12.699999809265137,12.199999809265137,12.359999656677246,4.542738914489746,10458075
2002-07-10,12.449999809265137,12.579999923706055,12.140000343322754,12.449999809265137,4.575817108154297,6335054
2002-07-11,12.020000457763672,12.4399995803833,12.020000457763672,12.020000457763672,4.4177775382995605,7882762
2002-07-12,12.210000038146973,12.449999809265137,11.899999618530273,12.210000038146973,4.487608909606934,5818266
2002-07-15,11.550000190734863,12.319999694824219,11.420000076293945,11.550000190734863,4.2450361251831055,6630684
2002-07-16,11.350000381469727,11.8100004196167,10.989999771118164,11.350000381469727,4.171529293060303,8836944
2002-07-17,11.880000114440918,11.970000267028809,11.199999809265137,11.880000114440918,4.3663225173950195,9806651
2002-07-18,12.399999618530273,12.800000190734863,11.899999618530273,12.399999618530273,4.557441711425781,10262531
2002-07-19,11.770000457763672,12.380000114440918,11.699999809265137,11.770000457763672,4.325893402099609,7731607
2002-07-22,10.989999771118164,11.630000114440918,10.989999771118164,10.989999771118164,4.039216041564941,9714363
2002-07-23,10.800000190734863,11.369999885559082,10.600000381469727,10.800000190734863,3.9693844318389893,10513621
2002-07-24,10.859999656677246,10.880000114440918,10.149999618530273,10.859999656677246,3.991436004638672,9202072
2002-07-25,11.100000381469727,11.300000190734863,10.899999618530273,11.100000381469727,4.079645156860352,7253914
2002-07-26,11.520000457763672,11.520000457763672,10.670000076293945,11.520000457763672,4.234010219573975,6139745
2002-07-29,12.25,12.289999961853027,11.420000076293945,12.25,4.502309322357178,8130340
2002-07-30,12.220000267028809,12.789999961853027,12.220000267028809,12.220000267028809,4.491283893585205,10613440
2002-07-31,12.40999984741211,12.720000267028809,12.279999732971191,12.40999984741211,4.561116695404053,9739576
2002-08-01,12.149999618530273,12.75,12.0600004196167,12.149999618530273,4.4655561447143555,8527484
2002-08-02,12.220000267028809,12.350000381469727,12.020000457763672,12.220000267028809,4.491283893585205,8907847
2002-08-05,12.119999885559082,12.550000190734863,12.010000228881836,12.119999885559082,4.454531669616699,4599008
2002-08-06,12.449999809265137,12.569999694824219,11.75,12.449999809265137,4.575817108154297,5678752
2002-08-07,12.199999809265137,12.569999694824219,12.149999618530273,12.199999809265137,4.483933925628662,7860874
2002-08-08,12.75,12.9399995803833,12.350000381469727,12.75,4.686078071594238,7924394
2002-08-09,13.199999809265137,13.399999618530273,12.890000343322754,13.199999809265137,4.851469993591309,12583324
2002-08-12,13.239999771118164,13.300000190734863,12.949999809265137,13.239999771118164,4.8661699295043945,2807405
2002-08-13,13.100000381469727,13.3100004196167,12.90999984741211,13.100000381469727,4.814716815948486,5418783
2002-08-14,12.609999656677246,13.109999656677246,12.539999961853027,12.609999656677246,4.6346235275268555,4729159
2002-08-16,13.079999923706055,13.199999809265137,12.899999618530273,13.079999923706055,4.807366371154785,6631813
2002-08-19,13.380000114440918,13.4399995803833,13.0,13.380000114440918,4.91762638092041,4818030
2002-08-20,13.229999542236328,13.489999771118164,13.220000267028809,13.229999542236328,4.862494945526123,6038515
2002-08-21,13.350000381469727,13.8100004196167,13.199999809265137,13.350000381469727,4.906599044799805,5786907
2002-08-22,13.75,13.75,13.300000190734863,13.75,5.053613185882568,5727253
2002-08-23,13.359999656677246,13.779999732971191,13.329999923706055,13.359999656677246,4.910274505615234,6038658
2002-08-26,13.3100004196167,13.680000305175781,13.3100004196167,13.3100004196167,4.891899585723877,2685659
2002-08-27,13.579999923706055,13.75,13.300000190734863,13.579999923706055,4.9911322593688965,5157426
2002-08-28,13.300000190734863,13.5600004196167,13.270000457763672,13.300000190734863,4.888221740722656,7248002
2002-08-29,13.25,13.380000114440918,13.09000015258789,13.25,4.869844913482666,5903008
2002-08-30,13.300000190734863,13.449999809265137,12.920000076293945,13.300000190734863,4.888221740722656,7935361
2002-09-02,13.0600004196167,13.470000267028809,13.029999732971191,13.0600004196167,4.800014972686768,3796160
2002-09-03,12.699999809265137,13.0,12.630000114440918,12.699999809265137,4.66770076751709,8160388
2002-09-04,12.5,12.8100004196167,12.350000381469727,12.5,4.594195365905762,9350235
2002-09-05,12.350000381469727,12.890000343322754,12.069999694824219,12.350000381469727,4.539063453674316,10390397
2002-09-06,13.0600004196167,13.0600004196167,12.220000267028809,13.0600004196167,4.800014972686768,5376837
2002-09-09,13.050000190734863,13.180000305175781,12.819999694824219,13.050000190734863,4.796339988708496,5552519
2002-09-10,13.5,13.520000457763672,13.0,13.5,4.961730003356934,5846981
2002-09-11,13.829999923706055,13.829999923706055,13.359999656677246,13.829999923706055,5.083016872406006,4943934
2002-09-12,13.119999885559082,13.720000267028809,13.119999885559082,13.119999885559082,4.822066307067871,6701713
2002-09-13,12.970000267028809,13.239999771118164,12.619999885559082,12.970000267028809,4.766936779022217,7951682
2002-09-16,12.880000114440918,13.220000267028809,12.829999923706055,12.880000114440918,4.733857154846191,3930503
2002-09-17,12.680000305175781,13.149999618530273,12.65999984741211,12.680000305175781,4.6603522300720215,5807173
2002-09-18,12.229999542236328,12.649999618530273,12.220000267028809,12.229999542236328,4.494959354400635,7099567
2002-09-19,12.130000114440918,12.479999542236328,11.949999809265137,12.130000114440918,4.458205699920654,7644727
2002-09-20,12.149999618530273,12.5600004196167,11.819999694824219,12.149999618530273,4.4655561447143555,14322208
2002-09-23,11.970000267028809,12.529999732971191,11.770000457763672,11.970000267028809,4.39940071105957,13939392
2002-09-24,11.529999732971191,12.199999809265137,11.529999732971191,11.529999732971191,4.2376861572265625,8832227
2002-09-25,11.989999771118164,12.010000228881836,11.380000114440918,11.989999771118164,4.40675163269043,9161886
2002-09-26,12.5,12.5,12.010000228881836,12.5,4.594195365905762,9375376
2002-09-27,12.279999732971191,12.640000343322754,12.279999732971191,12.279999732971191,4.5133376121521,4306241
2002-09-30,11.989999771118164,12.109999656677246,11.529999732971191,11.989999771118164,4.40675163269043,8926060
2002-10-01,11.869999885559082,12.149999618530273,11.609999656677246,11.869999885559082,4.362646102905273,5744093
2002-10-02,12.4399995803833,12.4399995803833,12.0600004196167,12.4399995803833,4.572144031524658,8312182
2002-10-03,12.3100004196167,12.479999542236328,12.069999694824219,12.3100004196167,4.524361610412598,5537934
2002-10-04,12.079999923706055,12.279999732971191,11.960000038146973,12.079999923706055,4.439829349517822,7450657
2002-10-07,11.949999809265137,12.109999656677246,11.819999694824219,11.949999809265137,4.3920488357543945,6257603
2002-10-08,11.75,12.350000381469727,11.579999923706055,11.75,4.31854248046875,15579368
2002-10-09,11.1899995803833,11.850000381469727,11.020000457763672,11.1899995803833,4.112723350524902,10317064
2002-10-10,11.149999618530273,11.25,10.59000015258789,11.149999618530273,4.098021030426025,12485515
2002-10-11,11.5,11.529999732971191,11.149999618530273,11.5,4.226659774780273,7668720
2002-10-14,11.25,11.670000076293945,11.239999771118164,11.25,4.134774684906006,6516605
2002-10-15,11.699999809265137,11.850000381469727,11.390000343322754,11.699999809265137,4.300165176391602,10835486
2002-10-16,11.430000305175781,11.760000228881836,11.199999809265137,11.430000305175781,4.200931549072266,10903741
2002-10-17,11.800000190734863,11.930000305175781,11.449999809265137,11.800000190734863,4.33691930770874,5694343
2002-10-18,11.899999618530273,12.029999732971191,11.420000076293945,11.899999618530273,4.373672962188721,7139405
2002-10-21,11.800000190734863,11.880000114440918,11.5600004196167,11.800000190734863,4.33691930770874,4786361
2002-10-22,11.0,11.770000457763672,11.0,11.0,4.0428900718688965,12981523
2002-10-23,10.800000190734863,11.34000015258789,10.800000190734863,10.800000190734863,3.9693844318389893,6060868
2002-10-24,11.199999809265137,11.199999809265137,10.899999618530273,11.199999809265137,4.116398334503174,4836748
2002-10-25,11.260000228881836,11.319999694824219,10.850000381469727,11.260000228881836,4.1384501457214355,3472750
2002-10-28,11.119999885559082,11.550000190734863,11.119999885559082,11.119999885559082,4.086995601654053,4864322
2002-10-29,10.760000228881836,11.279999732971191,10.760000228881836,10.760000228881836,3.9546828269958496,5520210
2002-10-30,10.920000076293945,10.979999542236328,10.729999542236328,10.920000076293945,4.013487815856934,7038886
2002-10-31,11.420000076293945,11.420000076293945,10.859999656677246,11.420000076293945,4.197256088256836,7282602
2002-11-04,11.4399995803833,11.739999771118164,11.260000228881836,11.4399995803833,4.204606533050537,7075356
2002-11-05,11.449999809265137,11.449999809265137,11.199999809265137,11.449999809265137,4.208282947540283,5626819
2002-11-06,11.319999694824219,11.619999885559082,11.319999694824219,11.319999694824219,4.160501003265381,5579050
2002-11-07,11.020000457763672,11.59000015258789,11.020000457763672,11.020000457763672,4.050241470336914,9052957
2002-11-08,11.109999656677246,11.4399995803833,11.0600004196167,11.109999656677246,4.083320140838623,4987451
2002-11-11,11.359999656677246,11.520000457763672,11.050000190734863,11.359999656677246,4.175203800201416,5274492
2002-11-12,11.989999771118164,12.199999809265137,11.34000015258789,11.989999771118164,4.40675163269043,15516919
2002-11-13,11.989999771118164,12.260000228881836,11.8100004196167,11.989999771118164,4.40675163269043,9136485
2002-11-14,11.890000343322754,12.100000381469727,11.630000114440918,11.890000343322754,4.369998455047607,5238927
2002-11-15,11.609999656677246,12.199999809265137,11.579999923706055,11.609999656677246,4.267088413238525,8977777
2002-11-18,11.949999809265137,12.020000457763672,11.649999618530273,11.949999809265137,4.3920488357543945,3636771
2002-11-19,11.949999809265137,12.170000076293945,11.850000381469727,11.949999809265137,4.3920488357543945,4484099
2002-11-20,11.880000114440918,12.109999656677246,11.789999961853027,11.880000114440918,4.3663225173950195,7243066
2002-11-21,12.420000076293945,12.470000267028809,12.010000228881836,12.420000076293945,4.564792156219482,9280424
2002-11-22,12.380000114440918,12.5,12.100000381469727,12.380000114440918,4.550090312957764,5649680
2002-11-25,12.470000267028809,12.630000114440918,12.380000114440918,12.470000267028809,4.583168029785156,6171028
2002-11-26,12.430000305175781,12.680000305175781,12.350000381469727,12.430000305175781,4.5684661865234375,7725094
2002-11-27,12.699999809265137,12.699999809265137,12.300000190734863,12.699999809265137,4.66770076751709,5740625
2002-11-28,12.65999984741211,12.880000114440918,12.550000190734863,12.65999984741211,4.653000831604004,3606942
2002-11-29,12.65999984741211,12.869999885559082,12.520000457763672,12.65999984741211,4.653000831604004,5495031
2002-12-02,12.729999542236328,12.960000038146973,12.5600004196167,12.729999542236328,4.678726673126221,7375604
2002-12-03,12.609999656677246,13.029999732971191,12.579999923706055,12.609999656677246,4.6346235275268555,4553178
2002-12-04,12.59000015258789,12.760000228881836,12.430000305175781,12.59000015258789,4.6272711753845215,4645576
2002-12-05,12.489999771118164,12.979999542236328,12.449999809265137,12.489999771118164,4.590518951416016,5839825
2002-12-09,12.210000038146973,12.369999885559082,12.029999732971191,12.210000038146973,4.487608909606934,10162051
2002-12-10,12.300000190734863,12.390000343322754,12.109999656677246,12.300000190734863,4.520687103271484,4837911
2002-12-11,12.6899995803833,12.760000228881836,12.3100004196167,12.6899995803833,4.664026260375977,7170844
2002-12-12,12.5,12.789999961853027,12.229999542236328,12.5,4.594195365905762,5119397
2002-12-13,12.020000457763672,12.550000190734863,12.010000228881836,12.020000457763672,4.4177775382995605,8023518
2002-12-16,12.489999771118164,12.510000228881836,11.979999542236328,12.489999771118164,4.590518951416016,5488408
2002-12-17,12.5,12.760000228881836,12.34000015258789,12.5,4.594195365905762,4927436
2002-12-18,12.220000267028809,12.670000076293945,12.100000381469727,12.220000267028809,4.491283893585205,6399696
2002-12-19,12.199999809265137,12.479999542236328,12.100000381469727,12.199999809265137,4.483933925628662,14661270
2002-12-20,12.779999732971191,12.779999732971191,12.229999542236328,12.779999732971191,4.697104454040527,19668458
2002-12-23,12.960000038146973,12.989999771118164,12.619999885559082,12.960000038146973,4.763261795043945,21296220
2002-12-27,12.420000076293945,12.899999618530273,12.420000076293945,12.420000076293945,4.564792156219482,3394390
2002-12-30,12.600000381469727,12.649999618530273,12.270000457763672,12.600000381469727,4.630948543548584,5933336
2003-01-02,13.119999885559082,13.1899995803833,12.609999656677246,13.119999885559082,4.822066307067871,14513281
2003-01-03,12.6899995803833,13.25,12.6899995803833,12.6899995803833,4.664026260375977,5517982
2003-01-07,12.829999923706055,13.050000190734863,12.760000228881836,12.829999923706055,4.715480804443359,28080062
2003-01-08,12.9399995803833,13.109999656677246,12.720000267028809,12.9399995803833,4.755911350250244,8825369
2003-01-09,12.850000381469727,13.149999618530273,12.699999809265137,12.850000381469727,4.722831726074219,10383450
2003-01-10,12.979999542236328,13.09000015258789,12.8100004196167,12.979999542236328,4.770611763000488,28749968
2003-01-13,12.9399995803833,13.350000381469727,12.890000343322754,12.9399995803833,4.755911350250244,29635394
2003-01-14,13.369999885559082,13.369999885559082,12.800000190734863,13.369999885559082,4.913950443267822,25386768
2003-01-15,13.75,13.8100004196167,13.270000457763672,13.75,5.053613185882568,34784084
2003-01-16,13.539999961853027,13.789999961853027,13.449999809265137,13.539999961853027,4.976430892944336,55251620
2003-01-17,13.420000076293945,13.59000015258789,13.359999656677246,13.420000076293945,4.932327747344971,31187738
2003-01-20,13.039999961853027,13.539999961853027,13.039999961853027,13.039999961853027,4.792664527893066,6415538
2003-01-21,13.039999961853027,13.380000114440918,12.979999542236328,13.039999961853027,4.792664527893066,7112268
2003-01-22,12.819999694824219,12.949999809265137,12.579999923706055,12.819999694824219,4.766635417938232,20656004
2003-01-23,13.260000228881836,13.289999961853027,12.720000267028809,13.260000228881836,4.930234909057617,59868096
2003-01-24,13.430000305175781,13.699999809265137,13.069999694824219,13.430000305175781,4.993442535400391,34348792
2003-01-27,13.020000457763672,13.489999771118164,12.930000305175781,13.020000457763672,4.841000556945801,11483908
2003-01-28,12.75,12.970000267028809,12.600000381469727,12.75,4.740609645843506,12361783
2003-01-29,12.859999656677246,13.140000343322754,12.359999656677246,12.859999656677246,4.781508922576904,31622784
2003-01-30,13.0600004196167,13.149999618530273,12.859999656677246,13.0600004196167,4.855871677398682,9276018
2003-01-31,13.359999656677246,13.399999618530273,12.699999809265137,13.359999656677246,4.967414855957031,11143256
2003-02-03,13.470000267028809,13.579999923706055,13.25,13.470000267028809,5.008315563201904,6744348
2003-02-04,13.34000015258789,13.65999984741211,13.289999961853027,13.34000015258789,4.9599785804748535,8763364
2003-02-05,13.579999923706055,13.600000381469727,13.210000038146973,13.579999923706055,5.0492143630981445,7308815
2003-02-06,13.4399995803833,13.640000343322754,13.270000457763672,13.4399995803833,4.997160911560059,5275414
2003-02-07,12.920000076293945,13.430000305175781,12.899999618530273,12.920000076293945,4.803818702697754,7838139
2003-02-10,13.010000228881836,13.170000076293945,12.710000038146973,13.010000228881836,4.837280750274658,7019708
2003-02-11,12.949999809265137,13.380000114440918,12.880000114440918,12.949999809265137,4.814972877502441,7736590
2003-02-12,12.880000114440918,12.989999771118164,12.760000228881836,12.880000114440918,4.788944721221924,7018600
2003-02-13,12.880000114440918,13.15999984741211,12.699999809265137,12.880000114440918,4.788944721221924,5303870
2003-02-14,13.100000381469727,13.239999771118164,12.949999809265137,13.100000381469727,4.870745658874512,7832604
2003-02-17,13.579999923706055,13.609999656677246,13.180000305175781,13.579999923706055,5.0492143630981445,5418309
2003-02-18,13.4399995803833,13.699999809265137,13.40999984741211,13.4399995803833,4.997160911560059,8449242
2003-02-19,12.800000190734863,13.600000381469727,12.800000190734863,12.800000190734863,4.759200096130371,32443764
2003-02-20,13.1899995803833,13.1899995803833,12.880000114440918,13.1899995803833,4.904208183288574,10532159
2003-02-21,13.020000457763672,13.140000343322754,12.920000076293945,13.020000457763672,4.841000556945801,5697592
2003-02-24,12.90999984741211,13.140000343322754,12.90999984741211,12.90999984741211,4.800098896026611,5802967
2003-02-25,12.850000381469727,13.279999732971191,12.829999923706055,12.850000381469727,4.777790546417236,11572099
2003-02-26,12.859999656677246,13.100000381469727,12.829999923706055,12.859999656677246,4.781508922576904,7885379
2003-02-27,13.069999694824219,13.270000457763672,12.90999984741211,13.069999694824219,4.85959005355835,7548277
2003-02-28,13.0,13.100000381469727,12.930000305175781,13.0,4.833562850952148,9547072
2003-03-03,12.90999984741211,13.260000228881836,12.90999984741211,12.90999984741211,4.800098896026611,5790510
2003-03-04,12.880000114440918,13.050000190734863,12.829999923706055,12.880000114440918,4.788944721221924,5673373
2003-03-05,13.0600004196167,13.149999618530273,12.819999694824219,13.0600004196167,4.855871677398682,12028947
2003-03-06,13.0600004196167,13.1899995803833,12.90999984741211,13.0600004196167,4.855871677398682,6017396
2003-03-07,12.729999542236328,13.130000114440918,12.729999542236328,12.729999542236328,4.733173370361328,9245270
2003-03-10,12.300000190734863,12.880000114440918,12.15999984741211,12.300000190734863,4.573294639587402,21810908
2003-03-11,12.479999542236328,12.699999809265137,12.149999618530273,12.479999542236328,4.640220642089844,7636201
2003-03-12,11.989999771118164,12.670000076293945,11.960000038146973,11.989999771118164,4.458032608032227,10103175
2003-03-13,12.479999542236328,12.479999542236328,11.789999961853027,12.479999542236328,4.640220642089844,7898501
2003-03-14,12.800000190734863,12.869999885559082,12.40999984741211,12.800000190734863,4.759200096130371,9982022
2003-03-17,13.199999809265137,13.550000190734863,12.40999984741211,13.199999809265137,4.907926559448242,8073575
2003-03-18,13.079999923706055,13.399999618530273,12.970000267028809,13.079999923706055,4.863309383392334,9578495
2003-03-19,13.180000305175781,13.529999732971191,13.029999732971191,13.180000305175781,4.900489807128906,6827236
2003-03-20,13.199999809265137,13.420000076293945,12.979999542236328,13.199999809265137,4.907926559448242,6865185
2003-03-21,13.729999542236328,13.800000190734863,13.25,13.729999542236328,5.104986190795898,22351824
2003-03-24,13.449999809265137,13.640000343322754,13.140000343322754,13.449999809265137,5.000879287719727,16716023
2003-03-25,13.949999809265137,13.989999771118164,13.140000343322754,13.949999809265137,5.186784267425537,8959159
2003-03-26,14.199999809265137,14.300000190734863,13.890000343322754,14.199999809265137,5.279737949371338,11127304
2003-03-27,13.600000381469727,13.630000114440918,13.350000381469727,13.600000381469727,5.056650161743164,62670100
2003-03-28,13.550000190734863,13.680000305175781,13.520000457763672,13.550000190734863,5.038059711456299,6642589
2003-03-31,13.220000267028809,13.399999618530273,13.149999618530273,13.220000267028809,4.915361404418945,11057778
2003-04-01,13.300000190734863,13.449999809265137,13.25,13.300000190734863,4.945105075836182,9757755
2003-04-02,13.510000228881836,13.649999618530273,13.369999885559082,13.510000228881836,5.023187637329102,17533412
2003-04-03,13.609999656677246,13.770000457763672,13.479999542236328,13.609999656677246,5.06036901473999,9326126
2003-04-04,13.75,13.899999618530273,13.510000228881836,13.75,5.112421989440918,8149795
2003-04-07,14.050000190734863,14.300000190734863,13.90999984741211,14.050000190734863,5.223965644836426,18899292
2003-04-08,14.0,14.1899995803833,13.84000015258789,14.0,5.205374240875244,8631613
2003-04-09,13.960000038146973,14.149999618530273,13.770000457763672,13.960000038146973,5.1905035972595215,8968580
2003-04-10,13.829999923706055,13.949999809265137,13.770000457763672,13.829999923706055,5.142167568206787,9026618
2003-04-11,14.020000457763672,14.170000076293945,13.8100004196167,14.020000457763672,5.2128119468688965,8178691
2003-04-14,14.079999923706055,14.180000305175781,13.90999984741211,14.079999923706055,5.23512077331543,5363610
2003-04-15,14.0600004196167,14.229999542236328,13.960000038146973,14.0600004196167,5.227685451507568,5180986
2003-04-16,13.600000381469727,14.229999542236328,13.539999961853027,13.600000381469727,5.056650161743164,11473845
2003-04-17,13.699999809265137,13.800000190734863,13.449999809265137,13.699999809265137,5.093832492828369,4329718
2003-04-22,13.649999618530273,13.699999809265137,13.460000038146973,13.649999618530273,5.075239181518555,5404044
2003-04-23,13.579999923706055,13.850000381469727,13.489999771118164,13.579999923706055,5.0492143630981445,7230334
2003-04-24,13.510000228881836,13.609999656677246,13.399999618530273,13.510000228881836,5.023187637329102,6111541
2003-04-25,13.430000305175781,13.619999885559082,13.289999961853027,13.430000305175781,4.993442535400391,6874324
2003-04-28,13.550000190734863,13.649999618530273,13.34000015258789,13.550000190734863,5.038059711456299,6626306
2003-04-29,13.300000190734863,13.670000076293945,13.279999732971191,13.300000190734863,4.945105075836182,11633007
2003-04-30,13.050000190734863,13.380000114440918,13.0,13.050000190734863,4.85215425491333,10501840
2003-05-02,13.15999984741211,13.15999984741211,12.829999923706055,13.15999984741211,4.893054485321045,5637876
2003-05-05,13.180000305175781,13.420000076293945,13.119999885559082,13.180000305175781,4.900489807128906,5082951
2003-05-06,13.390000343322754,13.420000076293945,13.069999694824219,13.390000343322754,4.978569984436035,7299894
2003-05-07,13.420000076293945,13.5,13.260000228881836,13.420000076293945,4.9897236824035645,6385975
2003-05-08,13.149999618530273,13.4399995803833,13.050000190734863,13.149999618530273,4.8893351554870605,5067919
2003-05-09,13.380000114440918,13.390000343322754,13.010000228881836,13.380000114440918,4.974852085113525,4607412
2003-05-12,13.380000114440918,13.5,13.319999694824219,13.380000114440918,4.974852085113525,5517382
2003-05-13,13.329999923706055,13.5,13.25,13.329999923706055,4.956261157989502,4366959
2003-05-14,13.380000114440918,13.649999618530273,13.359999656677246,13.380000114440918,4.974852085113525,10692743
2003-05-15,13.600000381469727,13.640000343322754,13.3100004196167,13.600000381469727,5.056650161743164,3867025
2003-05-16,13.630000114440918,13.729999542236328,13.510000228881836,13.630000114440918,5.067804336547852,4899817
2003-05-19,13.25,13.550000190734863,13.1899995803833,13.25,4.926515579223633,6071830
2003-05-20,13.329999923706055,13.399999618530273,13.149999618530273,13.329999923706055,4.956261157989502,5155009
2003-05-21,13.300000190734863,13.369999885559082,12.979999542236328,13.300000190734863,4.945105075836182,7858450
2003-05-22,13.329999923706055,13.420000076293945,13.050000190734863,13.329999923706055,4.956261157989502,13605302
2003-05-23,13.300000190734863,13.399999618530273,13.09000015258789,13.300000190734863,4.945105075836182,11395356
2003-05-26,13.350000381469727,13.449999809265137,13.210000038146973,13.350000381469727,4.9636969566345215,1915991
2003-05-27,13.3100004196167,13.34000015258789,13.119999885559082,13.3100004196167,4.948825359344482,9469358
2003-05-28,13.449999809265137,13.520000457763672,13.300000190734863,13.449999809265137,5.000879287719727,6711378
2003-05-29,13.369999885559082,13.5,13.319999694824219,13.369999885559082,4.971134185791016,3613969
2003-05-30,13.4399995803833,13.510000228881836,13.3100004196167,13.4399995803833,4.997160911560059,6459061
2003-06-02,13.520000457763672,13.59000015258789,13.4399995803833,13.520000457763672,5.0269060134887695,5698921
2003-06-03,13.489999771118164,13.539999961853027,13.380000114440918,13.489999771118164,5.01575231552124,4613624
2003-06-04,13.699999809265137,13.720000267028809,13.510000228881836,13.699999809265137,5.093832492828369,9877171
2003-06-05,13.640000343322754,13.829999923706055,13.579999923706055,13.640000343322754,5.071522235870361,11372530
2003-06-06,13.859999656677246,13.899999618530273,13.630000114440918,13.859999656677246,5.153321266174316,15089725
2003-06-09,13.800000190734863,13.829999923706055,13.680000305175781,13.800000190734863,5.131011962890625,4046504
2003-06-10,13.869999885559082,13.949999809265137,13.710000038146973,13.869999885559082,5.157040119171143,9882328
2003-06-11,13.989999771118164,14.050000190734863,13.8100004196167,13.989999771118164,5.201657295227051,8106372
2003-06-12,14.140000343322754,14.149999618530273,14.0,14.140000343322754,5.257430076599121,9307600
2003-06-13,14.09000015258789,14.239999771118164,13.979999542236328,14.09000015258789,5.238840103149414,6556649
2003-06-16,14.260000228881836,14.279999732971191,13.960000038146973,14.260000228881836,5.302047252655029,5846702
2003-06-17,14.210000038146973,14.380000114440918,14.149999618530273,14.210000038146973,5.283457279205322,9065966
2003-06-18,14.380000114440918,14.399999618530273,14.149999618530273,14.380000114440918,5.346663475036621,7067943
2003-06-19,14.25,14.390000343322754,14.170000076293945,14.25,5.298328876495361,5514474
2003-06-20,14.40999984741211,14.40999984741211,14.109999656677246,14.40999984741211,5.357818126678467,17578034
2003-06-23,14.260000228881836,14.350000381469727,14.1899995803833,14.260000228881836,5.302047252655029,11957425
2003-06-24,14.25,14.359999656677246,14.199999809265137,14.25,5.298328876495361,5233270
2003-06-25,14.260000228881836,14.350000381469727,14.180000305175781,14.260000228881836,5.302047252655029,7174499
2003-06-26,14.289999961853027,14.350000381469727,14.170000076293945,14.289999961853027,5.313201904296875,5911898
2003-06-27,14.149999618530273,14.34000015258789,14.079999923706055,14.149999618530273,5.261147499084473,8379344
2003-06-30,14.119999885559082,14.260000228881836,14.039999961853027,14.119999885559082,5.2499918937683105,10166010
2003-07-01,13.899999618530273,14.199999809265137,13.84000015258789,13.899999618530273,5.1681928634643555,10886839
2003-07-02,14.029999732971191,14.140000343322754,13.930000305175781,14.029999732971191,5.2165303230285645,20531476
2003-07-03,13.9399995803833,14.149999618530273,13.84000015258789,13.9399995803833,5.183066368103027,7667378
2003-07-04,13.949999809265137,14.09000015258789,13.880000114440918,13.949999809265137,5.186784267425537,9571557
2003-07-07,14.069999694824219,14.170000076293945,13.949999809265137,14.069999694824219,5.231402397155762,11666932
2003-07-08,14.15999984741211,14.270000457763672,14.069999694824219,14.15999984741211,5.264866352081299,42819076
2003-07-09,14.15999984741211,14.25,14.119999885559082,14.15999984741211,5.264866352081299,29848724
2003-07-10,14.039999961853027,14.199999809265137,13.920000076293945,14.039999961853027,5.220249176025391,28678958
2003-07-11,14.1899995803833,14.1899995803833,13.949999809265137,14.1899995803833,5.276021480560303,20715978
2003-07-14,14.300000190734863,14.329999923706055,14.109999656677246,14.300000190734863,5.316919326782227,35620412
2003-07-15,14.15999984741211,14.25,14.09000015258789,14.15999984741211,5.32443904876709,23765172
2003-07-16,14.069999694824219,14.180000305175781,13.970000267028809,14.069999694824219,5.290597438812256,35003516
2003-07-17,14.079999923706055,14.180000305175781,13.90999984741211,14.079999923706055,5.294356822967529,30363540
2003-07-18,14.079999923706055,14.180000305175781,14.029999732971191,14.079999923706055,5.294356822967529,27192500
2003-07-21,14.050000190734863,14.199999809265137,13.979999542236328,14.050000190734863,5.283078193664551,10206977
2003-07-22,14.100000381469727,14.180000305175781,14.0,14.100000381469727,5.301877975463867,10514220
2003-07-23,14.069999694824219,14.149999618530273,14.020000457763672,14.069999694824219,5.290597438812256,2921079
2003-07-24,14.199999809265137,14.25,14.050000190734863,14.199999809265137,5.339479923248291,10441925
2003-07-25,14.130000114440918,14.170000076293945,14.029999732971191,14.130000114440918,5.313159942626953,7214532
2003-07-28,14.210000038146973,14.289999961853027,14.109999656677246,14.210000038146973,5.343240737915039,5338214
2003-07-29,14.140000343322754,14.260000228881836,14.069999694824219,14.140000343322754,5.316921234130859,4474847
2003-07-30,14.199999809265137,14.300000190734863,14.170000076293945,14.199999809265137,5.339479923248291,5493850
2003-07-31,14.25,14.289999961853027,14.130000114440918,14.25,5.358283042907715,6943643
2003-08-01,14.210000038146973,14.300000190734863,14.149999618530273,14.210000038146973,5.343240737915039,4432893
2003-08-04,14.1899995803833,14.319999694824219,14.109999656677246,14.1899995803833,5.335720062255859,8571883
2003-08-05,14.270000457763672,14.270000457763672,14.140000343322754,14.270000457763672,5.3658013343811035,4132466
2003-08-06,14.119999885559082,14.319999694824219,14.079999923706055,14.119999885559082,5.309396743774414,11123678
2003-08-07,14.199999809265137,14.229999542236328,14.029999732971191,14.199999809265137,5.339479923248291,5164993
2003-08-08,14.399999618530273,14.470000267028809,14.220000267028809,14.399999618530273,5.414682865142822,6983486
2003-08-11,14.630000114440918,14.710000038146973,14.350000381469727,14.630000114440918,5.5011677742004395,14969328
2003-08-12,14.670000076293945,14.8100004196167,14.609999656677246,14.670000076293945,5.516209125518799,6826298
2003-08-13,14.630000114440918,14.789999961853027,14.550000190734863,14.630000114440918,5.5011677742004395,3217307
2003-08-14,14.90999984741211,14.949999809265137,14.65999984741211,14.90999984741211,5.606453895568848,7648857
2003-08-18,15.09000015258789,15.100000381469727,14.90999984741211,15.09000015258789,5.674137592315674,13791290
2003-08-19,15.140000343322754,15.229999542236328,15.039999961853027,15.140000343322754,5.692938327789307,7122664
2003-08-20,15.229999542236328,15.260000228881836,15.010000228881836,15.229999542236328,5.726780414581299,9434913
2003-08-21,15.3100004196167,15.399999618530273,15.229999542236328,15.3100004196167,5.756863117218018,7120245
2003-08-22,15.460000038146973,15.5,15.260000228881836,15.460000038146973,5.813265323638916,5782126
2003-08-25,15.479999542236328,15.569999694824219,15.329999923706055,15.479999542236328,5.820785045623779,6617877
2003-08-26,15.329999923706055,15.569999694824219,15.1899995803833,15.329999923706055,5.764382362365723,5077625
2003-08-27,15.359999656677246,15.390000343322754,15.25,15.359999656677246,5.775663375854492,3894440
2003-08-28,15.510000228881836,15.510000228881836,15.329999923706055,15.510000228881836,5.832067966461182,6474053
2003-08-29,15.380000114440918,15.600000381469727,15.300000190734863,15.380000114440918,5.783182621002197,5272735
2003-09-01,15.529999732971191,15.539999961853027,15.430000305175781,15.529999732971191,5.839587211608887,4182676
2003-09-02,15.619999885559082,15.649999618530273,15.460000038146973,15.619999885559082,5.873427391052246,5492377
2003-09-03,15.779999732971191,15.880000114440918,15.569999694824219,15.779999732971191,5.933591842651367,7913353
2003-09-04,15.65999984741211,15.829999923706055,15.600000381469727,15.65999984741211,5.888470649719238,5193741
2003-09-05,15.489999771118164,15.6899995803833,15.319999694824219,15.489999771118164,5.824545860290527,7172624
2003-09-08,15.649999618530273,15.779999732971191,15.470000267028809,15.649999618530273,5.884708404541016,7763464
2003-09-09,15.25,15.729999542236328,15.229999542236328,15.25,5.734300136566162,9239112
2003-09-10,14.869999885559082,15.170000076293945,14.819999694824219,14.869999885559082,5.591413974761963,14738928
2003-09-11,14.829999923706055,15.079999923706055,14.819999694824219,14.829999923706055,5.576373100280762,9166067
2003-09-12,14.600000381469727,14.90999984741211,14.550000190734863,14.600000381469727,5.489888668060303,10768146
2003-09-15,14.630000114440918,14.75,14.5600004196167,14.630000114440918,5.5011677742004395,17248544
2003-09-16,14.829999923706055,14.9399995803833,14.579999923706055,14.829999923706055,5.576373100280762,6561930
2003-09-17,14.890000343322754,15.0,14.84000015258789,14.890000343322754,5.598934650421143,6189593
2003-09-18,14.899999618530273,14.899999618530273,14.710000038146973,14.899999618530273,5.602694988250732,13563390
2003-09-19,14.779999732971191,14.979999542236328,14.720000267028809,14.779999732971191,5.557570934295654,26833948
2003-09-22,14.640000343322754,14.6899995803833,14.520000457763672,14.640000343322754,5.504929542541504,26394072
2003-09-23,14.529999732971191,14.680000305175781,14.5,14.529999732971191,5.463568687438965,9017416
2003-09-24,14.5600004196167,14.800000190734863,14.5,14.5600004196167,5.474849224090576,14760543
2003-09-25,14.510000228881836,14.640000343322754,14.350000381469727,14.510000228881836,5.456045627593994,8532853
2003-09-26,14.350000381469727,14.579999923706055,14.260000228881836,14.350000381469727,5.395883083343506,6008151
2003-09-29,14.229999542236328,14.420000076293945,14.119999885559082,14.229999542236328,5.350759029388428,5969192
2003-09-30,14.109999656677246,14.279999732971191,13.9399995803833,14.109999656677246,5.305638313293457,7932583
2003-10-01,14.390000343322754,14.420000076293945,14.039999961853027,14.390000343322754,5.410923957824707,7103872
2003-10-02,14.479999542236328,14.670000076293945,14.329999923706055,14.479999542236328,5.444765567779541,9926296
2003-10-03,14.770000457763672,14.800000190734863,14.5,14.770000457763672,5.553812503814697,8516546
2003-10-06,14.789999961853027,14.829999923706055,14.630000114440918,14.789999961853027,5.5613322257995605,6664478
2003-10-07,14.710000038146973,14.819999694824219,14.609999656677246,14.710000038146973,5.53125,4850380
2003-10-08,14.65999984741211,14.8100004196167,14.569999694824219,14.65999984741211,5.512449741363525,4444463
2003-10-09,14.850000381469727,14.869999885559082,14.649999618530273,14.850000381469727,5.5838942527771,9465676
2003-10-10,14.859999656677246,14.960000038146973,14.760000228881836,14.859999656677246,5.58765172958374,6042016
2003-10-13,15.140000343322754,15.229999542236328,14.829999923706055,15.140000343322754,5.692938327789307,6133682
2003-10-14,15.229999542236328,15.229999542236328,15.039999961853027,15.229999542236328,5.726780414581299,4867353
2003-10-15,15.170000076293945,15.4399995803833,15.130000114440918,15.170000076293945,5.704217910766602,6794542
2003-10-16,15.100000381469727,15.319999694824219,15.069999694824219,15.100000381469727,5.677899360656738,5142522
2003-10-17,15.079999923706055,15.25,14.979999542236328,15.079999923706055,5.670377731323242,6150712
2003-10-20,15.130000114440918,15.130000114440918,14.949999809265137,15.130000114440918,5.689178466796875,4628650
2003-10-21,15.029999732971191,15.270000457763672,14.890000343322754,15.029999732971191,5.651576519012451,6589242
2003-10-22,14.770000457763672,15.079999923706055,14.75,14.770000457763672,5.553812503814697,4331619
2003-10-23,14.720000267028809,14.729999542236328,14.5,14.720000267028809,5.5350117683410645,5989503
2003-10-24,14.600000381469727,14.779999732971191,14.550000190734863,14.600000381469727,5.489888668060303,3609683
2003-10-27,14.789999961853027,14.899999618530273,14.670000076293945,14.789999961853027,5.5613322257995605,4089369
2003-10-28,14.920000076293945,14.989999771118164,14.800000190734863,14.920000076293945,5.610214710235596,6954445
2003-10-29,14.880000114440918,15.039999961853027,14.720000267028809,14.880000114440918,5.595174789428711,5605322
2003-10-30,14.989999771118164,15.1899995803833,14.800000190734863,14.989999771118164,5.636535167694092,6083818
2003-10-31,15.0,15.039999961853027,14.869999885559082,15.0,5.640298366546631,8825328
2003-11-03,15.199999809265137,15.260000228881836,15.0,15.199999809265137,5.715501308441162,6356237
2003-11-04,15.199999809265137,15.300000190734863,15.130000114440918,15.199999809265137,5.715501308441162,9699505
2003-11-05,15.109999656677246,15.1899995803833,15.050000190734863,15.109999656677246,5.681657791137695,6387867
2003-11-06,15.229999542236328,15.239999771118164,14.970000267028809,15.229999542236328,5.726780414581299,8893260
2003-11-07,15.210000038146973,15.229999542236328,15.0600004196167,15.210000038146973,5.719258785247803,8462230
2003-11-10,14.960000038146973,15.210000038146973,14.899999618530273,14.960000038146973,5.625255584716797,7213481
2003-11-11,14.779999732971191,14.9399995803833,14.699999809265137,14.779999732971191,5.557570934295654,9899228
2003-11-12,14.729999542236328,14.819999694824219,14.649999618530273,14.729999542236328,5.5387701988220215,6329140
2003-11-13,14.710000038146973,14.829999923706055,14.630000114440918,14.710000038146973,5.53125,7513430
2003-11-14,14.720000267028809,14.770000457763672,14.630000114440918,14.720000267028809,5.5350117683410645,7644667
2003-11-17,14.40999984741211,14.6899995803833,14.40999984741211,14.40999984741211,5.418444633483887,7984122
2003-11-18,14.329999923706055,14.520000457763672,14.199999809265137,14.329999923706055,5.388363838195801,8900854
2003-11-19,14.550000190734863,14.600000381469727,14.180000305175781,14.550000190734863,5.471087455749512,13297424
2003-11-20,14.470000267028809,14.59000015258789,14.359999656677246,14.470000267028809,5.441005706787109,7373843
2003-11-21,14.489999771118164,14.550000190734863,14.380000114440918,14.489999771118164,5.448526382446289,8627958
2003-11-24,14.600000381469727,14.619999885559082,14.470000267028809,14.600000381469727,5.489888668060303,10610636
2003-11-25,14.640000343322754,14.65999984741211,14.520000457763672,14.640000343322754,5.504929542541504,5543959
2003-11-26,14.550000190734863,14.710000038146973,14.5,14.550000190734863,5.471087455749512,4637388
2003-11-27,14.5,14.630000114440918,14.470000267028809,14.5,5.4522857666015625,4004063
2003-11-28,14.569999694824219,14.59000015258789,14.359999656677246,14.569999694824219,5.478607654571533,11562638
2003-12-01,14.680000305175781,14.720000267028809,14.59000015258789,14.680000305175781,5.51997184753418,7088666
2003-12-02,14.579999923706055,14.640000343322754,14.520000457763672,14.579999923706055,5.482367992401123,10343944
2003-12-03,14.640000343322754,14.729999542236328,14.550000190734863,14.640000343322754,5.504929542541504,6408508
2003-12-04,14.649999618530273,14.6899995803833,14.569999694824219,14.649999618530273,5.508688926696777,4001354
2003-12-05,14.65999984741211,14.729999542236328,14.609999656677246,14.65999984741211,5.512449741363525,3935069
2003-12-09,14.569999694824219,14.770000457763672,14.420000076293945,14.569999694824219,5.478607654571533,21753844
2003-12-10,14.539999961853027,14.550000190734863,14.369999885559082,14.539999961853027,5.467325687408447,23602842
2003-12-11,14.729999542236328,14.75,14.5,14.729999542236328,5.5387701988220215,11053891
2003-12-12,14.739999771118164,14.859999656677246,14.739999771118164,14.739999771118164,5.542529582977295,26492872
2003-12-15,14.800000190734863,14.920000076293945,14.75,14.800000190734863,5.565092086791992,20113292
2003-12-16,14.770000457763672,14.859999656677246,14.649999618530273,14.770000457763672,5.553812503814697,28247748
2003-12-17,14.859999656677246,14.960000038146973,14.779999732971191,14.859999656677246,5.58765172958374,10666700
2003-12-18,15.140000343322754,15.170000076293945,14.859999656677246,15.140000343322754,5.692938327789307,25220468
2003-12-19,15.270000457763672,15.270000457763672,15.130000114440918,15.270000457763672,5.741822242736816,32163218
2003-12-22,15.329999923706055,15.380000114440918,15.130000114440918,15.329999923706055,5.764382362365723,19505884
2003-12-23,15.300000190734863,15.390000343322754,15.1899995803833,15.300000190734863,5.7531023025512695,10373931
2003-12-29,15.470000267028809,15.470000267028809,15.3100004196167,15.470000267028809,5.817026138305664,6276598
2003-12-30,15.460000038146973,15.59000015258789,15.34000015258789,15.460000038146973,5.813265323638916,7659951
2004-01-02,15.6899995803833,15.6899995803833,15.460000038146973,15.6899995803833,5.8997483253479,6084328
2004-01-05,15.6899995803833,15.6899995803833,15.5600004196167,15.6899995803833,5.8997483253479,5029932
2004-01-07,15.510000228881836,15.729999542236328,15.399999618530273,15.510000228881836,5.832067966461182,33833484
2004-01-08,15.649999618530273,15.699999809265137,15.550000190734863,15.649999618530273,5.884708404541016,11416603
2004-01-09,15.489999771118164,15.649999618530273,15.430000305175781,15.489999771118164,5.824545860290527,14978059
2004-01-12,15.550000190734863,15.619999885559082,15.5,15.550000190734863,5.84710693359375,39730916
2004-01-13,15.710000038146973,15.8100004196167,15.550000190734863,15.710000038146973,5.907271385192871,84391328
2004-01-14,15.720000267028809,15.75,15.65999984741211,15.720000267028809,5.91102933883667,12022755
2004-01-15,15.510000228881836,15.539999961853027,15.390000343322754,15.510000228881836,5.907222270965576,9011953
2004-01-16,15.489999771118164,15.59000015258789,15.380000114440918,15.489999771118164,5.899605751037598,12419291
2004-01-19,15.75,15.760000228881836,15.460000038146973,15.75,5.998628616333008,16630171
2004-01-20,16.059999465942383,16.219999313354492,15.729999542236328,16.059999465942383,6.116695404052734,70805184
2004-01-21,16.610000610351562,16.610000610351562,16.100000381469727,16.610000610351562,6.326173305511475,23434416
2004-01-22,16.549999237060547,16.68000030517578,16.440000534057617,16.549999237060547,6.30332088470459,20402380
2004-01-23,16.350000381469727,16.670000076293945,16.25,16.350000381469727,6.227149963378906,13102008
2004-01-26,16.219999313354492,16.34000015258789,16.149999618530273,16.219999313354492,6.177635669708252,31864730
2004-01-27,16.18000030517578,16.489999771118164,16.15999984741211,16.18000030517578,6.16240119934082,55260052
2004-01-28,16.280000686645508,16.3700008392334,16.110000610351562,16.280000686645508,6.200489044189453,16056628
2004-01-29,16.190000534057617,16.329999923706055,16.059999465942383,16.190000534057617,6.16621208190918,8105838
2004-01-30,16.299999237060547,16.329999923706055,16.149999618530273,16.299999237060547,6.208104133605957,11305868
2004-02-02,16.31999969482422,16.399999618530273,16.18000030517578,16.309999465942383,6.2119140625,6010224
2004-02-03,16.229999542236328,16.299999237060547,16.1299991607666,16.229999542236328,6.1814446449279785,5747271
2004-02-04,16.219999313354492,16.420000076293945,16.1299991607666,16.309999465942383,6.2119140625,5120403
2004-02-05,16.290000915527344,16.6200008392334,16.229999542236328,16.399999618530273,6.246190547943115,6322403
2004-02-06,16.520000457763672,16.639999389648438,16.420000076293945,16.530000686645508,6.295703887939453,6320141
2004-02-09,16.65999984741211,16.899999618530273,16.579999923706055,16.799999237060547,6.398536205291748,11018270
2004-02-10,16.75,16.790000915527344,16.5,16.670000076293945,6.349028587341309,8017409
2004-02-11,16.559999465942383,16.639999389648438,16.270000457763672,16.639999389648438,6.3376007080078125,13212090
2004-02-12,16.709999084472656,16.770000457763672,16.600000381469727,16.770000457763672,6.387112617492676,10641470
2004-02-13,16.799999237060547,16.8700008392334,16.75,16.790000915527344,6.394728660583496,8396861
2004-02-16,16.799999237060547,16.860000610351562,16.700000762939453,16.84000015258789,6.4137725830078125,5828954
2004-02-17,16.84000015258789,16.8700008392334,16.760000228881836,16.850000381469727,6.417582035064697,10080890
2004-02-18,16.850000381469727,16.850000381469727,16.510000228881836,16.700000762939453,6.360451698303223,22522780
2004-02-19,16.639999389648438,16.770000457763672,16.610000610351562,16.739999771118164,6.375688076019287,11419450
2004-02-20,16.719999313354492,16.8700008392334,16.65999984741211,16.760000228881836,6.383305549621582,8173271
2004-02-23,16.719999313354492,16.959999084472656,16.719999313354492,16.889999389648438,6.432816982269287,7646595
2004-02-24,16.709999084472656,16.75,16.219999313354492,16.3799991607666,6.238575458526611,19148970
2004-02-25,16.329999923706055,16.40999984741211,16.09000015258789,16.399999618530273,6.246190547943115,17423230
2004-02-26,16.34000015258789,16.559999465942383,16.329999923706055,16.399999618530273,6.246190547943115,8595814
2004-02-27,16.489999771118164,16.579999923706055,16.420000076293945,16.5,6.2842793464660645,9377099
2004-03-01,16.719999313354492,16.739999771118164,16.459999084472656,16.719999313354492,6.368068695068359,9342024
2004-03-02,16.950000762939453,17.0,16.770000457763672,16.950000762939453,6.455668926239014,10146119
2004-03-03,16.860000610351562,17.059999465942383,16.780000686645508,16.860000610351562,6.421390533447266,10902921
2004-03-04,16.899999618530273,16.959999084472656,16.829999923706055,16.899999618530273,6.436624050140381,4680225
2004-03-05,16.90999984741211,16.989999771118164,16.780000686645508,16.90999984741211,6.440433979034424,6042021
2004-03-08,16.90999984741211,16.93000030517578,16.809999465942383,16.90999984741211,6.440433979034424,4533039
2004-03-09,16.729999542236328,16.809999465942383,16.610000610351562,16.729999542236328,6.371877193450928,7448528
2004-03-10,16.979999542236328,17.020000457763672,16.639999389648438,16.979999542236328,6.4670939445495605,11724235
2004-03-11,16.700000762939453,16.899999618530273,16.459999084472656,16.700000762939453,6.360451698303223,10171810
2004-03-12,16.5,16.68000030517578,16.31999969482422,16.5,6.2842793464660645,8927440
2004-03-15,16.170000076293945,16.489999771118164,16.06999969482422,16.170000076293945,6.15859317779541,15553860
2004-03-16,16.399999618530273,16.459999084472656,16.1200008392334,16.399999618530273,6.246190547943115,13313752
2004-03-17,16.420000076293945,16.489999771118164,16.31999969482422,16.420000076293945,6.253810882568359,16630559
2004-03-18,16.450000762939453,16.649999618530273,16.280000686645508,16.450000762939453,6.265235424041748,16997848
2004-03-19,16.639999389648438,16.760000228881836,16.530000686645508,16.639999389648438,6.3376007080078125,23293230
2004-03-22,16.350000381469727,16.579999923706055,16.200000762939453,16.350000381469727,6.227149963378906,11910077
2004-03-23,16.329999923706055,16.520000457763672,16.200000762939453,16.329999923706055,6.219532012939453,4788109
2004-03-24,16.350000381469727,16.479999542236328,16.219999313354492,16.350000381469727,6.227149963378906,14174750
2004-03-25,16.43000030517578,16.59000015258789,16.329999923706055,16.43000030517578,6.257619380950928,5860994
2004-03-26,16.549999237060547,16.559999465942383,16.31999969482422,16.549999237060547,6.30332088470459,5411503
2004-03-29,16.610000610351562,16.639999389648438,16.34000015258789,16.610000610351562,6.326173305511475,5300045
2004-03-30,16.6299991607666,16.700000762939453,16.530000686645508,16.6299991607666,6.3337907791137695,4248483
2004-03-31,16.860000610351562,16.979999542236328,16.6200008392334,16.860000610351562,6.421390533447266,10274361
2004-04-01,16.700000762939453,16.969999313354492,16.690000534057617,16.700000762939453,6.360451698303223,10233805
2004-04-02,16.860000610351562,16.8799991607666,16.559999465942383,16.860000610351562,6.421390533447266,20223358
2004-04-05,17.239999771118164,17.299999237060547,16.889999389648438,17.239999771118164,6.566118240356445,14732477
2004-04-06,17.530000686645508,17.770000457763672,17.260000228881836,17.530000686645508,6.676568984985352,36441040
2004-04-07,17.56999969482422,17.709999084472656,17.40999984741211,17.56999969482422,6.691805362701416,8821340
2004-04-08,17.8700008392334,17.959999084472656,17.610000610351562,17.8700008392334,6.806066036224365,7751767
2004-04-13,18.209999084472656,18.299999237060547,17.989999771118164,18.209999084472656,6.935556888580322,10485534
2004-04-14,17.920000076293945,18.149999618530273,17.829999923706055,17.920000076293945,6.825108528137207,11378157
2004-04-15,17.979999542236328,18.190000534057617,17.799999237060547,17.979999542236328,6.847960472106934,8165167
2004-04-16,18.229999542236328,18.290000915527344,17.90999984741211,18.229999542236328,6.943174839019775,10692132
2004-04-19,17.93000030517578,18.25,17.889999389648438,17.93000030517578,6.828916072845459,9941870
2004-04-20,17.959999084472656,18.149999618530273,17.899999618530273,17.959999084472656,6.840340614318848,8543371
2004-04-21,17.850000381469727,17.889999389648438,17.739999771118164,17.850000381469727,6.798447608947754,6283603
2004-04-22,17.8700008392334,18.0,17.670000076293945,17.8700008392334,6.806066036224365,9470628
2004-04-23,17.899999618530273,18.100000381469727,17.8700008392334,17.899999618530273,6.817490100860596,4986587
2004-04-26,18.190000534057617,18.450000762939453,17.860000610351562,18.190000534057617,6.92794132232666,14105265
2004-04-27,18.200000762939453,18.350000381469727,18.059999465942383,18.200000762939453,6.93174934387207,7333824
2004-04-28,18.110000610351562,18.350000381469727,18.010000228881836,18.110000610351562,6.897472858428955,12088826
2004-04-29,17.739999771118164,18.040000915527344,17.709999084472656,17.739999771118164,6.7565507888793945,13285006
2004-04-30,17.56999969482422,17.729999542236328,17.459999084472656,17.56999969482422,6.691805362701416,10353316
2004-05-03,17.68000030517578,17.770000457763672,17.399999618530273,17.68000030517578,6.733699321746826,7780489
2004-05-04,17.760000228881836,17.979999542236328,17.719999313354492,17.760000228881836,6.764168739318848,9125164
2004-05-05,17.899999618530273,18.020000457763672,17.690000534057617,17.899999618530273,6.817490100860596,8933004
2004-05-06,17.739999771118164,18.030000686645508,17.719999313354492,17.739999771118164,6.7565507888793945,9509057
2004-05-07,17.360000610351562,17.850000381469727,17.31999969482422,17.360000610351562,6.611823558807373,13738011
2004-05-10,16.899999618530273,17.290000915527344,16.84000015258789,16.899999618530273,6.436624050140381,15516093
2004-05-11,16.889999389648438,16.959999084472656,16.700000762939453,16.889999389648438,6.432816982269287,13789900
2004-05-12,16.700000762939453,17.1299991607666,16.56999969482422,16.700000762939453,6.360451698303223,14037997
2004-05-13,16.860000610351562,16.93000030517578,16.59000015258789,16.860000610351562,6.421390533447266,8783453
2004-05-14,16.860000610351562,17.0,16.670000076293945,16.860000610351562,6.421390533447266,7154526
2004-05-17,16.65999984741211,16.809999465942383,16.5,16.65999984741211,6.345216274261475,7238871
2004-05-18,16.59000015258789,16.700000762939453,16.450000762939453,16.59000015258789,6.318556308746338,15223168
2004-05-19,16.739999771118164,16.84000015258789,16.520000457763672,16.739999771118164,6.375688076019287,7390768
2004-05-20,16.780000686645508,16.93000030517578,16.579999923706055,16.780000686645508,6.390920639038086,5343643
2004-05-21,16.760000228881836,17.010000228881836,16.700000762939453,16.760000228881836,6.383305549621582,7518701
2004-05-24,16.899999618530273,17.09000015258789,16.68000030517578,16.899999618530273,6.436624050140381,7982498
2004-05-25,17.100000381469727,17.209999084472656,16.860000610351562,17.100000381469727,6.5127973556518555,11197157
2004-05-26,17.31999969482422,17.389999389648438,17.229999542236328,17.31999969482422,6.596588611602783,8235885
2004-05-27,17.350000381469727,17.510000228881836,17.149999618530273,17.350000381469727,6.608015060424805,10404709
2004-05-28,17.360000610351562,17.540000915527344,17.170000076293945,17.360000610351562,6.611823558807373,5877791
2004-05-31,17.389999389648438,17.5,17.25,17.389999389648438,6.62324857711792,3632761
2004-06-01,17.209999084472656,17.459999084472656,17.18000030517578,17.209999084472656,6.554692268371582,7537918
2004-06-02,17.110000610351562,17.34000015258789,17.06999969482422,17.110000610351562,6.516606330871582,9813354
2004-06-03,17.059999465942383,17.18000030517578,16.969999313354492,17.059999465942383,6.497562408447266,8429030
2004-06-04,17.270000457763672,17.34000015258789,17.010000228881836,17.270000457763672,6.577544689178467,15408960
2004-06-07,17.280000686645508,17.459999084472656,17.270000457763672,17.280000686645508,6.581356048583984,7396060
2004-06-08,17.399999618530273,17.549999237060547,17.309999465942383,17.399999618530273,6.627056121826172,10707698
2004-06-09,17.34000015258789,17.559999465942383,17.280000686645508,17.34000015258789,6.604206085205078,7866753
2004-06-10,17.530000686645508,17.600000381469727,17.270000457763672,17.530000686645508,6.676568984985352,8096870
2004-06-11,17.6299991607666,17.739999771118164,17.43000030517578,17.6299991607666,6.714656352996826,20575866
2004-06-14,17.510000228881836,17.690000534057617,17.40999984741211,17.510000228881836,6.668952465057373,6015452
2004-06-15,17.68000030517578,17.799999237060547,17.440000534057617,17.68000030517578,6.733699321746826,12665924
2004-06-16,17.899999618530273,17.989999771118164,17.739999771118164,17.899999618530273,6.817490100860596,12751662
2004-06-17,18.010000228881836,18.059999465942383,17.8799991607666,18.010000228881836,6.859386920928955,8996146
2004-06-18,18.280000686645508,18.309999465942383,17.93000030517578,18.280000686645508,6.962220191955566,22822092
2004-06-21,18.31999969482422,18.450000762939453,18.229999542236328,18.31999969482422,6.977454662322998,20444020
2004-06-22,18.149999618530273,18.25,18.06999969482422,18.149999618530273,6.912707805633545,13578521
2004-06-23,18.260000228881836,18.360000610351562,18.049999237060547,18.260000228881836,6.954600811004639,21941040
2004-06-24,18.479999542236328,18.510000228881836,18.350000381469727,18.479999542236328,7.038392066955566,28837668
2004-06-25,18.450000762939453,18.520000457763672,18.299999237060547,18.450000762939453,7.026967525482178,37015284
2004-06-28,18.25,18.540000915527344,18.1200008392334,18.25,6.95079231262207,17654368
2004-06-29,18.059999465942383,18.190000534057617,18.0,18.059999465942383,6.878427028656006,47797984
2004-06-30,18.0,18.1299991607666,17.889999389648438,18.0,6.855576515197754,23919226
2004-07-01,17.8799991607666,17.989999771118164,17.790000915527344,17.8799991607666,6.886388778686523,9283623
2004-07-02,17.809999465942383,17.979999542236328,17.760000228881836,17.809999465942383,6.859426975250244,5130073
2004-07-05,17.93000030517578,18.0,17.81999969482422,17.93000030517578,6.905646324157715,7345830
2004-07-06,18.020000457763672,18.1299991607666,17.809999465942383,18.020000457763672,6.940308570861816,26356260
2004-07-07,18.09000015258789,18.229999542236328,17.920000076293945,18.09000015258789,6.9672698974609375,9268434
2004-07-08,17.979999542236328,18.079999923706055,17.709999084472656,17.979999542236328,6.924903392791748,18709396
2004-07-09,18.110000610351562,18.110000610351562,17.8700008392334,18.110000610351562,6.974971771240234,6594261
2004-07-12,18.030000686645508,18.25,18.020000457763672,18.030000686645508,6.944160461425781,4751424
2004-07-13,18.0,18.1200008392334,17.950000762939453,18.0,6.932605266571045,3940343
2004-07-14,17.899999618530273,17.959999084472656,17.790000915527344,17.899999618530273,6.8940911293029785,8743750
2004-07-15,17.899999618530273,18.09000015258789,17.899999618530273,17.899999618530273,6.8940911293029785,8166284
2004-07-16,17.940000534057617,18.079999923706055,17.920000076293945,17.940000534057617,6.909496784210205,18236664
2004-07-19,17.959999084472656,18.079999923706055,17.899999618530273,17.959999084472656,6.917198657989502,6193632
2004-07-20,18.06999969482422,18.06999969482422,17.860000610351562,18.06999969482422,6.959568023681641,5597961
2004-07-21,18.020000457763672,18.139999389648438,17.90999984741211,18.020000457763672,6.940308570861816,8303105
2004-07-22,17.799999237060547,17.90999984741211,17.68000030517578,17.799999237060547,6.855576515197754,6997047
2004-07-23,17.719999313354492,17.920000076293945,17.6299991607666,17.719999313354492,6.824765682220459,5920508
2004-07-26,17.6200008392334,17.829999923706055,17.530000686645508,17.6200008392334,6.786251068115234,14570148
2004-07-27,17.780000686645508,17.780000686645508,17.520000457763672,17.780000686645508,6.847875595092773,6414923
2004-07-28,17.84000015258789,17.969999313354492,17.709999084472656,17.84000015258789,6.8709845542907715,6021452
2004-07-29,17.520000457763672,18.110000610351562,17.399999618530273,17.520000457763672,6.747736930847168,22507900
2004-07-30,17.579999923706055,17.649999618530273,17.459999084472656,17.639999389648438,6.793953895568848,9336626
2004-08-02,17.6299991607666,17.639999389648438,17.450000762939453,17.459999084472656,6.7246270179748535,12123560
2004-08-03,17.549999237060547,17.68000030517578,17.5,17.600000381469727,6.778548717498779,9143372
2004-08-04,17.549999237060547,17.549999237060547,17.170000076293945,17.239999771118164,6.639894962310791,13264790
2004-08-05,17.239999771118164,17.329999923706055,17.100000381469727,17.170000076293945,6.612936973571777,10317511
2004-08-06,17.059999465942383,17.200000762939453,16.770000457763672,16.809999465942383,6.474282264709473,11012440
2004-08-09,16.809999465942383,16.920000076293945,16.729999542236328,16.760000228881836,6.455028533935547,37338448
2004-08-10,16.760000228881836,16.969999313354492,16.719999313354492,16.809999465942383,6.474282264709473,7709169
2004-08-11,16.809999465942383,16.829999923706055,16.600000381469727,16.6299991607666,6.404956817626953,9477084
2004-08-12,16.610000610351562,16.790000915527344,16.5,16.600000381469727,6.393404006958008,8494789
2004-08-13,16.600000381469727,16.59000015258789,16.399999618530273,16.450000762939453,6.335631370544434,7602314
2004-08-17,16.450000762939453,16.59000015258789,16.399999618530273,16.530000686645508,6.366442680358887,7613276
2004-08-18,16.479999542236328,16.639999389648438,16.43000030517578,16.559999465942383,6.377996444702148,4497521
2004-08-19,16.65999984741211,16.760000228881836,16.600000381469727,16.709999084472656,6.435768127441406,7496880
2004-08-20,16.700000762939453,16.829999923706055,16.6299991607666,16.739999771118164,6.447324275970459,6101261
2004-08-23,16.84000015258789,16.889999389648438,16.719999313354492,16.739999771118164,6.447324275970459,4925606
2004-08-24,16.760000228881836,16.84000015258789,16.559999465942383,16.559999465942383,6.377996444702148,10161810
2004-08-25,16.649999618530273,16.65999984741211,16.489999771118164,16.549999237060547,6.374144554138184,5694676
2004-08-26,16.549999237060547,16.729999542236328,16.520000457763672,16.549999237060547,6.374144554138184,8766304
2004-08-27,16.549999237060547,17.030000686645508,16.670000076293945,16.979999542236328,6.539758682250977,19438174
2004-08-30,16.979999542236328,17.18000030517578,16.969999313354492,17.030000686645508,6.559014797210693,7996281
2004-08-31,16.950000762939453,17.170000076293945,16.93000030517578,17.0,6.547460556030273,21783390
2004-09-01,17.0,17.239999771118164,17.049999237060547,17.15999984741211,6.6090826988220215,10278599
2004-09-02,17.09000015258789,17.229999542236328,16.979999542236328,17.209999084472656,6.628340244293213,14973690
2004-09-03,17.139999389648438,17.34000015258789,17.110000610351562,17.290000915527344,6.659152507781982,20619350
2004-09-06,17.290000915527344,17.389999389648438,17.239999771118164,17.309999465942383,6.66685676574707,16779484
2004-09-07,17.299999237060547,17.360000610351562,17.209999084472656,17.280000686645508,6.655303478240967,4338772
2004-09-08,17.25,17.299999237060547,17.110000610351562,17.239999771118164,6.639894962310791,7079972
2004-09-09,17.239999771118164,17.139999389648438,16.940000534057617,17.010000228881836,6.551312446594238,7580673
2004-09-10,17.010000228881836,17.149999618530273,17.0,17.059999465942383,6.570568561553955,4105545
2004-09-13,17.100000381469727,17.15999984741211,16.809999465942383,16.950000762939453,6.528203964233398,9552389
2004-09-14,16.920000076293945,16.940000534057617,16.68000030517578,16.829999923706055,6.481985569000244,11738430
2004-09-15,16.860000610351562,16.950000762939453,16.760000228881836,16.899999618530273,6.508946418762207,5884696
2004-09-16,16.899999618530273,16.979999542236328,16.829999923706055,16.899999618530273,6.508946418762207,6012910
2004-09-17,16.959999084472656,17.1299991607666,16.8799991607666,17.0,6.547460556030273,14730630
2004-09-20,17.0,17.139999389648438,17.0,17.030000686645508,6.559014797210693,22925056
2004-09-21,17.030000686645508,17.450000762939453,17.020000457763672,17.329999923706055,6.674558162689209,12904310
2004-09-22,17.329999923706055,17.489999771118164,17.270000457763672,17.299999237060547,6.663004398345947,8621365
2004-09-23,17.290000915527344,17.40999984741211,17.200000762939453,17.239999771118164,6.639894962310791,7461730
2004-09-24,17.209999084472656,17.40999984741211,17.15999984741211,17.350000381469727,6.682261943817139,9272903
2004-09-27,17.350000381469727,17.350000381469727,17.219999313354492,17.290000915527344,6.659152507781982,4585535
2004-09-28,17.40999984741211,17.90999984741211,17.229999542236328,17.84000015258789,6.8709845542907715,23129470
2004-09-29,17.84000015258789,17.899999618530273,17.670000076293945,17.75,6.836319923400879,8036843
2004-09-30,17.799999237060547,17.850000381469727,17.600000381469727,17.68000030517578,6.809359550476074,8287934
2004-10-01,17.65999984741211,17.989999771118164,17.65999984741211,17.979999542236328,6.924903392791748,9970587
2004-10-04,17.979999542236328,18.1200008392334,17.780000686645508,17.799999237060547,6.855576515197754,9673878
2004-10-05,17.770000457763672,17.940000534057617,17.709999084472656,17.850000381469727,6.8748345375061035,7656002
2004-10-06,17.8700008392334,17.950000762939453,17.770000457763672,17.850000381469727,6.8748345375061035,8512211
2004-10-07,17.90999984741211,17.989999771118164,17.780000686645508,17.8799991607666,6.886388778686523,10164510
2004-10-08,17.850000381469727,18.079999923706055,17.760000228881836,17.799999237060547,6.855576515197754,9631688
2004-10-11,17.75,17.850000381469727,17.719999313354492,17.760000228881836,6.840170860290527,3281342
2004-10-13,17.75,17.799999237060547,17.510000228881836,17.549999237060547,6.7592902183532715,15036370
2004-10-14,17.549999237060547,17.65999984741211,17.43000030517578,17.520000457763672,6.747736930847168,5447659
2004-10-15,17.5,17.56999969482422,17.399999618530273,17.530000686645508,6.751585960388184,5179223
2004-10-18,17.639999389648438,17.649999618530273,17.440000534057617,17.469999313354492,6.728477478027344,2808947
2004-10-19,17.520000457763672,17.690000534057617,17.459999084472656,17.489999771118164,6.736180305480957,6278176
2004-10-20,17.489999771118164,17.520000457763672,17.360000610351562,17.43000030517578,6.713074207305908,7225146
2004-10-21,17.43000030517578,17.600000381469727,17.479999542236328,17.540000915527344,6.755439281463623,5586853
2004-10-22,17.510000228881836,17.59000015258789,17.5,17.540000915527344,6.755439281463623,3230610
2004-10-25,17.399999618530273,17.40999984741211,17.280000686645508,17.280000686645508,6.655303478240967,7711093
2004-10-26,17.290000915527344,17.350000381469727,17.15999984741211,17.229999542236328,6.636044979095459,4936808
2004-10-27,17.299999237060547,17.59000015258789,17.18000030517578,17.3799991607666,6.6938157081604,15087500
2004-10-28,17.399999618530273,17.489999771118164,16.860000610351562,17.190000534057617,6.620637893676758,29690160
2004-10-29,17.1299991607666,17.219999313354492,16.950000762939453,16.989999771118164,6.5436110496521,11492830
2004-11-02,17.079999923706055,17.209999084472656,17.020000457763672,17.09000015258789,6.582123279571533,18266460
2004-11-03,17.09000015258789,17.299999237060547,17.1200008392334,17.18000030517578,6.616786956787109,10327304
2004-11-04,17.280000686645508,17.3799991607666,17.239999771118164,17.260000228881836,6.647597789764404,7985817
2004-11-05,17.360000610351562,17.3799991607666,17.1200008392334,17.170000076293945,6.612936973571777,7943881
2004-11-08,17.18000030517578,17.25,17.100000381469727,17.190000534057617,6.620637893676758,4468784
2004-11-09,17.25,17.299999237060547,17.18000030517578,17.219999313354492,6.632193088531494,4810077
2004-11-10,17.280000686645508,17.3700008392334,17.25,17.25,6.643746852874756,8081826
2004-11-11,17.350000381469727,17.540000915527344,17.329999923706055,17.450000762939453,6.720776081085205,9372276
2004-11-12,17.450000762939453,17.549999237060547,17.450000762939453,17.469999313354492,6.728477478027344,10995544
2004-11-15,17.489999771118164,17.56999969482422,17.329999923706055,17.360000610351562,6.6861138343811035,7120687
2004-11-16,17.299999237060547,17.40999984741211,17.209999084472656,17.229999542236328,6.636044979095459,6389820
2004-11-17,17.229999542236328,17.520000457763672,17.229999542236328,17.450000762939453,6.720776081085205,10193103
2004-11-18,17.450000762939453,17.760000228881836,17.450000762939453,17.700000762939453,6.8170623779296875,11370780
2004-11-19,17.700000762939453,17.90999984741211,17.700000762939453,17.84000015258789,6.8709845542907715,9984089
2004-11-22,17.84000015258789,17.969999313354492,17.670000076293945,17.770000457763672,6.844022750854492,16358533
2004-11-23,17.950000762939453,18.0,17.860000610351562,17.899999618530273,6.8940911293029785,9082729
2004-11-24,18.059999465942383,18.1200008392334,17.940000534057617,18.09000015258789,6.9672698974609375,11817200
2004-11-25,18.09000015258789,18.350000381469727,18.030000686645508,18.239999771118164,7.0250420570373535,7081505
2004-11-26,18.209999084472656,18.299999237060547,18.190000534057617,18.280000686645508,7.040447235107422,7919585
2004-11-29,18.280000686645508,18.399999618530273,18.209999084472656,18.31999969482422,7.055852890014648,9390093
2004-11-30,18.3799991607666,18.450000762939453,18.219999313354492,18.34000015258789,7.063554286956787,11465170
2004-12-01,18.329999923706055,18.459999084472656,18.260000228881836,18.350000381469727,7.067407131195068,10619820
2004-12-02,18.25,18.31999969482422,18.100000381469727,18.18000030517578,7.001932621002197,13596800
2004-12-03,18.1299991607666,18.25,18.100000381469727,18.229999542236328,7.021188259124756,11475590
2004-12-07,18.200000762939453,18.290000915527344,18.139999389648438,18.190000534057617,7.0057830810546875,12512200
2004-12-09,18.149999618530273,18.270000457763672,18.110000610351562,18.219999313354492,7.017338275909424,10262550
2004-12-10,18.219999313354492,18.399999618530273,18.229999542236328,18.299999237060547,7.048148155212402,10836438
2004-12-13,18.25,18.5,18.25,18.489999771118164,7.121325492858887,10915830
2004-12-14,18.540000915527344,18.579999923706055,18.399999618530273,18.450000762939453,7.105922698974609,9376153
2004-12-15,18.450000762939453,18.600000381469727,18.459999084472656,18.469999313354492,7.11362361907959,9395545
2004-12-16,18.469999313354492,18.81999969482422,18.479999542236328,18.780000686645508,7.2330193519592285,16570023
2004-12-17,18.780000686645508,18.799999237060547,18.56999969482422,18.649999618530273,7.182948112487793,39391800
2004-12-20,18.649999618530273,18.860000610351562,18.649999618530273,18.65999984741211,7.186798572540283,11362906
2004-12-21,18.65999984741211,18.950000762939453,18.709999084472656,18.860000610351562,7.26383113861084,22662698
2004-12-22,18.959999084472656,19.18000030517578,18.899999618530273,19.110000610351562,7.360117435455322,13284750
2004-12-23,19.100000381469727,19.209999084472656,19.059999465942383,19.15999984741211,7.379373550415039,4203982
2004-12-27,19.110000610351562,19.25,19.06999969482422,19.149999618530273,7.375522136688232,12895570
2004-12-28,19.079999923706055,19.229999542236328,19.079999923706055,19.18000030517578,7.387077331542969,1839619
2004-12-29,19.18000030517578,19.280000686645508,19.149999618530273,19.200000762939453,7.39478063583374,2518685
2004-12-30,19.229999542236328,19.280000686645508,19.15999984741211,19.15999984741211,7.379373550415039,4431832
2005-01-03,19.280000686645508,19.350000381469727,19.110000610351562,19.200000762939453,7.39478063583374,5518292
2005-01-04,19.06999969482422,19.170000076293945,19.020000457763672,19.15999984741211,7.379373550415039,10206190
2005-01-05,19.15999984741211,19.110000610351562,18.850000381469727,18.850000381469727,7.25998067855835,63194200
2005-01-07,18.850000381469727,19.040000915527344,18.81999969482422,18.8799991607666,7.271534442901611,39980936
2005-01-10,18.8799991607666,18.969999313354492,18.809999465942383,18.899999618530273,7.279235363006592,47273660
2005-01-11,18.649999618530273,18.760000228881836,18.520000457763672,18.549999237060547,7.240206241607666,21020194
2005-01-12,18.700000762939453,19.049999237060547,18.649999618530273,18.81999969482422,7.345588684082031,70507940
2005-01-13,18.81999969482422,19.040000915527344,18.860000610351562,18.979999542236328,7.408036708831787,6310496
2005-01-14,18.979999542236328,19.34000015258789,18.959999084472656,19.25,7.513421535491943,26798024
2005-01-17,19.25,19.540000915527344,19.209999084472656,19.389999389648438,7.5680646896362305,37376690
2005-01-18,19.389999389648438,19.450000762939453,19.1299991607666,19.399999618530273,7.571965217590332,32415012
2005-01-19,19.43000030517578,19.479999542236328,19.309999465942383,19.309999465942383,7.536838054656982,10711100
2005-01-20,19.200000762939453,19.290000915527344,19.149999618530273,19.219999313354492,7.501710414886475,7002061
2005-01-21,19.219999313354492,19.31999969482422,19.149999618530273,19.200000762939453,7.493906021118164,15249296
2005-01-24,19.200000762939453,19.43000030517578,19.1200008392334,19.34000015258789,7.548549175262451,11102719
2005-01-25,19.309999465942383,19.450000762939453,19.299999237060547,19.440000534057617,7.587577819824219,21610750
2005-01-26,19.350000381469727,19.420000076293945,19.309999465942383,19.40999984741211,7.575870990753174,16401430
2005-01-27,19.40999984741211,19.549999237060547,19.3700008392334,19.549999237060547,7.6305131912231445,7931494
2005-01-28,19.579999923706055,19.579999923706055,19.3799991607666,19.450000762939453,7.591482639312744,8784783
2005-01-31,19.450000762939453,19.600000381469727,19.389999389648438,19.600000381469727,7.650028228759766,6958638
2005-02-01,19.600000381469727,19.739999771118164,19.510000228881836,19.739999771118164,7.704671859741211,10567773
2005-02-02,19.690000534057617,19.729999542236328,19.6299991607666,19.709999084472656,7.692959785461426,8335018
2005-02-03,19.700000762939453,19.739999771118164,19.600000381469727,19.690000534057617,7.685153961181641,5851721
2005-02-04,19.690000534057617,19.8700008392334,19.65999984741211,19.860000610351562,7.7515082359313965,8992910
2005-02-07,19.860000610351562,20.09000015258789,19.84000015258789,20.09000015258789,7.841279029846191,12663580
2005-02-08,20.09000015258789,20.06999969482422,19.8799991607666,20.020000457763672,7.81395959854126,7051556
2005-02-09,19.989999771118164,20.010000228881836,19.860000610351562,19.989999771118164,7.802246570587158,8906168
2005-02-10,19.989999771118164,20.040000915527344,19.719999313354492,19.959999084472656,7.79054069519043,6343749
2005-02-11,20.0,20.100000381469727,19.8700008392334,20.100000381469727,7.845183372497559,8122371
2005-02-14,20.040000915527344,20.06999969482422,19.8700008392334,19.959999084472656,7.79054069519043,7609318
2005-02-15,19.889999389648438,20.1200008392334,19.790000915527344,20.1200008392334,7.852989196777344,7834989
2005-02-16,20.1200008392334,20.170000076293945,19.93000030517578,20.06999969482422,7.833473205566406,6567454
2005-02-17,20.100000381469727,20.530000686645508,20.06999969482422,20.280000686645508,7.915439128875732,10780270
2005-02-18,20.280000686645508,20.639999389648438,20.31999969482422,20.639999389648438,8.055947303771973,9971557
2005-02-21,20.5,20.639999389648438,20.3799991607666,20.469999313354492,7.989592552185059,7029650
2005-02-22,20.469999313354492,20.06999969482422,19.549999237060547,20.06999969482422,7.833473205566406,33043244
2005-02-23,20.030000686645508,20.030000686645508,19.84000015258789,20.0,7.806150913238525,10399410
2005-02-24,20.020000457763672,20.3700008392334,20.0,20.280000686645508,7.915439128875732,16928170
2005-02-25,20.450000762939453,20.579999923706055,20.399999618530273,20.520000457763672,8.009113311767578,9491739
2005-02-28,20.639999389648438,20.709999084472656,20.450000762939453,20.559999465942383,8.024723052978516,11075720
2005-03-01,20.510000228881836,20.670000076293945,20.5,20.649999618530273,8.05985164642334,7981150
2005-03-02,20.59000015258789,20.8700008392334,20.5,20.709999084472656,8.083271026611328,11248610
2005-03-03,20.709999084472656,21.25,20.690000534057617,21.020000457763672,8.204263687133789,12911676
2005-03-04,21.020000457763672,21.350000381469727,21.030000686645508,21.350000381469727,8.333067893981934,8003335
2005-03-07,21.239999771118164,21.280000686645508,21.1200008392334,21.229999542236328,8.286230087280273,8792048
2005-03-08,21.149999618530273,21.209999084472656,20.979999542236328,21.149999618530273,8.255006790161133,6954968
2005-03-09,21.149999618530273,21.479999542236328,21.18000030517578,21.18000030517578,8.266715049743652,9298361
2005-03-10,21.18000030517578,20.950000762939453,20.690000534057617,20.739999771118164,8.094978332519531,23600248
2005-03-11,20.809999465942383,20.969999313354492,20.719999313354492,20.84000015258789,8.134007453918457,5181681
2005-03-14,20.81999969482422,20.940000534057617,20.760000228881836,20.780000686645508,8.110590934753418,14093270
2005-03-15,20.780000686645508,21.020000457763672,20.829999923706055,20.8799991607666,8.149622917175293,8483818
2005-03-16,20.8799991607666,20.940000534057617,20.31999969482422,20.399999618530273,7.962275505065918,19608656
2005-03-17,20.399999618530273,20.549999237060547,20.31999969482422,20.459999084472656,7.985691070556641,10785358
2005-03-18,20.600000381469727,20.670000076293945,20.420000076293945,20.670000076293945,8.067658424377441,35857550
2005-03-21,20.670000076293945,20.90999984741211,20.600000381469727,20.670000076293945,8.067658424377441,10903978
2005-03-22,20.709999084472656,20.75,20.3700008392334,20.6200008392334,8.04814338684082,6776988
2005-03-23,20.420000076293945,20.459999084472656,20.18000030517578,20.31999969482422,7.931050777435303,8282015
2005-03-24,20.25,20.479999542236328,20.149999618530273,20.399999618530273,7.962275505065918,23878350
2005-03-29,20.350000381469727,20.510000228881836,20.09000015258789,20.510000228881836,8.005208969116211,6666344
2005-03-30,20.350000381469727,20.459999084472656,20.25,20.25,7.9037299156188965,9436474
2005-03-31,20.43000030517578,20.6299991607666,20.350000381469727,20.420000076293945,7.970081329345703,7347019
2005-04-01,20.520000457763672,20.729999542236328,20.450000762939453,20.559999465942383,8.024723052978516,5956396
2005-04-04,20.549999237060547,20.8700008392334,20.5,20.670000076293945,8.067658424377441,7975413
2005-04-05,20.829999923706055,20.8799991607666,20.670000076293945,20.860000610351562,8.141816139221191,8414530
2005-04-06,20.899999618530273,21.1200008392334,20.860000610351562,21.040000915527344,8.21207332611084,9502986
2005-04-07,21.1200008392334,21.239999771118164,20.959999084472656,21.049999237060547,8.215971946716309,5282371
2005-04-08,21.049999237060547,21.18000030517578,20.690000534057617,20.770000457763672,8.10668659210205,7549846
2005-04-11,20.610000610351562,20.739999771118164,20.389999389648438,20.600000381469727,8.040336608886719,24638110
2005-04-12,20.670000076293945,20.719999313354492,20.510000228881836,20.600000381469727,8.040336608886719,5261712
2005-04-13,20.670000076293945,20.780000686645508,20.559999465942383,20.760000228881836,8.102787017822266,8078438
2005-04-14,20.549999237060547,20.850000381469727,20.530000686645508,20.809999465942383,8.122299194335938,9328948
2005-04-15,20.559999465942383,20.649999618530273,20.260000228881836,20.299999237060547,7.923241138458252,11010030
2005-04-18,19.899999618530273,20.020000457763672,19.729999542236328,19.8700008392334,7.755410194396973,13751470
2005-04-19,19.920000076293945,20.030000686645508,19.700000762939453,19.780000686645508,7.7202839851379395,9839401
2005-04-20,19.889999389648438,19.940000534057617,19.600000381469727,19.709999084472656,7.692959785461426,7515120
2005-04-21,19.709999084472656,19.760000228881836,19.5,19.6200008392334,7.657834529876709,10711033
2005-04-22,19.6200008392334,19.93000030517578,19.729999542236328,19.81999969482422,7.735894680023193,4229345
2005-04-25,19.760000228881836,20.040000915527344,19.760000228881836,19.969999313354492,7.794442176818848,4615334
2005-04-26,19.920000076293945,20.040000915527344,19.850000381469727,19.969999313354492,7.794442176818848,5564580
2005-04-27,19.950000762939453,19.950000762939453,19.59000015258789,19.670000076293945,7.677350997924805,9981188
2005-04-28,19.739999771118164,19.790000915527344,19.5,19.600000381469727,7.650028228759766,10803850
2005-04-29,19.600000381469727,19.739999771118164,19.520000457763672,19.6299991607666,7.661737442016602,4935408
2005-05-02,19.84000015258789,19.8700008392334,19.729999542236328,19.81999969482422,7.735894680023193,5526855
2005-05-03,19.739999771118164,19.920000076293945,19.690000534057617,19.90999984741211,7.771022796630859,4677398
2005-05-04,19.8799991607666,19.899999618530273,19.719999313354492,19.8700008392334,7.755410194396973,4024689
2005-05-05,19.979999542236328,20.18000030517578,19.979999542236328,20.079999923706055,7.837374687194824,6413497
2005-05-06,20.010000228881836,20.229999542236328,19.959999084472656,20.15999984741211,7.8686017990112305,5930949
2005-05-09,20.15999984741211,20.1299991607666,19.969999313354492,20.06999969482422,7.833473205566406,4955453
2005-05-10,20.06999969482422,20.1200008392334,19.90999984741211,19.969999313354492,7.794442176818848,4652658
2005-05-11,19.969999313354492,20.030000686645508,19.760000228881836,19.899999618530273,7.767118453979492,5375720
2005-05-12,20.010000228881836,20.100000381469727,19.799999237060547,19.899999618530273,7.767118453979492,5508301
2005-05-13,19.899999618530273,19.790000915527344,19.600000381469727,19.739999771118164,7.704671859741211,9108198
2005-05-16,19.600000381469727,19.729999542236328,19.59000015258789,19.68000030517578,7.681253910064697,3300881
2005-05-17,19.770000457763672,19.790000915527344,19.600000381469727,19.649999618530273,7.66954231262207,6782334
2005-05-18,19.75,20.030000686645508,19.75,19.950000762939453,7.786637783050537,8867519
2005-05-19,19.950000762939453,20.06999969482422,19.8700008392334,20.030000686645508,7.817860126495361,5178407
2005-05-20,20.030000686645508,20.139999389648438,19.899999618530273,19.950000762939453,7.786637783050537,4599303
2005-05-23,19.950000762939453,20.0,19.770000457763672,19.899999618530273,7.767118453979492,6987745
2005-05-24,19.920000076293945,20.049999237060547,19.8700008392334,19.940000534057617,7.78273344039917,7223591
2005-05-25,19.940000534057617,20.25,19.8799991607666,20.18000030517578,7.876405715942383,10187587
2005-05-26,20.18000030517578,20.6299991607666,20.219999313354492,20.56999969482422,8.028627395629883,9991062
2005-05-27,20.5,20.6299991607666,20.5,20.600000381469727,8.040336608886719,4753809
2005-05-30,20.610000610351562,20.799999237060547,20.540000915527344,20.75,8.098882675170898,4393042
2005-05-31,20.75,20.84000015258789,20.260000228881836,20.309999465942383,7.927147388458252,18986680
2005-06-01,20.309999465942383,20.540000915527344,20.229999542236328,20.479999542236328,7.993499279022217,17192162
2005-06-02,20.479999542236328,20.559999465942383,20.360000610351562,20.420000076293945,7.970081329345703,9138834
2005-06-03,20.420000076293945,20.5,20.200000762939453,20.309999465942383,7.927147388458252,6010344
2005-06-06,20.299999237060547,20.469999313354492,20.15999984741211,20.200000762939453,7.884212493896484,6437589
2005-06-07,20.200000762939453,20.270000457763672,20.06999969482422,20.219999313354492,7.892016887664795,10728941
2005-06-08,20.040000915527344,20.100000381469727,19.780000686645508,20.020000457763672,7.81395959854126,30263660
2005-06-09,19.899999618530273,19.959999084472656,19.739999771118164,19.899999618530273,7.767118453979492,14271550
2005-06-10,19.899999618530273,20.290000915527344,20.010000228881836,20.110000610351562,7.849084854125977,14454376
2005-06-13,20.110000610351562,20.360000610351562,19.959999084472656,20.290000915527344,7.91934061050415,9315840
2005-06-14,20.329999923706055,20.549999237060547,20.15999984741211,20.540000915527344,8.01691722869873,13964110
2005-06-15,20.6299991607666,20.739999771118164,20.540000915527344,20.670000076293945,8.067658424377441,13964320
2005-06-16,20.760000228881836,20.969999313354492,20.709999084472656,20.899999618530273,8.157426834106445,11908730
2005-06-17,20.899999618530273,21.34000015258789,20.8799991607666,21.219999313354492,8.282327651977539,37467932
2005-06-20,21.219999313354492,21.3799991607666,21.1200008392334,21.239999771118164,8.290132522583008,21455464
2005-06-21,21.239999771118164,21.3799991607666,21.239999771118164,21.3700008392334,8.340873718261719,8634137
2005-06-22,21.3700008392334,21.3799991607666,21.139999389648438,21.239999771118164,8.290132522583008,7165804
2005-06-23,21.280000686645508,21.639999389648438,21.18000030517578,21.579999923706055,8.422837257385254,11728570
2005-06-24,21.440000534057617,21.56999969482422,21.270000457763672,21.34000015258789,8.329163551330566,12965980
2005-06-27,21.34000015258789,21.40999984741211,21.170000076293945,21.3700008392334,8.340873718261719,19363560
2005-06-28,21.3700008392334,21.489999771118164,21.200000762939453,21.3700008392334,8.340873718261719,16779496
2005-06-29,21.389999389648438,21.389999389648438,21.200000762939453,21.200000762939453,8.274519920349121,20628100
2005-06-30,21.200000762939453,21.25,20.989999771118164,21.15999984741211,8.258906364440918,35387120
2005-07-01,21.059999465942383,21.489999771118164,21.059999465942383,21.489999771118164,8.387710571289062,47830010
2005-07-04,21.489999771118164,21.899999618530273,21.510000228881836,21.729999542236328,8.48138427734375,11521020
2005-07-05,21.479999542236328,22.0,21.510000228881836,21.959999084472656,8.67091178894043,24927458
2005-07-06,21.959999084472656,22.5,22.030000686645508,22.40999984741211,8.848592758178711,18561076
2005-07-07,22.399999618530273,22.399999618530273,21.100000381469727,22.06999969482422,8.71434497833252,26301910
2005-07-08,22.299999237060547,22.989999771118164,22.260000228881836,22.850000381469727,9.02232837677002,58254770
2005-07-11,22.809999465942383,22.959999084472656,22.639999389648438,22.780000686645508,8.994690895080566,8631032
2005-07-12,22.780000686645508,22.790000915527344,22.510000228881836,22.6200008392334,8.931513786315918,35335788
2005-07-13,22.690000534057617,22.959999084472656,22.670000076293945,22.959999084472656,9.065760612487793,14219280
2005-07-14,22.959999084472656,23.139999389648438,22.860000610351562,22.899999618530273,9.042071342468262,12631805
2005-07-15,22.899999618530273,22.84000015258789,22.459999084472656,22.700000762939453,8.963101387023926,7435655
2005-07-18,22.700000762939453,22.790000915527344,22.40999984741211,22.670000076293945,8.951255798339844,8083443
2005-07-19,22.75,23.09000015258789,22.65999984741211,23.09000015258789,9.117093086242676,9732464
2005-07-20,23.079999923706055,23.079999923706055,22.709999084472656,22.760000228881836,8.986795425415039,9086437
2005-07-21,22.760000228881836,22.889999389648438,22.469999313354492,22.729999542236328,8.974946975708008,14122711
2005-07-22,22.610000610351562,22.950000762939453,22.479999542236328,22.81999969482422,9.010480880737305,6726380
2005-07-25,23.049999237060547,23.239999771118164,23.049999237060547,23.149999618530273,9.140786170959473,7473183
2005-07-26,23.229999542236328,23.280000686645508,23.09000015258789,23.239999771118164,9.17631721496582,5084771
2005-07-27,23.239999771118164,23.459999084472656,23.190000534057617,23.280000686645508,9.192113876342773,6418321
2005-07-28,23.479999542236328,23.479999542236328,22.850000381469727,22.959999084472656,9.065760612487793,7887250
2005-07-29,22.959999084472656,23.209999084472656,22.959999084472656,23.1200008392334,9.128936767578125,6219260
2005-08-01,23.260000228881836,23.420000076293945,22.969999313354492,22.989999771118164,9.077608108520508,5927965
2005-08-02,22.969999313354492,23.229999542236328,22.950000762939453,23.229999542236328,9.172370910644531,5184989
2005-08-03,23.229999542236328,23.43000030517578,23.1299991607666,23.3799991607666,9.231600761413574,7270913
2005-08-04,23.3799991607666,23.3799991607666,22.93000030517578,23.040000915527344,9.097350120544434,6424118
2005-08-05,22.920000076293945,23.18000030517578,22.8700008392334,23.010000228881836,9.085504531860352,9506099
2005-08-08,23.040000915527344,23.420000076293945,23.020000457763672,23.420000076293945,9.247394561767578,10692450
2005-08-09,23.329999923706055,23.8700008392334,23.329999923706055,23.8700008392334,9.42507553100586,8805485
2005-08-10,23.8700008392334,23.989999771118164,23.760000228881836,23.969999313354492,9.464560508728027,10566374
2005-08-11,23.940000534057617,24.229999542236328,23.780000686645508,24.15999984741211,9.539582252502441,10236750
2005-08-12,24.280000686645508,24.299999237060547,23.93000030517578,24.149999618530273,9.535633087158203,4922152
2005-08-15,24.020000457763672,24.239999771118164,24.020000457763672,24.149999618530273,9.535633087158203,1923855
2005-08-16,24.149999618530273,24.25,23.719999313354492,23.850000381469727,9.417180061340332,5957477
2005-08-17,23.799999237060547,23.809999465942383,23.510000228881836,23.799999237060547,9.39743423461914,6969156
2005-08-18,23.799999237060547,23.690000534057617,23.469999313354492,23.520000457763672,9.286879539489746,7053846
2005-08-19,23.559999465942383,23.8799991607666,23.530000686645508,23.829999923706055,9.409281730651855,6374899
2005-08-22,23.829999923706055,24.5,23.989999771118164,24.09000015258789,9.511945724487305,6721856
2005-08-23,24.030000686645508,24.059999465942383,23.81999969482422,23.860000610351562,9.421128273010254,6097770
2005-08-24,23.739999771118164,23.8799991607666,23.6200008392334,23.850000381469727,9.417180061340332,7909057
2005-08-25,23.739999771118164,23.81999969482422,23.520000457763672,23.520000457763672,9.286879539489746,4831215
2005-08-26,23.530000686645508,23.670000076293945,23.079999923706055,23.170000076293945,9.14867877960205,22834680
2005-08-29,23.049999237060547,23.420000076293945,23.040000915527344,23.280000686645508,9.192113876342773,7207452
2005-08-30,23.34000015258789,23.479999542236328,23.329999923706055,23.3700008392334,9.227649688720703,5002816
2005-08-31,23.510000228881836,24.049999237060547,23.489999771118164,23.979999542236328,9.46850872039795,12235360
2005-09-01,23.979999542236328,24.540000915527344,24.030000686645508,24.540000915527344,9.68962574005127,9732678
2005-09-02,24.540000915527344,24.93000030517578,24.469999313354492,24.559999465942383,9.69752025604248,10000093
2005-09-05,24.5,24.700000762939453,24.34000015258789,24.6299991607666,9.725160598754883,10869840
2005-09-06,24.489999771118164,25.049999237060547,24.489999771118164,24.950000762939453,9.851513862609863,9195065
2005-09-07,24.950000762939453,25.040000915527344,24.84000015258789,24.90999984741211,9.835721015930176,9985548
2005-09-08,24.979999542236328,25.1200008392334,24.850000381469727,25.100000381469727,9.91074275970459,6743734
2005-09-09,25.100000381469727,25.649999618530273,25.100000381469727,25.6200008392334,10.116063117980957,7108052
2005-09-12,25.799999237060547,26.06999969482422,25.709999084472656,25.950000762939453,10.24636459350586,9659987
2005-09-13,25.889999389648438,26.06999969482422,25.559999465942383,25.600000381469727,10.10816764831543,9569405
2005-09-14,25.68000030517578,25.799999237060547,25.3700008392334,25.540000915527344,10.08447551727295,16464110
2005-09-15,25.639999389648438,25.969999313354492,25.549999237060547,25.649999618530273,10.127909660339355,8235544
2005-09-16,25.670000076293945,25.81999969482422,25.549999237060547,25.739999771118164,10.163444519042969,14506500
2005-09-19,25.739999771118164,26.190000534057617,25.489999771118164,26.059999465942383,10.289798736572266,11008290
2005-09-20,26.059999465942383,26.530000686645508,26.09000015258789,26.229999542236328,10.356922149658203,7850667
2005-09-21,26.15999984741211,26.399999618530273,26.100000381469727,26.1200008392334,10.31348991394043,9971345
2005-09-22,26.260000228881836,27.299999237060547,25.969999313354492,27.0,10.660958290100098,17260150
2005-09-23,27.0,28.809999465942383,26.729999542236328,27.959999084472656,11.040011405944824,13089284
2005-09-26,27.959999084472656,28.049999237060547,26.790000915527344,27.0,10.660958290100098,14109933
2005-09-27,27.0,27.450000762939453,26.8799991607666,27.079999923706055,10.692546844482422,7610930
2005-09-28,27.079999923706055,27.200000762939453,26.700000762939453,26.950000762939453,10.641216278076172,12212170
2005-09-29,27.020000457763672,27.149999618530273,26.809999465942383,27.149999618530273,10.720183372497559,6646362
2005-09-30,27.149999618530273,27.280000686645508,26.899999618530273,26.959999084472656,10.645164489746094,6113628
2005-10-03,26.969999313354492,27.350000381469727,26.950000762939453,27.270000457763672,10.767563819885254,5416408
2005-10-04,27.25,27.25,26.81999969482422,26.8700008392334,10.609626770019531,8140773
2005-10-05,26.600000381469727,26.68000030517578,26.020000457763672,26.020000457763672,10.274005889892578,11990000
2005-10-06,25.700000762939453,25.700000762939453,25.260000228881836,25.540000915527344,10.08447551727295,13940280
2005-10-07,25.540000915527344,25.790000915527344,25.3700008392334,25.559999465942383,10.092373847961426,7661130
2005-10-10,25.700000762939453,25.940000534057617,25.489999771118164,25.5,10.068681716918945,7565586
2005-10-11,25.420000076293945,25.579999923706055,25.389999389648438,25.440000534057617,10.044991493225098,9236431
2005-10-12,25.420000076293945,25.6299991607666,25.25,25.459999084472656,10.052886962890625,8078106
2005-10-13,25.34000015258789,25.520000457763672,24.829999923706055,24.889999389648438,9.827821731567383,10265153
2005-10-14,25.010000228881836,25.010000228881836,24.25,24.75,9.772543907165527,10863720
2005-10-17,25.0,25.43000030517578,24.969999313354492,25.059999465942383,9.89494800567627,9792284
2005-10-18,25.229999542236328,25.280000686645508,24.719999313354492,24.8700008392334,9.819926261901855,6124877
2005-10-19,24.270000457763672,24.600000381469727,24.1200008392334,24.600000381469727,9.7133207321167,19190320
2005-10-20,24.899999618530273,24.989999771118164,24.149999618530273,24.219999313354492,9.563272476196289,14559030
2005-10-21,24.219999313354492,24.18000030517578,23.600000381469727,23.969999313354492,9.464560508728027,14180478
2005-10-24,23.799999237060547,24.739999771118164,23.739999771118164,24.489999771118164,9.669881820678711,10298990
2005-10-25,24.3799991607666,24.600000381469727,24.100000381469727,24.360000610351562,9.618551254272461,6261243
2005-10-26,24.360000610351562,24.850000381469727,24.40999984741211,24.670000076293945,9.740955352783203,6506976
2005-10-27,24.670000076293945,24.6299991607666,24.15999984741211,24.200000762939453,9.555374145507812,7600326
2005-10-28,24.239999771118164,24.450000762939453,23.989999771118164,24.079999923706055,9.507993698120117,8343068
2005-10-31,24.239999771118164,24.959999084472656,24.1200008392334,24.84000015258789,9.80807876586914,8597970
2005-11-01,24.850000381469727,24.950000762939453,24.520000457763672,24.709999084472656,9.75675106048584,5370358
2005-11-02,24.709999084472656,24.989999771118164,24.530000686645508,24.989999771118164,9.8673095703125,5681383
2005-11-03,24.989999771118164,25.479999542236328,25.020000457763672,25.229999542236328,9.962072372436523,6028822
2005-11-04,25.229999542236328,25.729999542236328,25.299999237060547,25.389999389648438,10.025247573852539,6049447
2005-11-07,25.399999618530273,25.5,25.030000686645508,25.280000686645508,9.98181438446045,5756591
2005-11-08,25.280000686645508,25.43000030517578,25.06999969482422,25.25,9.969968795776367,3881635
2005-11-09,25.25,25.739999771118164,25.190000534057617,25.25,9.969968795776367,4069286
2005-11-10,25.0,25.15999984741211,24.34000015258789,24.520000457763672,9.681731224060059,10495820
2005-11-11,24.520000457763672,24.780000686645508,24.360000610351562,24.739999771118164,9.768597602844238,7125188
2005-11-14,24.610000610351562,25.149999618530273,24.5,24.850000381469727,9.812029838562012,6034778
2005-11-15,24.860000610351562,24.979999542236328,24.420000076293945,24.700000762939453,9.752802848815918,6394641
2005-11-16,24.579999923706055,24.65999984741211,24.110000610351562,24.530000686645508,9.685676574707031,5846831
2005-11-17,24.739999771118164,24.950000762939453,24.549999237060547,24.670000076293945,9.740955352783203,6039810
2005-11-18,24.889999389648438,25.200000762939453,24.729999542236328,24.899999618530273,9.831774711608887,6053139
2005-11-21,24.899999618530273,25.739999771118164,24.899999618530273,25.600000381469727,10.10816764831543,7857589
2005-11-22,25.850000381469727,26.030000686645508,25.479999542236328,25.8799991607666,10.21872329711914,7087845
2005-11-23,26.0,26.06999969482422,25.809999465942383,25.920000076293945,10.234519004821777,5476642
2005-11-24,25.829999923706055,25.969999313354492,25.510000228881836,25.969999313354492,10.254262924194336,5514918
2005-11-25,26.0,26.139999389648438,25.899999618530273,25.979999542236328,10.258210182189941,5424731
2005-11-28,25.93000030517578,26.399999618530273,25.510000228881836,25.649999618530273,10.127909660339355,9215380
2005-11-29,25.450000762939453,25.450000762939453,25.1299991607666,25.3700008392334,10.017354965209961,9088206
2005-11-30,25.3799991607666,25.3799991607666,25.010000228881836,25.010000228881836,9.875203132629395,8239706
2005-12-01,25.06999969482422,25.5,25.06999969482422,25.489999771118164,10.064732551574707,25398160
2005-12-02,25.600000381469727,25.700000762939453,25.31999969482422,25.559999465942383,10.092373847961426,5442444
2005-12-05,25.559999465942383,26.0,25.479999542236328,25.600000381469727,10.10816764831543,13510148
2005-12-06,25.690000534057617,25.760000228881836,25.350000381469727,25.540000915527344,10.08447551727295,6729962
2005-12-07,25.639999389648438,25.790000915527344,25.25,25.420000076293945,10.037093162536621,5898859
2005-12-08,25.420000076293945,25.5,25.030000686645508,25.459999084472656,10.052886962890625,15343184
2005-12-09,25.290000915527344,25.31999969482422,24.8799991607666,25.010000228881836,9.875203132629395,11991140
2005-12-12,25.010000228881836,25.3799991607666,24.90999984741211,25.049999237060547,9.890995979309082,12787896
2005-12-13,25.09000015258789,25.40999984741211,25.09000015258789,25.299999237060547,9.989712715148926,7474332
2005-12-14,25.299999237060547,25.549999237060547,25.100000381469727,25.34000015258789,10.005504608154297,16018983
2005-12-15,25.399999618530273,25.399999618530273,25.09000015258789,25.1299991607666,9.922587394714355,23874130
2005-12-16,25.079999923706055,25.600000381469727,25.020000457763672,25.139999389648438,9.926533699035645,30096786
2005-12-19,25.139999389648438,25.0,24.450000762939453,24.559999465942383,9.69752025604248,23787050
2005-12-20,24.479999542236328,24.920000076293945,24.459999084472656,24.739999771118164,9.768597602844238,16198080
2005-12-21,24.739999771118164,25.15999984741211,24.719999313354492,24.940000534057617,9.847563743591309,8472348
2005-12-22,24.829999923706055,25.0,24.760000228881836,24.850000381469727,9.812029838562012,18824920
2005-12-23,24.850000381469727,25.1299991607666,24.90999984741211,25.059999465942383,9.89494800567627,4339557
2005-12-27,24.969999313354492,25.200000762939453,24.969999313354492,25.079999923706055,9.902844429016113,7238920
2005-12-28,24.90999984741211,25.010000228881836,24.809999465942383,24.920000076293945,9.839667320251465,4493893
2005-12-29,25.0,25.209999084472656,24.969999313354492,25.020000457763672,9.879154205322266,3105930
2005-12-30,25.079999923706055,25.079999923706055,24.600000381469727,24.670000076293945,9.740955352783203,4090109
2006-01-02,24.75,25.010000228881836,24.690000534057617,24.959999084472656,9.855463981628418,2856666
2006-01-03,25.040000915527344,25.59000015258789,24.969999313354492,25.469999313354492,10.05683708190918,16414550
2006-01-04,25.469999313354492,25.93000030517578,25.360000610351562,25.690000534057617,10.14370346069336,15657076
2006-01-05,25.690000534057617,25.889999389648438,25.559999465942383,25.709999084472656,10.151599884033203,15532493
2006-01-09,25.709999084472656,26.350000381469727,25.950000762939453,26.100000381469727,10.305591583251953,45718244
2006-01-10,26.100000381469727,26.100000381469727,25.8700008392334,25.8700008392334,10.214776039123535,50808400
2006-01-11,25.8700008392334,26.1200008392334,25.799999237060547,26.020000457763672,10.274005889892578,13839930
2006-01-12,25.719999313354492,25.989999771118164,25.579999923706055,25.780000686645508,10.297971725463867,26572850
2006-01-13,25.700000762939453,25.719999313354492,25.260000228881836,25.440000534057617,10.162156105041504,16672470
2006-01-16,25.440000534057617,25.84000015258789,25.360000610351562,25.739999771118164,10.281991004943848,29403388
2006-01-17,25.6299991607666,25.84000015258789,25.34000015258789,25.739999771118164,10.281991004943848,32564180
2006-01-18,25.700000762939453,25.719999313354492,25.309999465942383,25.309999465942383,10.11022663116455,27440950
2006-01-19,25.399999618530273,25.479999542236328,25.059999465942383,25.139999389648438,10.042316436767578,9783469
2006-01-20,25.260000228881836,25.469999313354492,25.149999618530273,25.149999618530273,10.046313285827637,11141290
2006-01-23,24.899999618530273,25.18000030517578,24.75,24.950000762939453,9.966423034667969,8330522
2006-01-24,24.899999618530273,25.0,24.6299991607666,24.690000534057617,9.862565994262695,7495915
2006-01-25,24.690000534057617,24.780000686645508,24.540000915527344,24.780000686645508,9.898515701293945,7591384
2006-01-26,24.780000686645508,22.90999984741211,22.469999313354492,22.8799991607666,9.139547348022461,41494392
2006-01-27,22.93000030517578,22.950000762939453,21.899999618530273,22.170000076293945,8.855936050415039,30402790
2006-01-30,22.170000076293945,22.06999969482422,21.760000228881836,22.0,8.788028717041016,25303376
2006-01-31,22.190000534057617,22.540000915527344,22.06999969482422,22.309999465942383,8.911858558654785,34688120
2006-02-01,22.309999465942383,22.59000015258789,22.290000915527344,22.59000015258789,9.023706436157227,11788607
2006-02-02,22.59000015258789,22.59000015258789,22.219999313354492,22.280000686645508,8.899872779846191,13678772
2006-02-03,22.389999389648438,22.40999984741211,22.100000381469727,22.25,8.887893676757812,11170820
2006-02-06,22.729999542236328,23.34000015258789,22.729999542236328,23.18000030517578,9.25938892364502,22236490
2006-02-07,23.18000030517578,23.3799991607666,22.899999618530273,23.200000762939453,9.267374992370605,16031409
2006-02-08,23.200000762939453,23.09000015258789,22.760000228881836,22.889999389648438,9.143543243408203,11130828
2006-02-09,23.079999923706055,23.40999984741211,23.059999465942383,23.31999969482422,9.315308570861816,10763050
2006-02-10,23.31999969482422,23.360000610351562,23.170000076293945,23.360000610351562,9.33128547668457,8034855
2006-02-13,23.360000610351562,23.579999923706055,23.209999084472656,23.43000030517578,9.359251022338867,7749488
2006-02-14,23.43000030517578,23.420000076293945,23.0,23.190000534057617,9.263381958007812,8773712
2006-02-15,23.190000534057617,23.239999771118164,23.059999465942383,23.100000381469727,9.227428436279297,6687395
2006-02-16,23.100000381469727,23.209999084472656,23.079999923706055,23.18000030517578,9.25938892364502,8168490
2006-02-17,23.18000030517578,23.40999984741211,23.079999923706055,23.299999237060547,9.307319641113281,9458816
2006-02-20,23.329999923706055,23.520000457763672,23.299999237060547,23.489999771118164,9.383217811584473,5389128
2006-02-21,23.6299991607666,23.979999542236328,23.520000457763672,23.75,9.487074851989746,27681610
2006-02-22,23.75,23.75,23.43000030517578,23.59000015258789,9.423162460327148,7012985
2006-02-23,23.520000457763672,23.56999969482422,23.170000076293945,23.209999084472656,9.271369934082031,9609806
2006-02-24,23.299999237060547,24.049999237060547,23.290000915527344,23.770000457763672,9.49506664276123,12382100
2006-02-27,23.899999618530273,23.950000762939453,23.690000534057617,23.790000915527344,9.50305461883545,11019570
2006-02-28,23.649999618530273,23.729999542236328,23.25,23.440000534057617,9.363245010375977,8354024
2006-03-01,23.40999984741211,23.600000381469727,23.360000610351562,23.549999237060547,9.407182693481445,6342755
2006-03-02,23.549999237060547,24.260000228881836,23.299999237060547,23.799999237060547,9.507046699523926,13448110
2006-03-03,23.84000015258789,24.260000228881836,23.760000228881836,23.760000228881836,9.491072654724121,12889960
2006-03-06,23.850000381469727,23.969999313354492,23.549999237060547,23.59000015258789,9.423162460327148,9462824
2006-03-07,23.59000015258789,23.489999771118164,23.170000076293945,23.3799991607666,9.339278221130371,8229515
2006-03-08,23.3799991607666,23.450000762939453,22.959999084472656,23.149999618530273,9.247404098510742,9365745
2006-03-09,23.280000686645508,23.350000381469727,23.100000381469727,23.25,9.287349700927734,6997453
2006-03-10,23.100000381469727,23.200000762939453,22.829999923706055,23.200000762939453,9.267374992370605,10653200
2006-03-13,23.09000015258789,23.329999923706055,23.15999984741211,23.25,9.287349700927734,5728350
2006-03-14,23.25,23.329999923706055,23.030000686645508,23.200000762939453,9.267374992370605,6067670
2006-03-15,23.200000762939453,23.440000534057617,23.200000762939453,23.299999237060547,9.307319641113281,7868700
2006-03-16,23.299999237060547,23.940000534057617,23.25,23.709999084472656,9.47109603881836,21364036
2006-03-17,23.709999084472656,24.030000686645508,23.649999618530273,23.75,9.487074851989746,20180384
2006-03-20,23.75,24.0,23.729999542236328,23.8799991607666,9.539002418518066,15809332
2006-03-21,23.8799991607666,23.780000686645508,23.559999465942383,23.75,9.487074851989746,5845653
2006-03-22,23.56999969482422,23.75,23.510000228881836,23.709999084472656,9.47109603881836,5215413
2006-03-23,23.709999084472656,23.770000457763672,23.329999923706055,23.469999313354492,9.375226020812988,10336176
2006-03-24,23.549999237060547,23.780000686645508,23.479999542236328,23.709999084472656,9.47109603881836,9098060
2006-03-27,23.6299991607666,23.739999771118164,23.40999984741211,23.440000534057617,9.363245010375977,4559474
2006-03-28,23.5,23.6299991607666,23.020000457763672,23.209999084472656,9.271369934082031,12429940
2006-03-29,23.440000534057617,23.450000762939453,23.100000381469727,23.299999237060547,9.307319641113281,7162308
2006-03-30,23.5,23.600000381469727,23.399999618530273,23.5,9.387208938598633,5722676
2006-03-31,23.299999237060547,23.649999618530273,23.25,23.440000534057617,9.363245010375977,6738123
2006-04-03,23.440000534057617,23.68000030517578,23.420000076293945,23.530000686645508,9.399197578430176,6842035
2006-04-04,23.530000686645508,23.40999984741211,23.0,23.170000076293945,9.255390167236328,10140646
2006-04-05,23.170000076293945,23.280000686645508,22.920000076293945,23.25,9.287349700927734,10607486
2006-04-06,23.25,23.510000228881836,23.229999542236328,23.350000381469727,9.327293395996094,7916646
2006-04-07,23.350000381469727,23.68000030517578,23.329999923706055,23.489999771118164,9.383217811584473,7246119
2006-04-10,23.450000762939453,23.6299991607666,23.219999313354492,23.56999969482422,9.415173530578613,6078282
2006-04-11,23.549999237060547,23.799999237060547,23.299999237060547,23.3700008392334,9.335281372070312,7821159
2006-04-12,23.549999237060547,23.530000686645508,23.100000381469727,23.170000076293945,9.255390167236328,7583315
2006-04-13,23.170000076293945,23.270000457763672,22.93000030517578,23.100000381469727,9.227428436279297,3010371
2006-04-18,23.100000381469727,23.719999313354492,23.100000381469727,23.59000015258789,9.423162460327148,8990018
2006-04-19,23.739999771118164,23.84000015258789,23.540000915527344,23.829999923706055,9.519031524658203,9808113
2006-04-20,23.829999923706055,24.139999389648438,23.600000381469727,23.719999313354492,9.475092887878418,9993298
2006-04-21,23.719999313354492,23.989999771118164,23.790000915527344,23.979999542236328,9.578949928283691,8705468
2006-04-24,23.979999542236328,24.489999771118164,23.850000381469727,24.309999465942383,9.710770606994629,10624442
2006-04-25,24.309999465942383,24.5,23.899999618530273,23.989999771118164,9.582942962646484,9631368
2006-04-26,24.010000228881836,24.239999771118164,23.950000762939453,24.1299991607666,9.638866424560547,5401766
2006-04-27,24.020000457763672,24.139999389648438,23.600000381469727,23.940000534057617,9.562972068786621,12905610
2006-04-28,23.940000534057617,23.860000610351562,23.549999237060547,23.68000030517578,9.459114074707031,4913578
2006-05-02,22.959999084472656,23.549999237060547,22.940000534057617,23.530000686645508,9.399197578430176,12020270
2006-05-03,23.530000686645508,23.479999542236328,23.020000457763672,23.219999313354492,9.27536392211914,11465472
2006-05-04,23.219999313354492,23.290000915527344,23.059999465942383,23.219999313354492,9.27536392211914,7074051
2006-05-05,23.219999313354492,23.239999771118164,23.079999923706055,23.209999084472656,9.271369934082031,4968675
2006-05-08,23.200000762939453,23.34000015258789,22.549999237060547,22.860000610351562,9.131561279296875,8991808
2006-05-09,22.860000610351562,22.950000762939453,22.709999084472656,22.84000015258789,9.123571395874023,8504899
2006-05-10,22.84000015258789,22.790000915527344,22.3700008392334,22.579999923706055,9.019713401794434,10895384
2006-05-11,22.579999923706055,22.610000610351562,22.200000762939453,22.309999465942383,8.911858558654785,11313374
2006-05-12,22.1200008392334,22.200000762939453,21.510000228881836,21.549999237060547,8.608269691467285,16543350
2006-05-15,21.299999237060547,21.719999313354492,21.15999984741211,21.479999542236328,8.580309867858887,10226250
2006-05-16,21.479999542236328,21.579999923706055,21.260000228881836,21.420000076293945,8.556344032287598,8101336
2006-05-17,21.489999771118164,21.600000381469727,20.520000457763672,20.549999237060547,8.208816528320312,9655064
2006-05-18,20.59000015258789,20.780000686645508,20.31999969482422,20.610000610351562,8.232786178588867,9797057
2006-05-19,20.610000610351562,20.700000762939453,20.100000381469727,20.40999984741211,8.152894973754883,10423475
2006-05-22,20.469999313354492,20.639999389648438,20.0,20.209999084472656,8.072998046875,13096630
2006-05-23,20.209999084472656,21.229999542236328,20.399999618530273,21.100000381469727,8.428518295288086,15466656
2006-05-24,21.100000381469727,21.3799991607666,20.959999084472656,21.209999084472656,8.472458839416504,14907559
2006-05-25,21.110000610351562,21.780000686645508,21.0,21.739999771118164,8.68416976928711,10297930
2006-05-26,21.739999771118164,21.989999771118164,21.639999389648438,21.989999771118164,8.784034729003906,16428389
2006-05-29,21.989999771118164,22.190000534057617,21.920000076293945,22.049999237060547,8.808001518249512,4188848
2006-05-30,21.959999084472656,22.09000015258789,21.299999237060547,21.420000076293945,8.556344032287598,6422320
2006-05-31,21.420000076293945,21.780000686645508,21.1299991607666,21.770000457763672,8.696154594421387,6912670
2006-06-01,21.770000457763672,21.969999313354492,21.5,21.899999618530273,8.748082160949707,9034889
2006-06-02,22.059999465942383,22.079999923706055,21.6200008392334,21.8700008392334,8.736100196838379,5341483
2006-06-05,21.8700008392334,22.1200008392334,21.670000076293945,21.90999984741211,8.75207805633545,5016766
2006-06-06,21.530000686645508,21.75,21.399999618530273,21.5,8.588300704956055,8897180
2006-06-07,21.600000381469727,21.690000534057617,21.260000228881836,21.530000686645508,8.600284576416016,5655751
2006-06-08,21.530000686645508,21.270000457763672,20.920000076293945,20.989999771118164,8.384577751159668,16036811
2006-06-09,21.1200008392334,21.34000015258789,20.850000381469727,21.25,8.488434791564941,11461560
2006-06-12,21.25,21.350000381469727,20.93000030517578,21.059999465942383,8.412542343139648,4978107
2006-06-13,20.639999389648438,20.850000381469727,20.309999465942383,20.3799991607666,8.140909194946289,66162940
2006-06-14,20.5,20.649999618530273,20.299999237060547,20.510000228881836,8.192840576171875,29951830
2006-06-15,20.510000228881836,20.84000015258789,20.3700008392334,20.719999313354492,8.276725769042969,13670037
2006-06-16,20.719999313354492,21.299999237060547,20.84000015258789,20.860000610351562,8.332649230957031,20260664
2006-06-19,20.860000610351562,21.149999618530273,20.760000228881836,20.8799991607666,8.34063720703125,11484055
2006-06-20,20.719999313354492,21.09000015258789,20.600000381469727,21.030000686645508,8.400557518005371,19318880
2006-06-21,20.84000015258789,20.989999771118164,20.649999618530273,20.81999969482422,8.316669464111328,23803980
2006-06-22,20.81999969482422,21.219999313354492,20.860000610351562,21.049999237060547,8.40854263305664,9361270
2006-06-23,21.049999237060547,21.399999618530273,20.979999542236328,21.350000381469727,8.52838134765625,9960606
2006-06-26,21.350000381469727,21.56999969482422,21.3700008392334,21.489999771118164,8.584304809570312,23354084
2006-06-27,21.489999771118164,21.889999389648438,21.559999465942383,21.639999389648438,8.644224166870117,12835334
2006-06-28,21.530000686645508,21.780000686645508,21.440000534057617,21.59000015258789,8.624249458312988,7558644
2006-06-29,21.899999618530273,22.09000015258789,21.75,22.049999237060547,8.808001518249512,24434790
2006-06-30,22.049999237060547,22.5,21.979999542236328,22.389999389648438,8.943814277648926,18243720
2006-07-03,22.360000610351562,22.790000915527344,22.360000610351562,22.700000762939453,9.067647933959961,14874450
2006-07-04,22.700000762939453,22.719999313354492,22.530000686645508,22.690000534057617,9.063652992248535,15077094
2006-07-05,22.389999389648438,22.3700008392334,22.010000228881836,22.149999618530273,8.966497421264648,7066931
2006-07-06,22.260000228881836,22.700000762939453,22.260000228881836,22.559999465942383,9.132469177246094,10543680
2006-07-07,22.559999465942383,22.81999969482422,22.399999618530273,22.59000015258789,9.144613265991211,15432130
2006-07-10,22.59000015258789,22.719999313354492,22.40999984741211,22.68000030517578,9.181045532226562,15175679
2006-07-11,22.68000030517578,22.6200008392334,22.219999313354492,22.450000762939453,9.087940216064453,21551960
2006-07-12,22.649999618530273,22.829999923706055,22.399999618530273,22.549999237060547,9.128424644470215,7831949
2006-07-13,22.549999237060547,22.469999313354492,22.1299991607666,22.239999771118164,9.002930641174316,12410236
2006-07-14,22.149999618530273,22.360000610351562,22.110000610351562,22.139999389648438,8.962449073791504,13878430
2006-07-17,22.139999389648438,22.270000457763672,21.81999969482422,21.950000762939453,8.885536193847656,13994362
2006-07-18,21.950000762939453,21.950000762939453,21.6299991607666,21.790000915527344,8.820768356323242,5974333
2006-07-19,21.790000915527344,22.149999618530273,21.59000015258789,22.1299991607666,8.958399772644043,7926036
2006-07-20,22.1299991607666,22.360000610351562,22.0,22.100000381469727,8.946258544921875,14111982
2006-07-21,22.0,22.25,21.889999389648438,21.90999984741211,8.869344711303711,14425390
2006-07-24,21.860000610351562,22.239999771118164,21.860000610351562,22.200000762939453,8.986739158630371,8769238
2006-07-25,22.200000762939453,22.56999969482422,22.239999771118164,22.43000030517578,9.07984447479248,12762713
2006-07-26,22.469999313354492,22.59000015258789,22.25,22.420000076293945,9.075796127319336,5766654
2006-07-27,22.459999084472656,22.600000381469727,22.25,22.450000762939453,9.087940216064453,7470791
2006-07-28,22.25,22.389999389648438,22.110000610351562,22.3700008392334,9.05555534362793,12249120
2006-07-31,22.3700008392334,22.399999618530273,21.940000534057617,22.0,8.905776977539062,13166830
2006-08-01,22.0,22.360000610351562,21.950000762939453,22.010000228881836,8.90982437133789,6484693
2006-08-02,22.149999618530273,22.43000030517578,22.059999465942383,22.389999389648438,9.063651084899902,5279149
2006-08-03,22.389999389648438,22.34000015258789,21.93000030517578,22.170000076293945,8.97459602355957,10797242
2006-08-04,22.190000534057617,22.260000228881836,22.100000381469727,22.25,9.006978034973145,6771261
2006-08-07,22.110000610351562,22.149999618530273,21.8700008392334,22.010000228881836,8.90982437133789,5338477
2006-08-08,22.010000228881836,22.239999771118164,21.969999313354492,22.079999923706055,8.93816089630127,6860482
2006-08-09,22.18000030517578,22.280000686645508,21.940000534057617,22.229999542236328,8.998886108398438,5194769
2006-08-10,22.049999237060547,22.170000076293945,21.940000534057617,22.15999984741211,8.970544815063477,6195935
2006-08-11,22.18000030517578,22.219999313354492,21.84000015258789,21.989999771118164,8.901729583740234,8381607
2006-08-14,21.989999771118164,22.280000686645508,22.059999465942383,22.239999771118164,9.002930641174316,3715282
2006-08-15,22.239999771118164,22.420000076293945,22.09000015258789,22.350000381469727,9.047459602355957,5356506
2006-08-16,22.350000381469727,22.479999542236328,22.25,22.3799991607666,9.059603691101074,6159430
2006-08-17,22.459999084472656,22.469999313354492,22.209999084472656,22.3700008392334,9.05555534362793,4168637
2006-08-18,22.299999237060547,22.489999771118164,22.200000762939453,22.309999465942383,9.031267166137695,3709752
2006-08-21,22.309999465942383,22.65999984741211,22.309999465942383,22.540000915527344,9.124374389648438,7399916
2006-08-22,22.739999771118164,22.790000915527344,22.5,22.639999389648438,9.164854049682617,6507245
2006-08-23,22.639999389648438,22.68000030517578,22.459999084472656,22.549999237060547,9.128424644470215,3560781
2006-08-24,22.5,22.649999618530273,22.3799991607666,22.479999542236328,9.10008430480957,5832774
2006-08-25,22.59000015258789,22.639999389648438,22.420000076293945,22.540000915527344,9.124374389648438,8057219
2006-08-28,22.579999923706055,22.760000228881836,22.43000030517578,22.639999389648438,9.164854049682617,3181724
2006-08-29,22.639999389648438,22.889999389648438,22.540000915527344,22.639999389648438,9.164854049682617,6356619
2006-08-30,22.639999389648438,22.8700008392334,22.549999237060547,22.600000381469727,9.148662567138672,8234236
2006-08-31,22.600000381469727,22.719999313354492,22.3700008392334,22.440000534057617,9.083893775939941,6311599
2006-09-01,22.440000534057617,22.56999969482422,22.3799991607666,22.389999389648438,9.063651084899902,6621532
2006-09-04,22.389999389648438,22.530000686645508,22.420000076293945,22.520000457763672,9.116277694702148,3223585
2006-09-05,22.530000686645508,22.530000686645508,22.31999969482422,22.389999389648438,9.063651084899902,8980621
2006-09-06,22.389999389648438,22.40999984741211,22.1200008392334,22.1299991607666,8.958399772644043,5326838
2006-09-07,22.1299991607666,22.06999969482422,21.760000228881836,21.90999984741211,8.869344711303711,12105517
2006-09-08,21.989999771118164,22.09000015258789,21.860000610351562,22.030000686645508,8.917920112609863,8158485
2006-09-11,21.899999618530273,21.93000030517578,21.6200008392334,21.790000915527344,8.820768356323242,8185731
2006-09-12,21.790000915527344,21.959999084472656,21.600000381469727,21.850000381469727,8.845057487487793,9194945
2006-09-13,21.850000381469727,21.940000534057617,21.520000457763672,21.610000610351562,8.747903823852539,9835049
2006-09-14,21.610000610351562,21.81999969482422,21.440000534057617,21.489999771118164,8.699326515197754,6925996
2006-09-15,21.43000030517578,21.719999313354492,21.3700008392334,21.549999237060547,8.723611831665039,25225680
2006-09-18,21.549999237060547,21.920000076293945,21.579999923706055,21.739999771118164,8.800528526306152,12537849
2006-09-19,21.829999923706055,21.8799991607666,21.649999618530273,21.649999618530273,8.76409912109375,5895282
2006-09-20,21.690000534057617,21.729999542236328,21.56999969482422,21.709999084472656,8.788384437561035,8959233
2006-09-21,21.709999084472656,21.899999618530273,21.649999618530273,21.84000015258789,8.841011047363281,6213882
2006-09-22,21.709999084472656,21.989999771118164,21.670000076293945,21.690000534057617,8.780285835266113,5810363
2006-09-25,21.690000534057617,21.75,21.40999984741211,21.520000457763672,8.711468696594238,9022638
2006-09-26,21.6200008392334,22.049999237060547,21.520000457763672,21.959999084472656,8.889586448669434,10309650
2006-09-27,21.959999084472656,23.170000076293945,22.34000015258789,22.81999969482422,9.23771858215332,28166376
2006-09-28,22.81999969482422,24.030000686645508,22.90999984741211,23.399999618530273,9.472508430480957,24362040
2006-09-29,23.399999618530273,23.84000015258789,23.3700008392334,23.469999313354492,9.500844955444336,13845377
2006-10-02,23.6200008392334,23.950000762939453,23.489999771118164,23.719999313354492,9.602046966552734,13690460
2006-10-03,23.719999313354492,23.579999923706055,23.020000457763672,23.299999237060547,9.432027816772461,18731954
2006-10-04,23.190000534057617,23.299999237060547,22.959999084472656,23.229999542236328,9.403692245483398,20572850
2006-10-05,23.579999923706055,23.780000686645508,23.40999984741211,23.780000686645508,9.626334190368652,13391040
2006-10-06,23.780000686645508,23.940000534057617,23.5,23.81999969482422,9.642528533935547,18283086
2006-10-09,23.81999969482422,23.889999389648438,23.719999313354492,23.75,9.614192962646484,17581580
2006-10-10,23.75,24.649999618530273,23.81999969482422,24.6200008392334,9.966373443603516,23593768
2006-10-11,24.6200008392334,25.65999984741211,24.40999984741211,25.479999542236328,10.314507484436035,36684408
2006-10-12,25.479999542236328,25.700000762939453,25.1200008392334,25.649999618530273,10.383328437805176,16683335
2006-10-13,25.649999618530273,26.360000610351562,25.440000534057617,26.15999984741211,10.589777946472168,23768424
2006-10-16,26.15999984741211,27.350000381469727,26.1299991607666,27.350000381469727,11.071499824523926,107555456
2006-10-17,27.350000381469727,26.290000915527344,25.579999923706055,25.700000762939453,10.403569221496582,57460060
2006-10-18,25.700000762939453,25.860000610351562,24.950000762939453,25.739999771118164,10.419756889343262,28091294
2006-10-19,25.649999618530273,25.93000030517578,25.440000534057617,25.780000686645508,10.435951232910156,14918910
2006-10-20,25.780000686645508,26.059999465942383,25.75,26.049999237060547,10.545249938964844,10110412
2006-10-23,26.049999237060547,26.100000381469727,25.549999237060547,25.850000381469727,10.464287757873535,9981301
2006-10-24,25.940000534057617,25.940000534057617,25.559999465942383,25.729999542236328,10.415712356567383,12696130
2006-10-25,25.729999542236328,25.729999542236328,25.440000534057617,25.600000381469727,10.36308765411377,21311476
2006-10-26,25.690000534057617,25.829999923706055,25.649999618530273,25.799999237060547,10.444046020507812,18045940
2006-10-27,26.200000762939453,26.700000762939453,25.899999618530273,26.0,10.525008201599121,19577480
2006-10-30,25.989999771118164,26.06999969482422,25.75,25.950000762939453,10.504769325256348,16150900
2006-10-31,25.950000762939453,26.040000915527344,25.84000015258789,26.0,10.525008201599121,15272660
2006-11-01,26.0,26.09000015258789,25.889999389648438,25.90999984741211,10.488578796386719,12620742
2006-11-02,25.90999984741211,26.399999618530273,25.920000076293945,26.18000030517578,10.597870826721191,16169891
2006-11-03,26.350000381469727,26.739999771118164,26.260000228881836,26.649999618530273,10.78813362121582,13202940
2006-11-06,26.649999618530273,27.06999969482422,26.479999542236328,27.049999237060547,10.95005989074707,30440640
2006-11-07,27.149999618530273,27.959999084472656,27.149999618530273,27.760000228881836,11.237470626831055,50825790
2006-11-08,27.760000228881836,28.100000381469727,27.649999618530273,27.799999237060547,11.253664016723633,65603676
2006-11-09,27.799999237060547,28.040000915527344,27.6200008392334,27.90999984741211,11.298192977905273,10883414
2006-11-10,27.90999984741211,27.8799991607666,27.649999618530273,27.799999237060547,11.253664016723633,12802557
2006-11-13,27.799999237060547,28.0,27.59000015258789,27.799999237060547,11.253664016723633,14553543
2006-11-14,27.799999237060547,28.549999237060547,27.799999237060547,28.40999984741211,11.500596046447754,16316210
2006-11-15,28.469999313354492,28.549999237060547,27.6200008392334,27.899999618530273,11.294144630432129,13310720
2006-11-16,28.0,28.030000686645508,27.360000610351562,27.809999465942383,11.257712364196777,9606315
2006-11-17,27.809999465942383,27.399999618530273,27.079999923706055,27.190000534057617,11.006733894348145,20950208
2006-11-20,26.899999618530273,27.579999923706055,26.809999465942383,27.549999237060547,11.152462005615234,13752910
2006-11-21,27.5,27.75,27.219999313354492,27.649999618530273,11.192939758300781,8734281
2006-11-22,27.649999618530273,27.899999618530273,27.6299991607666,27.799999237060547,11.253664016723633,7435050
2006-11-23,27.799999237060547,27.81999969482422,27.530000686645508,27.799999237060547,11.253664016723633,5083160
2006-11-24,27.799999237060547,27.799999237060547,27.450000762939453,27.649999618530273,11.192939758300781,8887780
2006-11-27,27.649999618530273,27.799999237060547,27.34000015258789,27.399999618530273,11.091739654541016,20829990
2006-11-28,27.399999618530273,27.700000762939453,27.25,27.530000686645508,11.144363403320312,14890294
2006-11-29,27.530000686645508,27.799999237060547,27.139999389648438,27.700000762939453,11.213183403015137,10124479
2006-11-30,27.549999237060547,27.690000534057617,27.0,27.100000381469727,10.970295906066895,11839330
2006-12-01,27.100000381469727,27.229999542236328,26.600000381469727,26.84000015258789,10.865047454833984,12000696
2006-12-04,26.84000015258789,27.190000534057617,26.799999237060547,27.149999618530273,10.990537643432617,8797608
2006-12-05,27.290000915527344,27.670000076293945,27.209999084472656,27.600000381469727,11.172704696655273,25551070
2006-12-06,27.690000534057617,27.860000610351562,27.600000381469727,27.700000762939453,11.213183403015137,7554004
2006-12-07,27.5,27.899999618530273,27.5,27.709999084472656,11.217228889465332,14611540
2006-12-08,27.700000762939453,27.829999923706055,27.3700008392334,27.700000762939453,11.213183403015137,4426987
2006-12-11,27.75,27.8799991607666,27.6299991607666,27.75,11.233423233032227,8366091
2006-12-12,27.75,27.780000686645508,27.600000381469727,27.709999084472656,11.217228889465332,20659608
2006-12-13,27.65999984741211,27.93000030517578,27.559999465942383,27.90999984741211,11.298192977905273,26604060
2006-12-14,27.899999618530273,27.979999542236328,27.700000762939453,27.84000015258789,11.269857406616211,9744092
2006-12-15,27.84000015258789,27.93000030517578,27.65999984741211,27.799999237060547,11.253664016723633,44670776
2006-12-18,27.799999237060547,27.799999237060547,27.1299991607666,27.1299991607666,10.982439041137695,44079040
2006-12-19,26.770000457763672,27.219999313354492,26.600000381469727,26.959999084472656,10.913625717163086,9993145
2006-12-20,27.1299991607666,27.209999084472656,26.709999084472656,26.920000076293945,10.897435188293457,15378030
2006-12-21,26.920000076293945,26.93000030517578,25.860000610351562,26.600000381469727,10.767892837524414,72570980
2006-12-22,26.600000381469727,26.549999237060547,26.25,26.25,10.626213073730469,28569780
2006-12-27,25.969999313354492,26.59000015258789,25.940000534057617,26.5,10.727413177490234,5473736
2006-12-28,26.40999984741211,26.56999969482422,26.219999313354492,26.40999984741211,10.690979957580566,12347960
2006-12-29,26.40999984741211,26.450000762939453,26.06999969482422,26.200000762939453,10.60597038269043,4548052
2007-01-02,26.309999465942383,26.850000381469727,26.290000915527344,26.6299991607666,10.780037879943848,21875370
2007-01-03,26.6299991607666,26.809999465942383,26.3700008392334,26.549999237060547,10.74765396118164,12659731
2007-01-04,26.25,26.549999237060547,26.0,26.530000686645508,10.739558219909668,20710380
2007-01-05,26.530000686645508,26.530000686645508,25.899999618530273,26.040000915527344,10.541202545166016,15003365
2007-01-08,26.040000915527344,26.290000915527344,25.899999618530273,25.950000762939453,10.504769325256348,7323699
2007-01-09,25.950000762939453,25.950000762939453,25.219999313354492,25.469999313354492,10.310460090637207,26059848
2007-01-10,25.469999313354492,25.469999313354492,25.100000381469727,25.219999313354492,10.209259986877441,36485232
2007-01-11,24.860000610351562,25.280000686645508,24.729999542236328,25.25,10.36941909790039,10162728
2007-01-12,25.059999465942383,25.459999084472656,25.010000228881836,25.219999313354492,10.357099533081055,23549090
2007-01-15,25.219999313354492,25.690000534057617,25.219999313354492,25.399999618530273,10.431022644042969,6696957
2007-01-16,25.399999618530273,25.479999542236328,24.81999969482422,24.950000762939453,10.246219635009766,33037680
2007-01-17,24.950000762939453,25.030000686645508,24.510000228881836,24.790000915527344,10.180512428283691,14975506
2007-01-18,24.790000915527344,25.0,24.559999465942383,24.719999313354492,10.151765823364258,17666538
2007-01-19,24.719999313354492,24.899999618530273,24.510000228881836,24.780000686645508,10.176405906677246,35126124
2007-01-22,24.780000686645508,25.0,24.639999389648438,24.709999084472656,10.147658348083496,21058922
2007-01-23,24.600000381469727,24.889999389648438,24.549999237060547,24.700000762939453,10.1435546875,6303333
2007-01-24,24.700000762939453,25.34000015258789,24.700000762939453,25.190000534057617,10.344779968261719,23343078
2007-01-25,25.190000534057617,25.3799991607666,25.010000228881836,25.06999969482422,10.295498847961426,5608791
2007-01-26,25.06999969482422,25.06999969482422,24.780000686645508,24.899999618530273,10.225687026977539,14645112
2007-01-29,24.899999618530273,25.040000915527344,24.809999465942383,24.8700008392334,10.21336555480957,3423423
2007-01-30,24.93000030517578,25.290000915527344,24.760000228881836,25.139999389648438,10.324244499206543,5750215
2007-01-31,25.139999389648438,25.399999618530273,24.989999771118164,25.139999389648438,10.324244499206543,6134633
2007-02-01,25.5,25.549999237060547,25.200000762939453,25.280000686645508,10.381739616394043,7969811
2007-02-02,25.399999618530273,25.469999313354492,25.209999084472656,25.350000381469727,10.410487174987793,4290502
2007-02-05,25.350000381469727,25.68000030517578,25.200000762939453,25.639999389648438,10.529582977294922,6000374
2007-02-06,25.700000762939453,25.799999237060547,25.399999618530273,25.510000228881836,10.4761962890625,15737380
2007-02-07,25.510000228881836,25.549999237060547,25.25,25.43000030517578,10.443340301513672,8165943
2007-02-08,25.399999618530273,25.399999618530273,25.15999984741211,25.270000457763672,10.377634048461914,5595618
2007-02-09,25.270000457763672,25.469999313354492,25.270000457763672,25.309999465942383,10.394059181213379,3639904
2007-02-12,25.200000762939453,25.219999313354492,25.049999237060547,25.18000030517578,10.340673446655273,4554286
2007-02-13,25.18000030517578,25.420000076293945,25.18000030517578,25.389999389648438,10.426915168762207,11453965
2007-02-14,25.389999389648438,25.469999313354492,25.25,25.440000534057617,10.447446823120117,8401987
2007-02-15,25.440000534057617,25.5,25.149999618530273,25.229999542236328,10.361207008361816,7560479
2007-02-16,25.229999542236328,25.3799991607666,24.899999618530273,25.079999923706055,10.299606323242188,10434349
2007-02-19,25.049999237060547,25.15999984741211,24.920000076293945,25.09000015258789,10.30371379852295,4070255
2007-02-20,25.059999465942383,25.06999969482422,24.760000228881836,24.950000762939453,10.246219635009766,5678971
2007-02-21,24.950000762939453,25.06999969482422,24.799999237060547,24.920000076293945,10.233901023864746,4615368
2007-02-22,24.920000076293945,25.139999389648438,24.81999969482422,24.860000610351562,10.209257125854492,4278878
2007-02-23,24.889999389648438,25.020000457763672,24.799999237060547,24.989999771118164,10.26264762878418,7376672
2007-02-26,25.059999465942383,25.31999969482422,25.040000915527344,25.190000534057617,10.344779968261719,5583908
2007-02-27,25.190000534057617,25.190000534057617,24.399999618530273,24.540000915527344,10.07784366607666,19640492
2007-02-28,24.540000915527344,24.540000915527344,24.0,24.030000686645508,9.86840534210205,13143296
2007-03-01,23.809999465942383,24.290000915527344,23.399999618530273,23.760000228881836,9.757522583007812,17098610
2007-03-02,23.760000228881836,24.010000228881836,23.239999771118164,23.450000762939453,9.630213737487793,12193938
2007-03-05,23.450000762939453,23.5,23.0,23.329999923706055,9.5809326171875,17897912
2007-03-06,23.329999923706055,23.520000457763672,23.239999771118164,23.360000610351562,9.593253135681152,6385689
2007-03-07,23.360000610351562,23.5,23.15999984741211,23.329999923706055,9.5809326171875,6126006
2007-03-08,23.329999923706055,23.81999969482422,23.329999923706055,23.81999969482422,9.7821626663208,7067690
2007-03-09,24.0,24.139999389648438,23.6200008392334,24.020000457763672,9.864296913146973,8547181
2007-03-12,24.020000457763672,24.190000534057617,23.709999084472656,23.959999084472656,9.839653968811035,7564169
2007-03-13,23.770000457763672,24.0,23.700000762939453,23.780000686645508,9.765734672546387,8431544
2007-03-14,23.780000686645508,23.780000686645508,22.899999618530273,23.020000457763672,9.45362377166748,15200220
2007-03-15,23.020000457763672,23.420000076293945,23.020000457763672,23.420000076293945,9.617895126342773,18685540
2007-03-16,23.420000076293945,24.350000381469727,23.1200008392334,24.15999984741211,9.921792030334473,23227572
2007-03-19,24.15999984741211,24.18000030517578,23.670000076293945,24.059999465942383,9.880721092224121,20077304
2007-03-20,24.059999465942383,24.100000381469727,23.799999237060547,24.09000015258789,9.893046379089355,8725507
2007-03-21,24.049999237060547,24.110000610351562,23.850000381469727,23.920000076293945,9.823229789733887,8453657
2007-03-22,24.18000030517578,24.299999237060547,23.829999923706055,24.190000534057617,9.934110641479492,10636660
2007-03-23,24.190000534057617,25.940000534057617,24.049999237060547,25.030000686645508,10.279073715209961,30950032
2007-03-26,25.510000228881836,25.75,24.799999237060547,24.920000076293945,10.233901023864746,10796000
2007-03-27,25.100000381469727,25.1299991607666,24.299999237060547,24.6200008392334,10.110695838928223,14063530
2007-03-28,24.6200008392334,25.049999237060547,24.479999542236328,24.959999084472656,10.250326156616211,10024869
2007-03-29,25.0,25.280000686645508,24.969999313354492,25.219999313354492,10.357099533081055,7670011
2007-03-30,25.190000534057617,25.510000228881836,25.049999237060547,25.239999771118164,10.365313529968262,5893493
2007-04-02,25.139999389648438,25.420000076293945,25.049999237060547,25.280000686645508,10.381739616394043,5362482
2007-04-03,25.280000686645508,25.5,25.270000457763672,25.5,10.472085952758789,9979458
2007-04-04,25.5,25.6299991607666,25.170000076293945,25.34000015258789,10.406379699707031,8280515
2007-04-05,25.34000015258789,25.59000015258789,25.31999969482422,25.510000228881836,10.4761962890625,6330628
2007-04-10,25.559999465942383,25.600000381469727,25.360000610351562,25.40999984741211,10.435128211975098,6315778
2007-04-11,25.5,26.020000457763672,25.469999313354492,25.68000030517578,10.54601001739502,11183380
2007-04-12,25.68000030517578,26.110000610351562,25.56999969482422,25.959999084472656,10.660994529724121,11751674
2007-04-13,25.889999389648438,26.420000076293945,25.889999389648438,26.290000915527344,10.796517372131348,12028700
2007-04-16,26.290000915527344,26.40999984741211,25.950000762939453,26.020000457763672,10.685638427734375,9731608
2007-04-17,26.020000457763672,26.200000762939453,25.709999084472656,26.09000015258789,10.714381217956543,7346681
2007-04-18,26.020000457763672,26.030000686645508,25.719999313354492,25.739999771118164,10.570646286010742,6793332
2007-04-19,25.59000015258789,25.700000762939453,25.079999923706055,25.65999984741211,10.537793159484863,10845120
2007-04-20,25.65999984741211,25.989999771118164,25.530000686645508,25.790000915527344,10.591181755065918,8684499
2007-04-23,25.860000610351562,26.0,25.559999465942383,25.850000381469727,10.61582088470459,4386654
2007-04-24,25.700000762939453,25.8799991607666,24.899999618530273,25.049999237060547,10.287281036376953,13696970
2007-04-25,25.020000457763672,25.149999618530273,24.600000381469727,25.020000457763672,10.2749662399292,8482737
2007-04-26,25.020000457763672,25.25,24.920000076293945,25.010000228881836,10.270858764648438,8588785
2007-04-27,24.950000762939453,24.989999771118164,24.200000762939453,24.31999969482422,9.987494468688965,10451877
2007-04-30,24.31999969482422,24.639999389648438,24.1200008392334,24.239999771118164,9.954647064208984,8153499
2007-05-02,24.290000915527344,24.739999771118164,24.290000915527344,24.469999313354492,10.049098014831543,18347390
2007-05-03,24.6299991607666,24.709999084472656,24.15999984741211,24.56999969482422,10.090164184570312,9656400
2007-05-04,24.56999969482422,25.200000762939453,24.56999969482422,24.920000076293945,10.233901023864746,11769211
2007-05-07,25.049999237060547,25.09000015258789,24.799999237060547,24.899999618530273,10.225687026977539,5606291
2007-05-08,24.75,24.899999618530273,24.670000076293945,24.809999465942383,10.188722610473633,7442054
2007-05-09,24.809999465942383,25.350000381469727,24.6200008392334,24.969999313354492,10.25443172454834,7138636
2007-05-10,25.0,25.139999389648438,24.68000030517578,24.809999465942383,10.188722610473633,6659314
2007-05-11,24.649999618530273,25.280000686645508,24.479999542236328,25.260000228881836,10.373526573181152,14986830
2007-05-14,25.260000228881836,25.600000381469727,25.049999237060547,25.309999465942383,10.394059181213379,8336364
2007-05-15,25.1200008392334,25.520000457763672,25.1200008392334,25.450000762939453,10.451554298400879,9132069
2007-05-16,25.450000762939453,25.969999313354492,25.360000610351562,25.899999618530273,10.636356353759766,10730897
2007-05-17,25.969999313354492,26.520000457763672,25.920000076293945,26.469999313354492,10.870436668395996,11931290
2007-05-18,26.469999313354492,27.190000534057617,26.469999313354492,26.90999984741211,11.051133155822754,13403325
2007-05-21,27.06999969482422,27.34000015258789,26.90999984741211,27.010000228881836,11.092199325561523,18460240
2007-05-22,27.010000228881836,27.440000534057617,26.860000610351562,26.959999084472656,11.071666717529297,8789146
2007-05-23,26.8700008392334,27.030000686645508,26.700000762939453,26.93000030517578,11.059345245361328,8184636
2007-05-24,26.93000030517578,26.950000762939453,26.670000076293945,26.75,10.985426902770996,6077027
2007-05-25,26.690000534057617,26.739999771118164,26.40999984741211,26.600000381469727,10.923822402954102,8094762
2007-05-28,26.690000534057617,26.700000762939453,26.549999237060547,26.65999984741211,10.948461532592773,1579773
2007-05-29,26.709999084472656,26.979999542236328,26.6299991607666,26.93000030517578,11.059345245361328,6662313
2007-05-30,26.709999084472656,26.850000381469727,26.579999923706055,26.719999313354492,10.973103523254395,5225193
2007-05-31,26.719999313354492,27.479999542236328,26.719999313354492,27.25,11.190763473510742,12110153
2007-06-01,27.25,27.600000381469727,27.25,27.479999542236328,11.285212516784668,12811649
2007-06-04,27.5,27.700000762939453,26.989999771118164,27.200000762939453,11.170228004455566,15325930
2007-06-05,27.299999237060547,27.299999237060547,26.8799991607666,26.950000762939453,11.067558288574219,7452011
2007-06-06,27.200000762939453,27.200000762939453,26.299999237060547,26.399999618530273,10.841690063476562,12605014
2007-06-07,26.399999618530273,26.799999237060547,26.200000762939453,26.299999237060547,10.800622940063477,15392735
2007-06-08,26.299999237060547,26.670000076293945,26.059999465942383,26.389999389648438,10.837584495544434,7146249
2007-06-11,26.649999618530273,26.950000762939453,26.479999542236328,26.90999984741211,11.051133155822754,17744240
2007-06-12,26.649999618530273,27.079999923706055,26.420000076293945,26.59000015258789,10.919718742370605,36777272
2007-06-13,26.450000762939453,27.079999923706055,26.31999969482422,26.969999313354492,11.075773239135742,13536990
2007-06-14,26.59000015258789,27.709999084472656,26.59000015258789,27.649999618530273,11.355026245117188,15003527
2007-06-15,27.649999618530273,28.850000381469727,27.649999618530273,28.760000228881836,11.810877799987793,33687748
2007-06-18,28.760000228881836,29.149999618530273,28.3700008392334,28.8700008392334,11.856045722961426,35202940
2007-06-19,28.709999084472656,29.1200008392334,28.31999969482422,28.600000381469727,11.745163917541504,22377930
2007-06-20,28.600000381469727,29.350000381469727,28.600000381469727,28.8799991607666,11.860150337219238,17790584
2007-06-21,28.8799991607666,29.260000228881836,28.559999465942383,29.100000381469727,11.950502395629883,19349656
2007-06-22,29.100000381469727,29.190000534057617,28.610000610351562,28.829999923706055,11.839617729187012,19912870
2007-06-25,28.459999084472656,28.920000076293945,28.40999984741211,28.8700008392334,11.856045722961426,9267224
2007-06-26,28.610000610351562,29.15999984741211,28.600000381469727,28.989999771118164,11.905324935913086,18621370
2007-06-27,28.989999771118164,28.989999771118164,28.030000686645508,28.280000686645508,11.613749504089355,17992132
2007-06-28,28.5,28.940000534057617,28.239999771118164,28.940000534057617,11.884796142578125,11413670
2007-06-29,28.780000686645508,29.25,28.649999618530273,29.25,12.012097358703613,11733640
2007-07-02,28.920000076293945,30.059999465942383,28.920000076293945,29.950000762939453,12.299569129943848,60508330
2007-07-03,29.950000762939453,30.170000076293945,29.75,30.09000015258789,12.357064247131348,14356964
2007-07-04,30.09000015258789,30.469999313354492,29.90999984741211,30.350000381469727,12.463836669921875,13345012
2007-07-05,29.989999771118164,30.43000030517578,29.81999969482422,29.940000534057617,12.443056106567383,9080782
2007-07-06,29.940000534057617,30.3799991607666,29.889999389648438,30.290000915527344,12.588516235351562,30883900
2007-07-09,30.440000534057617,30.59000015258789,29.920000076293945,30.15999984741211,12.534491539001465,14471260
2007-07-10,30.170000076293945,30.34000015258789,29.40999984741211,29.639999389648438,12.318374633789062,9357517
2007-07-11,29.43000030517578,29.850000381469727,29.110000610351562,29.6200008392334,12.310065269470215,13430490
2007-07-12,29.700000762939453,29.75,29.31999969482422,29.68000030517578,12.335001945495605,9129940
2007-07-13,29.790000915527344,29.829999923706055,29.290000915527344,29.479999542236328,12.25188159942627,8425686
2007-07-16,29.479999542236328,29.579999923706055,29.170000076293945,29.3799991607666,12.210322380065918,16143787
2007-07-17,29.110000610351562,29.510000228881836,29.010000228881836,29.3799991607666,12.210322380065918,11792290
2007-07-18,29.1200008392334,29.5,28.899999618530273,29.059999465942383,12.077329635620117,13416110
2007-07-19,29.15999984741211,29.59000015258789,29.06999969482422,29.399999618530273,12.218634605407715,15758870
2007-07-20,29.260000228881836,29.489999771118164,28.709999084472656,28.799999237060547,11.969273567199707,18200070
2007-07-23,28.809999465942383,29.139999389648438,28.68000030517578,29.030000686645508,12.064863204956055,4539391
2007-07-24,29.030000686645508,29.280000686645508,28.450000762939453,28.459999084472656,11.827966690063477,7997080
2007-07-25,28.420000076293945,28.43000030517578,27.739999771118164,28.15999984741211,11.703289985656738,13054250
2007-07-26,28.0,28.0,26.8799991607666,26.959999084472656,11.204570770263672,15008440
2007-07-27,26.5,27.1299991607666,26.25,27.0,11.221196174621582,19617840
2007-07-30,27.190000534057617,27.6299991607666,26.920000076293945,27.350000381469727,11.366650581359863,8427209
2007-07-31,27.68000030517578,28.040000915527344,27.520000457763672,27.940000534057617,11.611858367919922,9633639
2007-08-01,27.940000534057617,28.239999771118164,27.399999618530273,27.829999923706055,11.566143989562988,11300692
2007-08-02,28.100000381469727,28.100000381469727,27.3700008392334,27.56999969482422,11.458086013793945,9194566
2007-08-03,27.510000228881836,27.549999237060547,26.950000762939453,27.059999465942383,11.246129035949707,8757763
2007-08-06,26.670000076293945,27.200000762939453,26.65999984741211,27.010000228881836,11.225350379943848,6880033
2007-08-07,27.280000686645508,27.799999237060547,27.149999618530273,27.68000030517578,11.503802299499512,7612165
2007-08-08,27.950000762939453,28.780000686645508,27.65999984741211,28.670000076293945,11.915244102478027,13282160
2007-08-09,28.329999923706055,28.610000610351562,27.75,28.020000457763672,11.645106315612793,14531316
2007-08-10,28.020000457763672,28.020000457763672,27.139999389648438,27.15999984741211,11.287689208984375,11602236
2007-08-13,27.510000228881836,27.950000762939453,27.229999542236328,27.850000381469727,11.574456214904785,5077515
2007-08-14,27.43000030517578,27.950000762939453,27.209999084472656,27.299999237060547,11.34587287902832,5145133
2007-08-15,27.239999771118164,27.459999084472656,26.75,27.239999771118164,11.320940017700195,5673399
2007-08-16,26.81999969482422,26.8700008392334,25.920000076293945,26.020000457763672,10.813907623291016,10802500
2007-08-17,26.8799991607666,26.940000534057617,25.709999084472656,26.540000915527344,11.030021667480469,12039180
2007-08-20,26.479999542236328,26.760000228881836,26.170000076293945,26.25,10.909496307373047,7909100
2007-08-21,26.200000762939453,26.290000915527344,25.75,26.030000686645508,10.818062782287598,8597635
2007-08-22,26.030000686645508,26.389999389648438,26.030000686645508,26.1299991607666,10.859622955322266,7847500
2007-08-23,26.389999389648438,26.43000030517578,25.940000534057617,25.940000534057617,10.780656814575195,6201247
2007-08-24,25.729999542236328,26.25,25.729999542236328,26.139999389648438,10.863776206970215,4584270
2007-08-27,26.209999084472656,26.34000015258789,25.850000381469727,25.899999618530273,10.764037132263184,4160424
2007-08-28,25.899999618530273,26.0,25.469999313354492,25.600000381469727,10.639355659484863,23876068
2007-08-29,25.489999771118164,25.889999389648438,25.3799991607666,25.81999969482422,10.730785369873047,6607129
2007-08-30,25.899999618530273,26.329999923706055,25.899999618530273,26.15999984741211,10.872089385986328,7354639
2007-08-31,26.239999771118164,26.700000762939453,26.200000762939453,26.479999542236328,11.005084037780762,5433212
2007-09-03,26.479999542236328,26.649999618530273,26.270000457763672,26.450000762939453,10.99261474609375,5724504
2007-09-04,26.059999465942383,26.43000030517578,26.010000228881836,26.34000015258789,10.94690227508545,7805091
2007-09-05,26.34000015258789,26.479999542236328,25.729999542236328,25.780000686645508,10.790022850036621,7424287
2007-09-06,25.899999618530273,26.059999465942383,25.280000686645508,25.459999084472656,10.656089782714844,13522150
2007-09-07,25.18000030517578,25.43000030517578,24.5,24.68000030517578,10.32962703704834,14229190
2007-09-10,24.600000381469727,25.09000015258789,24.360000610351562,24.43000030517578,10.224989891052246,17844820
2007-09-11,24.43000030517578,24.950000762939453,24.3700008392334,24.889999389648438,10.417519569396973,8019753
2007-09-12,24.889999389648438,25.030000686645508,24.440000534057617,24.829999923706055,10.392407417297363,10339679
2007-09-13,24.84000015258789,24.90999984741211,24.459999084472656,24.6299991607666,10.308696746826172,7625325
2007-09-14,24.6299991607666,24.6299991607666,23.709999084472656,24.329999923706055,10.183135986328125,9429094
2007-09-17,24.290000915527344,24.579999923706055,23.84000015258789,24.280000686645508,10.162210464477539,10321560
2007-09-18,24.280000686645508,24.969999313354492,24.100000381469727,24.809999465942383,10.384035110473633,11176888
2007-09-19,24.809999465942383,26.030000686645508,24.809999465942383,25.760000228881836,10.781647682189941,15872988
2007-09-20,25.760000228881836,25.950000762939453,25.469999313354492,25.530000686645508,10.685384750366211,8912587
2007-09-21,25.450000762939453,25.700000762939453,25.219999313354492,25.31999969482422,10.597490310668945,12813990
2007-09-24,25.31999969482422,25.489999771118164,25.25,25.350000381469727,10.6100492477417,16949864
2007-09-25,25.15999984741211,25.450000762939453,25.020000457763672,25.200000762939453,10.547266960144043,7569517
2007-09-26,25.34000015258789,25.84000015258789,25.270000457763672,25.469999313354492,10.660274505615234,10255440
2007-09-27,25.549999237060547,25.799999237060547,25.200000762939453,25.290000915527344,10.584939002990723,8535228
2007-09-28,25.200000762939453,25.280000686645508,24.790000915527344,25.049999237060547,10.484482765197754,10695030
2007-10-01,25.010000228881836,25.100000381469727,24.6200008392334,24.899999618530273,10.421707153320312,9773607
2007-10-02,25.09000015258789,25.1299991607666,24.899999618530273,25.06999969482422,10.492856979370117,8726150
2007-10-03,25.06999969482422,25.170000076293945,24.81999969482422,25.100000381469727,10.505414009094238,5660572
2007-10-04,25.06999969482422,25.459999084472656,24.899999618530273,25.200000762939453,10.547266960144043,10169960
2007-10-05,25.110000610351562,25.5,25.09000015258789,25.450000762939453,10.65190315246582,5202036
2007-10-08,25.450000762939453,25.600000381469727,25.110000610351562,25.440000534057617,10.64771842956543,4701909
2007-10-09,25.440000534057617,25.56999969482422,25.059999465942383,25.450000762939453,10.65190315246582,9030307
2007-10-10,25.520000457763672,25.530000686645508,25.170000076293945,25.3799991607666,10.622605323791504,6101993
2007-10-11,25.329999923706055,25.530000686645508,25.149999618530273,25.420000076293945,10.639347076416016,9356579
2007-10-12,25.420000076293945,25.610000610351562,25.06999969482422,25.600000381469727,10.714685440063477,6846157
2007-10-15,25.559999465942383,25.790000915527344,25.440000534057617,25.56999969482422,10.702128410339355,7098961
2007-10-16,25.559999465942383,25.899999618530273,25.489999771118164,25.770000457763672,10.78583812713623,10632090
2007-10-17,25.559999465942383,26.049999237060547,25.540000915527344,25.6200008392334,10.723054885864258,9026868
2007-10-18,26.389999389648438,26.719999313354492,26.299999237060547,26.440000534057617,11.06625747680664,18691670
2007-10-19,26.440000534057617,27.479999542236328,26.440000534057617,27.270000457763672,11.413649559020996,25353672
2007-10-22,27.270000457763672,27.270000457763672,26.59000015258789,26.739999771118164,11.191821098327637,12529241
2007-10-23,26.739999771118164,26.780000686645508,26.520000457763672,26.670000076293945,11.162525177001953,10402529
2007-10-24,26.56999969482422,26.709999084472656,26.350000381469727,26.399999618530273,11.049520492553711,9807239
2007-10-25,26.399999618530273,26.93000030517578,26.309999465942383,26.459999084472656,11.074630737304688,8334112
2007-10-26,26.459999084472656,26.920000076293945,26.399999618530273,26.84000015258789,11.233678817749023,8922906
2007-10-29,27.100000381469727,27.40999984741211,26.989999771118164,27.329999923706055,11.438763618469238,7867796
2007-10-30,27.329999923706055,27.329999923706055,26.93000030517578,27.15999984741211,11.367609977722168,8674300
2007-10-31,27.15999984741211,27.260000228881836,26.549999237060547,27.25,11.405282974243164,11194292
2007-11-01,27.25,27.690000534057617,26.940000534057617,27.190000534057617,11.380171775817871,11247990
2007-11-02,27.09000015258789,27.399999618530273,26.889999389648438,27.020000457763672,11.309016227722168,7048863
2007-11-05,26.81999969482422,27.389999389648438,26.709999084472656,27.149999618530273,11.363425254821777,8211931
2007-11-06,27.280000686645508,27.299999237060547,26.65999984741211,26.790000915527344,11.212749481201172,8240338
2007-11-07,26.829999923706055,27.079999923706055,26.309999465942383,26.709999084472656,11.179268836975098,7586793
2007-11-08,26.709999084472656,26.75,26.18000030517578,26.639999389648438,11.149970054626465,10583847
2007-11-09,26.770000457763672,27.299999237060547,26.600000381469727,26.989999771118164,11.296460151672363,18764590
2007-11-12,26.850000381469727,26.90999984741211,26.420000076293945,26.520000457763672,11.099745750427246,8222536
2007-11-13,26.31999969482422,26.350000381469727,25.950000762939453,26.31999969482422,11.016035079956055,14311590
2007-11-14,26.440000534057617,26.469999313354492,26.079999923706055,26.1299991607666,10.936511993408203,12768140
2007-11-15,26.1299991607666,26.1299991607666,25.520000457763672,25.65999984741211,10.73979663848877,13339655
2007-11-16,25.65999984741211,25.65999984741211,25.110000610351562,25.329999923706055,10.601676940917969,13146263
2007-11-19,25.329999923706055,25.75,24.760000228881836,24.8799991607666,10.41333293914795,10615880
2007-11-20,24.8799991607666,25.229999542236328,24.799999237060547,25.1200008392334,10.513785362243652,11518516
2007-11-21,25.1200008392334,25.450000762939453,24.6200008392334,24.760000228881836,10.36310863494873,12367456
2007-11-22,24.760000228881836,25.06999969482422,24.760000228881836,24.920000076293945,10.430075645446777,5573684
2007-11-23,25.0,25.059999465942383,24.549999237060547,24.969999313354492,10.451004981994629,7340393
2007-11-26,25.030000686645508,25.350000381469727,24.049999237060547,24.5,10.25428581237793,10310150
2007-11-27,24.5,24.5,23.860000610351562,24.309999465942383,10.174764633178711,11850470
2007-11-28,24.309999465942383,24.670000076293945,24.020000457763672,24.6200008392334,10.304512977600098,10448148
2007-11-29,24.790000915527344,25.1299991607666,24.68000030517578,24.899999618530273,10.421707153320312,9399064
2007-11-30,25.280000686645508,25.489999771118164,24.989999771118164,25.18000030517578,10.538897514343262,9888163
2007-12-03,25.18000030517578,25.290000915527344,24.799999237060547,24.8799991607666,10.41333293914795,6401776
2007-12-04,24.93000030517578,25.079999923706055,24.59000015258789,24.65999984741211,10.321255683898926,9287102
2007-12-05,24.65999984741211,25.399999618530273,24.65999984741211,25.25,10.568194389343262,11369025
2007-12-06,25.25,25.5,25.020000457763672,25.09000015258789,10.501228332519531,6650569
2007-12-07,25.09000015258789,25.5,25.0,25.190000534057617,10.543082237243652,8421125
2007-12-10,25.299999237060547,25.299999237060547,24.799999237060547,24.979999542236328,10.455185890197754,8966462
2007-12-11,24.979999542236328,25.309999465942383,24.81999969482422,25.219999313354492,10.555638313293457,9825498
2007-12-12,25.219999313354492,25.899999618530273,24.920000076293945,25.360000610351562,10.61423397064209,11693026
2007-12-13,25.360000610351562,25.459999084472656,24.84000015258789,25.0,10.463560104370117,12989035
2007-12-14,25.299999237060547,25.350000381469727,24.959999084472656,25.149999618530273,10.526339530944824,7699600
2007-12-17,25.149999618530273,25.149999618530273,24.760000228881836,24.780000686645508,10.371479034423828,26724482
2007-12-18,24.760000228881836,25.0,24.469999313354492,24.469999313354492,10.24173355102539,14473250
2007-12-19,24.469999313354492,24.770000457763672,24.3799991607666,24.3799991607666,10.20406436920166,16899916
2007-12-20,24.3799991607666,24.649999618530273,24.0,24.09000015258789,10.082686424255371,21852756
2007-12-21,24.09000015258789,24.299999237060547,23.829999923706055,23.8799991607666,9.994789123535156,20948872
2007-12-27,24.200000762939453,24.68000030517578,24.0,24.280000686645508,10.162210464477539,27045520
2007-12-28,24.280000686645508,24.530000686645508,24.219999313354492,24.3799991607666,10.20406436920166,23962230
2008-01-02,24.25,24.950000762939453,24.149999618530273,24.700000762939453,10.33799934387207,29825160
2008-01-03,24.8700008392334,25.1200008392334,24.75,24.8700008392334,10.409146308898926,31820020
2008-01-04,24.8700008392334,25.440000534057617,24.40999984741211,24.600000381469727,10.296144485473633,20609232
2008-01-07,24.649999618530273,25.190000534057617,24.600000381469727,24.979999542236328,10.455185890197754,14584710
2008-01-08,24.979999542236328,25.110000610351562,24.739999771118164,24.809999465942383,10.384035110473633,18408430
2008-01-09,24.809999465942383,25.110000610351562,24.729999542236328,25.06999969482422,10.492856979370117,23483160
2008-01-10,25.06999969482422,25.100000381469727,24.649999618530273,24.709999084472656,10.342182159423828,19940624
2008-01-11,24.600000381469727,24.739999771118164,24.1299991607666,24.389999389648438,10.208248138427734,17178900
2008-01-14,24.389999389648438,24.5,23.959999084472656,24.09000015258789,10.082686424255371,39632570
2008-01-15,23.59000015258789,23.729999542236328,22.56999969482422,22.75,9.723660469055176,22206244
2008-01-16,22.75,22.75,22.110000610351562,22.389999389648438,9.569787979125977,63200120
2008-01-17,22.389999389648438,22.799999237060547,22.100000381469727,22.209999084472656,9.492854118347168,12419972
2008-01-18,22.209999084472656,22.81999969482422,21.899999618530273,22.010000228881836,9.407371520996094,27173090
2008-01-21,22.010000228881836,22.010000228881836,19.579999923706055,19.860000610351562,8.488431930541992,30285004
2008-01-22,19.860000610351562,20.700000762939453,18.270000457763672,20.329999923706055,8.689318656921387,21001420
2008-01-23,20.329999923706055,20.84000015258789,19.309999465942383,19.450000762939453,8.313192367553711,19632404
2008-01-24,19.450000762939453,21.280000686645508,19.450000762939453,21.18000030517578,9.052619934082031,22731754
2008-01-25,21.389999389648438,21.829999923706055,20.959999084472656,21.06999969482422,9.00560474395752,15753530
2008-01-28,20.780000686645508,21.1200008392334,20.399999618530273,21.010000228881836,8.979959487915039,11629360
2008-01-29,21.010000228881836,21.969999313354492,21.010000228881836,21.559999465942383,9.215035438537598,15829591
2008-01-30,21.59000015258789,21.739999771118164,21.18000030517578,21.350000381469727,9.125279426574707,8931858
2008-01-31,21.350000381469727,21.75,20.770000457763672,21.329999923706055,9.116728782653809,12544844
2008-02-01,21.329999923706055,22.06999969482422,21.190000534057617,22.0,9.403096199035645,12775736
2008-02-04,22.0,22.399999618530273,21.959999084472656,22.040000915527344,9.420195579528809,6976190
2008-02-05,22.09000015258789,22.100000381469727,20.6200008392334,20.829999923706055,8.90302562713623,14661840
2008-02-06,20.829999923706055,21.43000030517578,20.670000076293945,21.0,8.97568416595459,12093527
2008-02-07,21.0,21.010000228881836,20.329999923706055,20.610000610351562,8.80899429321289,14256158
2008-02-08,20.65999984741211,21.219999313354492,20.5,20.860000610351562,8.915844917297363,6952901
2008-02-11,20.729999542236328,21.610000610351562,20.670000076293945,21.09000015258789,9.014151573181152,12287770
2008-02-12,21.299999237060547,22.299999237060547,21.299999237060547,22.100000381469727,9.445840835571289,15957900
2008-02-13,21.770000457763672,22.25,21.770000457763672,22.0,9.403096199035645,8336383
2008-02-14,22.0,23.0,22.0,22.790000915527344,9.740756034851074,19878216
2008-02-15,22.790000915527344,22.969999313354492,22.100000381469727,22.3799991607666,9.565515518188477,17069760
2008-02-18,22.3799991607666,22.770000457763672,22.3799991607666,22.59000015258789,9.6552734375,8430220
2008-02-19,22.469999313354492,22.850000381469727,22.139999389648438,22.610000610351562,9.66382122039795,7752944
2008-02-20,22.610000610351562,22.610000610351562,21.860000610351562,22.190000534057617,9.484306335449219,10652313
2008-02-21,22.399999618530273,22.56999969482422,22.030000686645508,22.190000534057617,9.484306335449219,6327253
2008-02-22,22.190000534057617,22.299999237060547,21.700000762939453,21.920000076293945,9.368905067443848,6658471
2008-02-25,22.079999923706055,22.540000915527344,22.059999465942383,22.440000534057617,9.591160774230957,8679975
2008-02-26,22.489999771118164,23.18000030517578,22.290000915527344,23.09000015258789,9.868979454040527,11713360
2008-02-27,23.09000015258789,23.25,22.65999984741211,22.90999984741211,9.792045593261719,13846642
2008-02-28,22.90999984741211,23.360000610351562,22.670000076293945,23.079999923706055,9.864705085754395,16582461
2008-02-29,23.079999923706055,23.350000381469727,22.559999465942383,22.850000381469727,9.766398429870605,14162571
2008-03-03,22.850000381469727,22.850000381469727,21.950000762939453,21.989999771118164,9.398826599121094,12505574
2008-03-04,21.989999771118164,22.15999984741211,21.020000457763672,21.149999618530273,9.039795875549316,12235947
2008-03-05,21.25,21.850000381469727,21.219999313354492,21.719999313354492,9.283424377441406,8922771
2008-03-06,21.739999771118164,21.950000762939453,21.149999618530273,21.190000534057617,9.056892395019531,9805443
2008-03-07,21.0,21.200000762939453,20.59000015258789,20.889999389648438,8.928669929504395,9046864
2008-03-10,20.860000610351562,21.31999969482422,20.549999237060547,20.950000762939453,8.954314231872559,7578513
2008-03-11,20.950000762939453,21.940000534057617,20.950000762939453,21.790000915527344,9.313342094421387,14383071
2008-03-12,21.790000915527344,22.389999389648438,21.790000915527344,22.15999984741211,9.47148323059082,23606656
2008-03-13,22.15999984741211,22.75,21.549999237060547,22.540000915527344,9.633901596069336,15560820
2008-03-14,22.540000915527344,22.920000076293945,22.200000762939453,22.520000457763672,9.625354766845703,12185065
2008-03-17,21.850000381469727,22.31999969482422,21.510000228881836,21.579999923706055,9.22358226776123,11777230
2008-03-18,21.579999923706055,22.43000030517578,21.579999923706055,22.350000381469727,9.552693367004395,9438720
2008-03-19,22.350000381469727,22.649999618530273,21.989999771118164,22.079999923706055,9.43729019165039,7959874
2008-03-20,22.079999923706055,22.1299991607666,21.520000457763672,21.860000610351562,9.34326171875,26099714
2008-03-25,21.860000610351562,22.559999465942383,21.860000610351562,22.459999084472656,9.599708557128906,25923818
2008-03-26,22.459999084472656,22.479999542236328,22.110000610351562,22.43000030517578,9.586885452270508,8804767
2008-03-27,22.43000030517578,22.760000228881836,22.270000457763672,22.520000457763672,9.625354766845703,6278374
2008-03-28,22.579999923706055,22.700000762939453,22.149999618530273,22.270000457763672,9.518497467041016,6100308
2008-03-31,22.110000610351562,22.31999969482422,21.760000228881836,21.860000610351562,9.34326171875,7976291
2008-04-01,21.68000030517578,22.459999084472656,21.68000030517578,22.459999084472656,9.599708557128906,8275645
2008-04-02,22.670000076293945,23.639999389648438,22.579999923706055,23.489999771118164,10.039945602416992,14025000
2008-04-03,23.510000228881836,23.739999771118164,23.239999771118164,23.450000762939453,10.02285099029541,10393170
2008-04-04,23.389999389648438,23.84000015258789,23.389999389648438,23.799999237060547,10.172442436218262,6690344
2008-04-07,24.0,24.559999465942383,23.899999618530273,24.450000762939453,10.450262069702148,11021360
2008-04-08,24.450000762939453,24.489999771118164,24.15999984741211,24.43000030517578,10.441717147827148,7980979
2008-04-09,24.43000030517578,24.489999771118164,23.770000457763672,24.040000915527344,10.275022506713867,10947950
2008-04-10,24.040000915527344,24.139999389648438,23.479999542236328,23.920000076293945,10.22373104095459,6926572
2008-04-11,24.06999969482422,24.350000381469727,23.3700008392334,23.530000686645508,10.057042121887207,5657352
2008-04-14,23.530000686645508,23.75,23.219999313354492,23.5,10.044219017028809,7982621
2008-04-15,23.5,26.75,23.5,25.68000030517578,10.97597885131836,43947344
2008-04-16,25.68000030517578,25.950000762939453,25.110000610351562,25.790000915527344,11.022995948791504,15907356
2008-04-17,25.790000915527344,25.90999984741211,25.5,25.530000686645508,10.91186809539795,10786866
2008-04-18,25.649999618530273,26.3799991607666,25.600000381469727,26.209999084472656,11.202508926391602,10347800
2008-04-21,26.209999084472656,26.549999237060547,25.829999923706055,25.959999084472656,11.095657348632812,10122070
2008-04-22,25.950000762939453,26.079999923706055,25.68000030517578,25.860000610351562,11.0529146194458,6669952
2008-04-23,25.979999542236328,26.149999618530273,25.579999923706055,25.959999084472656,11.095657348632812,6713551
2008-04-24,25.959999084472656,26.31999969482422,25.639999389648438,26.200000762939453,11.198235511779785,8711941
2008-04-25,25.920000076293945,26.350000381469727,25.920000076293945,26.15999984741211,11.181140899658203,6959125
2008-04-28,26.200000762939453,26.309999465942383,26.049999237060547,26.190000534057617,11.193961143493652,5211095
2008-04-29,26.110000610351562,26.34000015258789,25.899999618530273,26.09000015258789,11.151220321655273,5715861
2008-04-30,25.979999542236328,26.170000076293945,25.649999618530273,26.040000915527344,11.12984848022461,6710873
2008-05-02,26.34000015258789,26.739999771118164,26.059999465942383,26.6299991607666,11.382020950317383,8598174
2008-05-05,26.639999389648438,26.75,26.3700008392334,26.600000381469727,11.369202613830566,3004939
2008-05-06,26.65999984741211,26.969999313354492,26.40999984741211,26.65999984741211,11.39484691619873,8425396
2008-05-07,26.75,26.959999084472656,26.6200008392334,26.6200008392334,11.377750396728516,7584921
2008-05-08,26.6200008392334,26.670000076293945,26.200000762939453,26.610000610351562,11.3734769821167,5635376
2008-05-09,26.559999465942383,26.649999618530273,26.110000610351562,26.350000381469727,11.262348175048828,6015510
2008-05-12,26.350000381469727,26.700000762939453,26.25,26.43000030517578,11.29654312133789,6584812
2008-05-13,26.690000534057617,26.920000076293945,25.940000534057617,26.25,11.2196044921875,9254236
2008-05-14,26.399999618530273,26.979999542236328,26.329999923706055,26.899999618530273,11.497428894042969,7127543
2008-05-15,26.850000381469727,26.940000534057617,26.65999984741211,26.93000030517578,11.510248184204102,5084344
2008-05-16,27.0,27.31999969482422,26.709999084472656,26.889999389648438,11.49315357208252,9172274
2008-05-19,26.889999389648438,27.280000686645508,26.68000030517578,27.280000686645508,11.659844398498535,6804326
2008-05-20,27.190000534057617,27.239999771118164,26.8799991607666,27.030000686645508,11.552989959716797,5290372
2008-05-21,27.030000686645508,27.68000030517578,27.0,27.520000457763672,11.762419700622559,11390013
2008-05-22,27.520000457763672,27.860000610351562,27.280000686645508,27.56999969482422,11.783791542053223,9276076
2008-05-23,27.510000228881836,27.90999984741211,26.899999618530273,26.979999542236328,11.531618118286133,7148518
2008-05-26,26.899999618530273,27.149999618530273,26.639999389648438,26.799999237060547,11.45468521118164,2940711
2008-05-27,26.799999237060547,27.1200008392334,26.149999618530273,26.149999618530273,11.176863670349121,6780801
2008-05-28,26.239999771118164,26.639999389648438,25.959999084472656,26.440000534057617,11.300813674926758,7582143
2008-05-29,26.489999771118164,26.90999984741211,26.34000015258789,26.729999542236328,11.424765586853027,6322895
2008-05-30,26.600000381469727,26.729999542236328,26.219999313354492,26.600000381469727,11.369202613830566,11434510
2008-06-02,26.5,26.59000015258789,25.899999618530273,26.0,11.112752914428711,7078143
2008-06-03,25.780000686645508,26.700000762939453,25.600000381469727,26.610000610351562,11.3734769821167,10113000
2008-06-04,26.700000762939453,26.700000762939453,26.040000915527344,26.56999969482422,11.3563814163208,9793596
2008-06-05,26.3799991607666,26.739999771118164,26.260000228881836,26.579999923706055,11.360651969909668,6061772
2008-06-06,26.579999923706055,27.3700008392334,26.549999237060547,26.549999237060547,11.34782886505127,14697285
2008-06-09,26.260000228881836,26.68000030517578,26.209999084472656,26.649999618530273,11.390571594238281,10960520
2008-06-10,26.389999389648438,26.540000915527344,26.1200008392334,26.149999618530273,11.176863670349121,6632287
2008-06-11,26.149999618530273,26.829999923706055,25.969999313354492,25.979999542236328,11.104205131530762,13620343
2008-06-12,26.09000015258789,26.8799991607666,25.969999313354492,26.799999237060547,11.45468521118164,11053780
2008-06-13,26.799999237060547,27.329999923706055,26.68000030517578,27.110000610351562,11.587181091308594,17462960
2008-06-16,27.110000610351562,27.110000610351562,26.739999771118164,26.93000030517578,11.510248184204102,11630726
2008-06-17,26.93000030517578,27.1299991607666,26.809999465942383,26.889999389648438,11.49315357208252,21348238
2008-06-18,26.889999389648438,26.889999389648438,26.040000915527344,26.149999618530273,11.176863670349121,9324380
2008-06-19,26.149999618530273,26.81999969482422,26.040000915527344,26.18000030517578,11.189688682556152,10812888
2008-06-20,26.18000030517578,26.459999084472656,25.469999313354492,25.889999389648438,11.065738677978516,38023172
2008-06-23,25.889999389648438,26.299999237060547,25.40999984741211,25.65999984741211,10.967432975769043,14950942
2008-06-24,25.65999984741211,25.799999237060547,25.0,25.139999389648438,10.745177268981934,14849044
2008-06-25,25.139999389648438,25.469999313354492,24.979999542236328,25.170000076293945,10.758001327514648,14373492
2008-06-26,25.170000076293945,25.170000076293945,24.520000457763672,24.610000610351562,10.518651008605957,11114763
2008-06-27,24.6299991607666,25.010000228881836,24.219999313354492,24.75,10.578487396240234,9493694
2008-06-30,24.75,25.299999237060547,24.670000076293945,25.030000686645508,10.698161125183105,9652187
2008-07-01,25.049999237060547,25.200000762939453,24.030000686645508,24.389999389648438,10.424616813659668,10708980
2008-07-02,24.149999618530273,24.84000015258789,24.049999237060547,24.43000030517578,10.441717147827148,7595555
2008-07-03,24.43000030517578,24.479999542236328,23.81999969482422,24.3700008392334,10.416069030761719,15254988
2008-07-04,24.389999389648438,24.709999084472656,23.950000762939453,24.170000076293945,10.330586433410645,4865459
2008-07-07,24.309999465942383,24.610000610351562,24.209999084472656,24.399999618530273,10.428889274597168,6038714
2008-07-08,24.399999618530273,24.399999618530273,23.559999465942383,23.690000534057617,10.12542724609375,16789420
2008-07-09,23.190000534057617,23.950000762939453,23.190000534057617,23.709999084472656,10.352474212646484,15939641
2008-07-10,23.329999923706055,23.360000610351562,22.770000457763672,22.989999771118164,10.038102149963379,15083930
2008-07-11,22.989999771118164,23.3799991607666,22.5,22.6299991607666,9.880914688110352,18171446
2008-07-14,22.6299991607666,22.989999771118164,22.520000457763672,22.610000610351562,9.872183799743652,19129748
2008-07-15,22.889999389648438,22.889999389648438,21.75,22.020000457763672,9.614571571350098,10072740
2008-07-16,22.020000457763672,22.549999237060547,21.31999969482422,21.530000686645508,9.400623321533203,21038480
2008-07-17,21.6299991607666,21.889999389648438,21.209999084472656,21.889999389648438,9.557808876037598,10085710
2008-07-18,21.889999389648438,22.15999984741211,21.309999465942383,21.850000381469727,9.54034423828125,58335280
2008-07-21,21.850000381469727,22.1299991607666,21.549999237060547,21.760000228881836,9.501046180725098,10305524
2008-07-22,21.760000228881836,22.40999984741211,21.559999465942383,22.09000015258789,9.645134925842285,9478870
2008-07-23,22.399999618530273,22.450000762939453,22.010000228881836,22.34000015258789,9.754292488098145,6709847
2008-07-24,22.34000015258789,22.34000015258789,21.649999618530273,21.68000030517578,9.466118812561035,31096000
2008-07-25,21.68000030517578,21.780000686645508,21.43000030517578,21.530000686645508,9.400623321533203,5470762
2008-07-28,21.530000686645508,21.979999542236328,21.5,21.670000076293945,9.461750030517578,5887365
2008-07-29,21.670000076293945,22.1299991607666,21.43000030517578,21.709999084472656,9.479219436645508,7605646
2008-07-30,21.3799991607666,21.950000762939453,21.299999237060547,21.719999313354492,9.483583450317383,7583897
2008-07-31,21.719999313354492,22.170000076293945,21.299999237060547,21.6200008392334,9.439920425415039,12035908
2008-08-01,21.40999984741211,21.600000381469727,20.700000762939453,20.799999237060547,9.08188533782959,8557112
2008-08-04,20.799999237060547,20.809999465942383,20.100000381469727,20.209999084472656,8.824275016784668,9138563
2008-08-05,20.209999084472656,20.3700008392334,19.899999618530273,20.219999313354492,8.828640937805176,14525299
2008-08-06,20.219999313354492,20.700000762939453,20.0,20.530000686645508,8.963994026184082,11454525
2008-08-07,20.530000686645508,20.90999984741211,20.389999389648438,20.540000915527344,8.968360900878906,16367736
2008-08-08,20.610000610351562,20.850000381469727,20.399999618530273,20.6299991607666,9.007657051086426,8787885
2008-08-11,20.6299991607666,21.09000015258789,20.5,20.899999618530273,9.125548362731934,9519759
2008-08-12,20.899999618530273,21.25,20.649999618530273,20.899999618530273,9.125548362731934,9265119
2008-08-13,20.899999618530273,21.040000915527344,20.510000228881836,20.510000228881836,8.955262184143066,8056227
2008-08-14,20.510000228881836,20.899999618530273,20.18000030517578,20.299999237060547,8.863571166992188,7920616
2008-08-15,20.299999237060547,20.530000686645508,20.209999084472656,20.25,8.841737747192383,14417364
2008-08-18,20.18000030517578,20.760000228881836,20.1299991607666,20.389999389648438,8.902865409851074,4209146
2008-08-19,20.389999389648438,20.43000030517578,20.0,20.030000686645508,8.745677947998047,11066250
2008-08-20,20.030000686645508,20.450000762939453,20.030000686645508,20.350000381469727,8.885400772094727,11174160
2008-08-21,20.200000762939453,20.579999923706055,20.110000610351562,20.389999389648438,8.902865409851074,6566993
2008-08-22,20.389999389648438,20.84000015258789,20.350000381469727,20.790000915527344,9.077518463134766,6316588
2008-08-25,20.790000915527344,20.799999237060547,20.40999984741211,20.469999313354492,8.937796592712402,4732823
2008-08-26,20.329999923706055,20.56999969482422,20.170000076293945,20.3799991607666,8.898497581481934,5483005
2008-08-27,20.3799991607666,21.030000686645508,20.350000381469727,20.90999984741211,9.129914283752441,6451321
2008-08-28,20.75,21.110000610351562,20.559999465942383,20.969999313354492,9.156108856201172,5683693
2008-08-29,21.100000381469727,21.299999237060547,20.989999771118164,21.200000762939453,9.256534576416016,5499368
2008-09-01,21.200000762939453,21.59000015258789,21.049999237060547,21.1200008392334,9.221606254577637,6653019
2008-09-02,21.0,21.15999984741211,20.719999313354492,20.979999542236328,9.160475730895996,8534406
2008-09-03,20.979999542236328,21.079999923706055,20.65999984741211,20.729999542236328,9.051319122314453,6337045
2008-09-04,20.84000015258789,21.049999237060547,20.31999969482422,20.350000381469727,8.885400772094727,8980922
2008-09-05,20.350000381469727,20.350000381469727,19.40999984741211,19.469999313354492,8.632087707519531,12086154
2008-09-08,19.469999313354492,20.139999389648438,19.469999313354492,19.920000076293945,8.831598281860352,10060268
2008-09-09,19.920000076293945,19.940000534057617,18.6299991607666,18.950000762939453,8.401544570922852,13110500
2008-09-10,18.950000762939453,19.389999389648438,18.75,18.899999618530273,8.379376411437988,11670978
2008-09-11,19.190000534057617,19.329999923706055,18.760000228881836,19.06999969482422,8.45474624633789,7206912
2008-09-12,19.06999969482422,20.200000762939453,19.06999969482422,20.139999389648438,8.929133415222168,16064487
2008-09-15,19.520000457763672,19.790000915527344,18.639999389648438,18.639999389648438,8.264104843139648,20369540
2008-09-16,18.639999389648438,19.020000457763672,18.190000534057617,18.75,8.312871932983398,23635930
2008-09-17,18.75,19.459999084472656,18.75,18.860000610351562,8.361642837524414,16293232
2008-09-18,18.969999313354492,19.40999984741211,18.530000686645508,18.790000915527344,8.330607414245605,9447355
2008-09-19,18.790000915527344,19.959999084472656,18.790000915527344,19.860000610351562,8.804994583129883,25988888
2008-09-22,19.860000610351562,20.40999984741211,19.56999969482422,19.81999969482422,8.787262916564941,17927052
2008-09-23,19.81999969482422,20.3700008392334,19.75,20.079999923706055,8.902533531188965,23667544
2008-09-24,20.079999923706055,20.5,20.020000457763672,20.43000030517578,9.057705879211426,8953128
2008-09-25,20.43000030517578,21.75,20.43000030517578,21.420000076293945,9.496625900268555,21268224
2008-09-26,21.420000076293945,21.81999969482422,21.059999465942383,21.520000457763672,9.540963172912598,13723917
2008-09-29,21.520000457763672,21.579999923706055,20.399999618530273,20.399999618530273,9.044405937194824,16800216
2008-09-30,20.0,21.06999969482422,19.829999923706055,20.899999618530273,9.266084671020508,12239130
2008-10-01,20.899999618530273,21.1200008392334,20.5,20.850000381469727,9.243914604187012,12641324
2008-10-02,20.889999389648438,21.030000686645508,19.670000076293945,19.700000762939453,8.73405933380127,14875320
2008-10-03,19.700000762939453,20.709999084472656,19.559999465942383,20.709999084472656,9.181844711303711,11340523
2008-10-06,20.709999084472656,20.709999084472656,19.219999313354492,19.219999313354492,8.521247863769531,17695700
2008-10-07,19.219999313354492,20.1200008392334,19.219999313354492,19.899999618530273,8.822729110717773,17478340
2008-10-08,19.899999618530273,20.010000228881836,18.059999465942383,18.34000015258789,8.131098747253418,26008696
2008-10-09,18.34000015258789,18.889999389648438,16.610000610351562,16.940000534057617,7.510405540466309,22296952
2008-10-10,16.940000534057617,16.940000534057617,15.800000190734863,16.1299991607666,7.15128755569458,40142456
2008-10-13,16.1299991607666,17.020000457763672,16.1299991607666,17.020000457763672,7.545872211456299,20149840
2008-10-14,17.020000457763672,18.100000381469727,17.0,17.56999969482422,7.789714813232422,21136812
2008-10-15,17.489999771118164,17.6200008392334,16.200000762939453,16.350000381469727,7.248824596405029,14132340
2008-10-16,15.609999656677246,16.5,15.279999732971191,15.699999809265137,6.96064567565918,17160580
2008-10-17,16.5,17.040000915527344,15.779999732971191,16.989999771118164,7.532572269439697,36027470
2008-10-20,17.5,18.190000534057617,17.309999465942383,18.010000228881836,7.984790325164795,27771610
2008-10-21,18.010000228881836,18.290000915527344,17.540000915527344,17.899999618530273,7.936022758483887,29316004
2008-10-22,17.899999618530273,17.899999618530273,14.350000381469727,15.079999923706055,6.68576717376709,58685552
2008-10-23,15.079999923706055,15.279999732971191,14.0,14.65999984741211,6.499557971954346,27557670
2008-10-24,14.65999984741211,14.65999984741211,13.199999809265137,13.920000076293945,6.171477794647217,26369958
2008-10-27,13.920000076293945,13.920000076293945,12.5600004196167,13.449999809265137,5.963099956512451,17025484
2008-10-28,13.789999961853027,14.100000381469727,12.920000076293945,12.920000076293945,5.728125095367432,12909510
2008-10-29,12.920000076293945,14.470000267028809,12.920000076293945,14.430000305175781,6.397586345672607,18412314
2008-10-30,14.430000305175781,15.0,14.109999656677246,14.600000381469727,6.472958087921143,11120397
2008-10-31,14.65999984741211,14.949999809265137,14.039999961853027,14.84000015258789,6.579361915588379,9921691
2008-11-03,14.899999618530273,15.279999732971191,14.510000228881836,15.210000038146973,6.743402004241943,6558589
2008-11-04,15.220000267028809,16.139999389648438,15.0,16.1299991607666,7.15128755569458,9707571
2008-11-05,15.720000267028809,16.649999618530273,15.510000228881836,16.100000381469727,7.137986660003662,7484072
2008-11-06,16.100000381469727,16.100000381469727,14.729999542236328,14.729999542236328,6.53059196472168,9438982
2008-11-07,14.729999542236328,15.149999618530273,14.5,14.899999618530273,6.605962753295898,9272533
2008-11-10,15.220000267028809,15.75,14.970000267028809,15.100000381469727,6.694633960723877,8051839
2008-11-11,14.930000305175781,14.930000305175781,14.119999885559082,14.220000267028809,6.3044843673706055,10954070
2008-11-12,14.220000267028809,14.789999961853027,14.100000381469727,14.239999771118164,6.313351631164551,12083949
2008-11-13,14.239999771118164,14.600000381469727,13.800000190734863,14.420000076293945,6.393153667449951,11215365
2008-11-14,14.960000038146973,15.09000015258789,14.279999732971191,14.5600004196167,6.455222129821777,9771633
2008-11-17,14.5600004196167,14.779999732971191,14.010000228881836,14.069999694824219,6.237978935241699,8217781
2008-11-18,14.109999656677246,14.609999656677246,13.75,14.460000038146973,6.410887718200684,7335926
2008-11-19,14.460000038146973,14.600000381469727,13.90999984741211,13.949999809265137,6.184778690338135,8659295
2008-11-20,13.949999809265137,14.5,13.109999656677246,13.600000381469727,6.029603958129883,20623284
2008-11-21,13.600000381469727,15.140000343322754,13.289999961853027,13.90999984741211,6.167043209075928,13871408
2008-11-24,13.90999984741211,15.149999618530273,13.90999984741211,15.0,6.650299072265625,14877936
2008-11-25,15.0,15.4399995803833,14.260000228881836,14.850000381469727,6.58379602432251,12254166
2008-11-26,14.850000381469727,14.850000381469727,14.300000190734863,14.619999885559082,6.481823444366455,12742355
2008-11-27,14.619999885559082,15.359999656677246,14.619999885559082,15.199999809265137,6.738969326019287,13629663
2008-11-28,15.350000381469727,15.600000381469727,15.029999732971191,15.199999809265137,6.738969326019287,6686934
2008-12-01,15.199999809265137,15.329999923706055,14.079999923706055,14.300000190734863,6.339951515197754,8945134
2008-12-02,14.300000190734863,14.859999656677246,13.779999732971191,14.680000305175781,6.508424758911133,11055252
2008-12-03,14.680000305175781,15.039999961853027,14.25,14.789999961853027,6.557194709777832,10260231
2008-12-04,14.789999961853027,15.279999732971191,14.470000267028809,14.960000038146973,6.632564067840576,10615276
2008-12-05,14.630000114440918,14.789999961853027,13.850000381469727,14.039999961853027,6.224679470062256,10472030
2008-12-08,14.039999961853027,15.140000343322754,14.039999961853027,14.859999656677246,6.588229656219482,9299883
2008-12-09,14.739999771118164,15.34000015258789,14.59000015258789,15.100000381469727,6.694633960723877,8120908
2008-12-10,15.100000381469727,15.399999618530273,14.920000076293945,15.149999618530273,6.716801166534424,8080983
2008-12-11,15.149999618530273,15.5,15.0,15.319999694824219,6.792171955108643,15383380
2008-12-12,15.319999694824219,15.319999694824219,14.430000305175781,14.6899995803833,6.5128583908081055,10190327
2008-12-15,14.6899995803833,15.09000015258789,14.680000305175781,14.90999984741211,6.610396862030029,9717007
2008-12-16,14.90999984741211,15.140000343322754,14.8100004196167,15.050000190734863,6.672467231750488,10234712
2008-12-17,15.050000190734863,15.210000038146973,14.880000114440918,15.079999923706055,6.68576717376709,11109726
2008-12-18,15.149999618530273,15.199999809265137,14.960000038146973,15.09000015258789,6.6902008056640625,9266819
2008-12-19,15.09000015258789,15.100000381469727,14.609999656677246,14.989999771118164,6.645864963531494,30815232
2008-12-22,14.989999771118164,14.989999771118164,14.609999656677246,14.890000343322754,6.601529598236084,21388260
2008-12-23,14.710000038146973,14.979999542236328,14.449999809265137,14.600000381469727,6.472958087921143,5198610
2008-12-29,14.630000114440918,14.949999809265137,14.609999656677246,14.710000038146973,6.521726608276367,4013480
2008-12-30,14.710000038146973,15.100000381469727,14.710000038146973,15.100000381469727,6.694633960723877,5184107
2009-01-02,15.319999694824219,15.920000076293945,15.170000076293945,15.859999656677246,7.031581878662109,5652521
2009-01-05,15.899999618530273,16.030000686645508,15.579999923706055,16.030000686645508,7.1069512367248535,9411721
2009-01-06,16.059999465942383,16.5,15.90999984741211,16.219999313354492,7.191189765930176,4165100
2009-01-07,16.290000915527344,16.299999237060547,15.640000343322754,15.829999923706055,7.018281936645508,6490127
2009-01-08,15.680000305175781,16.18000030517578,15.630000114440918,16.100000381469727,7.137986660003662,7792481
2009-01-09,16.190000534057617,16.3799991607666,15.859999656677246,16.149999618530273,7.160154819488525,9985058
2009-01-12,16.149999618530273,16.200000762939453,15.619999885559082,15.630000114440918,6.929611682891846,9275199
2009-01-13,15.529999732971191,15.670000076293945,15.180000305175781,15.600000381469727,6.916310787200928,10056210
2009-01-14,15.600000381469727,16.049999237060547,15.25,15.399999618530273,6.827639102935791,25396358
2009-01-15,14.869999885559082,14.930000305175781,14.0600004196167,14.319999694824219,6.572894096374512,14434865
2009-01-16,14.319999694824219,14.829999923706055,14.149999618530273,14.260000228881836,6.545354843139648,79712584
2009-01-19,14.260000228881836,14.579999923706055,14.0,14.1899995803833,6.5132246017456055,8874542
2009-01-20,14.069999694824219,14.479999542236328,13.789999961853027,13.829999923706055,6.34798526763916,8259723
2009-01-21,13.75,14.109999656677246,13.4399995803833,13.760000228881836,6.315854549407959,7636526
2009-01-22,13.979999542236328,14.390000343322754,13.65999984741211,13.819999694824219,6.343392372131348,6766910
2009-01-23,13.819999694824219,13.869999885559082,13.34000015258789,13.770000457763672,6.320443153381348,15166407
2009-01-26,13.770000457763672,14.279999732971191,13.520000457763672,14.220000267028809,6.5269951820373535,9689937
2009-01-27,14.350000381469727,14.380000114440918,13.800000190734863,14.25,6.540764331817627,5378236
2009-01-28,14.34000015258789,14.579999923706055,14.0600004196167,14.520000457763672,6.6646952629089355,9296204
2009-01-29,14.520000457763672,14.5600004196167,14.149999618530273,14.359999656677246,6.591254234313965,4640755
2009-01-30,14.359999656677246,14.40999984741211,13.869999885559082,14.039999961853027,6.4443745613098145,7072251
2009-02-02,13.789999961853027,13.949999809265137,13.550000190734863,13.84000015258789,6.352574825286865,5479717
2009-02-03,13.970000267028809,14.069999694824219,13.569999694824219,14.010000228881836,6.430604457855225,5935314
2009-02-04,14.079999923706055,14.5,13.90999984741211,14.350000381469727,6.586665630340576,4689232
2009-02-05,14.130000114440918,14.40999984741211,13.9399995803833,14.359999656677246,6.591254234313965,4916629
2009-02-06,14.649999618530273,14.800000190734863,14.359999656677246,14.680000305175781,6.738134384155273,5861458
2009-02-09,14.680000305175781,14.899999618530273,14.4399995803833,14.890000343322754,6.834524631500244,4819512
2009-02-10,14.75,15.0,14.420000076293945,14.550000190734863,6.678465366363525,5435557
2009-02-11,14.550000190734863,14.5600004196167,14.220000267028809,14.390000343322754,6.605025768280029,6416500
2009-02-12,14.3100004196167,14.329999923706055,13.6899995803833,13.84000015258789,6.352574825286865,8936004
2009-02-13,13.989999771118164,14.260000228881836,13.899999618530273,13.930000305175781,6.39388370513916,5116451
2009-02-16,13.930000305175781,14.0600004196167,13.609999656677246,13.6899995803833,6.283723831176758,3166523
2009-02-17,13.6899995803833,13.6899995803833,13.149999618530273,13.25,6.0817646980285645,7470707
2009-02-18,13.270000457763672,13.40999984741211,12.90999984741211,13.350000381469727,6.127663612365723,6574809
2009-02-19,13.350000381469727,13.640000343322754,13.229999542236328,13.460000038146973,6.1781535148620605,5735364
2009-02-20,13.100000381469727,13.199999809265137,12.510000228881836,12.529999732971191,5.751283168792725,13355190
2009-02-23,12.529999732971191,12.8100004196167,12.329999923706055,12.350000381469727,5.668662071228027,8696031
2009-02-24,12.350000381469727,12.350000381469727,11.850000381469727,12.140000343322754,5.572273254394531,22918792
2009-02-25,12.140000343322754,12.5,11.8100004196167,12.180000305175781,5.590632438659668,7109268
2009-02-26,12.210000038146973,12.770000457763672,12.210000038146973,12.729999542236328,5.843082904815674,7527434
2009-02-27,12.600000381469727,12.640000343322754,12.069999694824219,12.220000267028809,5.608992099761963,6664535
2009-03-02,12.220000267028809,12.220000267028809,11.699999809265137,11.739999771118164,5.388671875,7818480
2009-03-03,11.739999771118164,12.0,11.550000190734863,11.640000343322754,5.342771530151367,7990773
2009-03-04,11.640000343322754,12.34000015258789,11.640000343322754,12.15999984741211,5.581451892852783,10453003
2009-03-05,12.15999984741211,12.15999984741211,11.779999732971191,11.779999732971191,5.407032489776611,10015471
2009-03-06,11.920000076293945,12.079999923706055,11.609999656677246,11.6899995803833,5.365722179412842,8781027
2009-03-09,11.779999732971191,11.779999732971191,11.239999771118164,11.670000076293945,5.356541633605957,7773044
2009-03-10,11.670000076293945,12.34000015258789,11.380000114440918,12.279999732971191,5.636532783508301,10308973
2009-03-11,12.279999732971191,12.720000267028809,11.90999984741211,12.40999984741211,5.696201801300049,8554118
2009-03-12,12.300000190734863,12.369999885559082,12.010000228881836,12.350000381469727,5.668662071228027,7676181
2009-03-13,12.350000381469727,12.84000015258789,12.09000015258789,12.170000076293945,5.586042881011963,11674452
2009-03-16,12.170000076293945,12.470000267028809,12.170000076293945,12.399999618530273,5.6916117668151855,13206939
2009-03-17,12.399999618530273,12.600000381469727,12.140000343322754,12.479999542236328,5.728332042694092,5910108
2009-03-18,12.479999542236328,12.649999618530273,12.100000381469727,12.34000015258789,5.664072036743164,7086592
2009-03-19,12.34000015258789,12.609999656677246,12.300000190734863,12.449999809265137,5.714562892913818,7011971
2009-03-20,12.25,12.5600004196167,12.15999984741211,12.460000038146973,5.719152927398682,6961587
2009-03-23,12.460000038146973,13.130000114440918,12.460000038146973,13.029999732971191,5.980782985687256,15326589
2009-03-24,13.149999618530273,13.260000228881836,12.84000015258789,13.010000228881836,5.9716033935546875,6039553
2009-03-25,13.010000228881836,13.449999809265137,12.979999542236328,13.260000228881836,6.086353778839111,5045081
2009-03-26,13.350000381469727,13.350000381469727,13.0,13.199999809265137,6.058813095092773,4932553
2009-03-27,13.270000457763672,13.350000381469727,12.960000038146973,13.050000190734863,5.989963054656982,6247795
2009-03-30,13.0,13.029999732971191,12.510000228881836,12.510000228881836,5.74210262298584,5061298
2009-03-31,12.510000228881836,13.079999923706055,12.510000228881836,13.029999732971191,5.980782985687256,7071122
2009-04-01,13.029999732971191,13.319999694824219,12.770000457763672,13.220000267028809,6.067994594573975,6963443
2009-04-02,13.220000267028809,14.050000190734863,13.220000267028809,13.880000114440918,6.37093448638916,9530582
2009-04-03,14.140000343322754,14.199999809265137,13.800000190734863,13.869999885559082,6.366343021392822,6671004
2009-04-06,13.869999885559082,14.170000076293945,13.720000267028809,13.880000114440918,6.37093448638916,5731910
2009-04-07,14.039999961853027,14.25,13.779999732971191,14.029999732971191,6.439783573150635,7501056
2009-04-08,13.949999809265137,14.09000015258789,13.75,14.050000190734863,6.448965072631836,4415636
2009-04-09,14.050000190734863,14.489999771118164,13.930000305175781,14.470000267028809,6.641744136810303,4921193
2009-04-14,14.479999542236328,14.6899995803833,14.0600004196167,14.59000015258789,6.696825981140137,7273102
2009-04-15,14.59000015258789,14.670000076293945,13.970000267028809,14.0600004196167,6.453555107116699,12606846
2009-04-16,14.0600004196167,14.390000343322754,14.0600004196167,14.350000381469727,6.586665630340576,5712869
2009-04-17,14.350000381469727,14.630000114440918,14.210000038146973,14.489999771118164,6.6509246826171875,8866823
2009-04-20,14.489999771118164,14.489999771118164,13.829999923706055,13.869999885559082,6.366343021392822,6533701
2009-04-21,13.869999885559082,14.09000015258789,13.369999885559082,13.710000038146973,6.292903900146484,12719334
2009-04-22,13.710000038146973,14.0,13.520000457763672,14.0,6.426013469696045,6888234
2009-04-23,13.989999771118164,14.239999771118164,13.859999656677246,13.930000305175781,6.39388370513916,4921209
2009-04-24,14.020000457763672,14.449999809265137,13.970000267028809,14.390000343322754,6.605025768280029,6005033
2009-04-27,14.130000114440918,14.260000228881836,13.9399995803833,14.199999809265137,6.517814636230469,8574931
2009-04-28,14.199999809265137,14.199999809265137,13.819999694824219,14.020000457763672,6.43519401550293,5176327
2009-04-29,14.239999771118164,14.329999923706055,14.020000457763672,14.289999961853027,6.559123992919922,4987342
2009-04-30,14.479999542236328,14.649999618530273,14.329999923706055,14.470000267028809,6.641744136810303,7566614
2009-05-04,14.739999771118164,14.850000381469727,14.5,14.710000038146973,6.75190544128418,4300382
2009-05-05,14.539999961853027,15.0600004196167,14.539999961853027,14.850000381469727,6.816164970397949,3776706
2009-05-06,14.850000381469727,15.079999923706055,14.65999984741211,14.930000305175781,6.852886199951172,6376657
2009-05-07,14.930000305175781,15.460000038146973,14.880000114440918,15.020000457763672,6.894195556640625,6181741
2009-05-08,15.020000457763672,15.75,15.020000457763672,15.430000305175781,7.082383632659912,8226186
2009-05-11,15.430000305175781,15.579999923706055,14.949999809265137,15.109999656677246,6.93550443649292,6835829
2009-05-12,15.050000190734863,15.390000343322754,15.029999732971191,15.239999771118164,6.995174884796143,4963793
2009-05-13,15.239999771118164,15.550000190734863,14.75,14.890000343322754,6.834524631500244,10126831
2009-05-14,14.9399995803833,14.9399995803833,14.5,14.760000228881836,6.774856090545654,5392191
2009-05-15,14.789999961853027,15.0,14.729999542236328,14.899999618530273,6.839114665985107,5353792
2009-05-18,14.899999618530273,15.210000038146973,14.699999809265137,15.210000038146973,6.981404781341553,6265716
2009-05-19,15.430000305175781,15.579999923706055,15.3100004196167,15.489999771118164,7.109926223754883,5870572
2009-05-20,15.489999771118164,15.770000457763672,15.430000305175781,15.6899995803833,7.201723575592041,7102314
2009-05-21,15.640000343322754,15.640000343322754,15.279999732971191,15.359999656677246,7.050254821777344,3617229
2009-05-22,15.4399995803833,15.609999656677246,15.220000267028809,15.430000305175781,7.082383632659912,4236765
2009-05-25,15.430000305175781,15.65999984741211,15.119999885559082,15.5600004196167,7.142055511474609,3066920
2009-05-26,15.5600004196167,15.670000076293945,15.210000038146973,15.649999618530273,7.183364391326904,6244191
2009-05-27,15.649999618530273,15.789999961853027,15.600000381469727,15.680000305175781,7.1971354484558105,4473061
2009-05-28,15.449999809265137,15.649999618530273,15.359999656677246,15.529999732971191,7.128285884857178,4505155
2009-05-29,15.529999732971191,16.079999923706055,15.529999732971191,15.829999923706055,7.26598596572876,9400917
2009-06-01,16.190000534057617,16.56999969482422,16.079999923706055,16.40999984741211,7.532208442687988,5698452
2009-06-02,16.559999465942383,16.899999618530273,16.350000381469727,16.780000686645508,7.7020368576049805,7994416
2009-06-03,16.809999465942383,16.829999923706055,16.200000762939453,16.219999313354492,7.444997310638428,8417963
2009-06-04,16.25,16.5,16.09000015258789,16.18000030517578,7.426636219024658,5305861
2009-06-05,16.309999465942383,16.690000534057617,16.260000228881836,16.3799991607666,7.518436908721924,4808020
2009-06-08,16.3799991607666,16.3799991607666,16.010000228881836,16.059999465942383,7.371556758880615,12837147
2009-06-09,16.350000381469727,16.3700008392334,16.110000610351562,16.190000534057617,7.43122673034668,4413887
2009-06-10,16.190000534057617,16.860000610351562,16.190000534057617,16.579999923706055,7.610236167907715,6866834
2009-06-11,16.649999618530273,16.81999969482422,16.540000915527344,16.739999771118164,7.683676719665527,3615969
2009-06-12,16.739999771118164,16.790000915527344,16.459999084472656,16.59000015258789,7.6148271560668945,5466081
2009-06-15,16.59000015258789,16.59000015258789,16.040000915527344,16.15999984741211,7.417457580566406,6254285
2009-06-16,16.15999984741211,16.459999084472656,16.100000381469727,16.190000534057617,7.43122673034668,11944853
2009-06-17,16.190000534057617,16.260000228881836,15.510000228881836,15.680000305175781,7.1971354484558105,9029760
2009-06-18,15.569999694824219,15.800000190734863,15.300000190734863,15.65999984741211,7.1879563331604,5660500
2009-06-19,15.65999984741211,16.059999465942383,15.510000228881836,15.920000076293945,7.307295322418213,14630377
2009-06-22,15.920000076293945,15.989999771118164,15.350000381469727,15.40999984741211,7.073205947875977,32270086
2009-06-23,15.329999923706055,15.5600004196167,15.270000457763672,15.350000381469727,7.045666694641113,6341374
2009-06-24,15.46500015258789,15.9399995803833,15.3100004196167,15.84000015258789,7.270576477050781,5001449
2009-06-25,15.84000015258789,15.960000038146973,15.5,15.859999656677246,7.279755592346191,4071962
2009-06-26,15.859999656677246,16.100000381469727,15.720000267028809,15.800000190734863,7.25221586227417,11025311
2009-06-29,15.699999809265137,16.350000381469727,15.699999809265137,16.170000076293945,7.42204475402832,5470919
2009-06-30,16.260000228881836,16.290000915527344,15.755000114440918,15.9399995803833,7.316476821899414,5787585
2009-07-01,15.9399995803833,16.325000762939453,15.9399995803833,16.200000762939453,7.435817241668701,12012384
2009-07-02,16.200000762939453,16.829999923706055,16.184999465942383,16.219999313354492,7.444997310638428,37111880
2009-07-03,16.43000030517578,16.729999542236328,16.329999923706055,16.600000381469727,7.619418621063232,8030607
2009-07-06,16.600000381469727,16.600000381469727,16.040000915527344,16.295000076293945,7.479420185089111,35631876
2009-07-07,16.295000076293945,16.540000915527344,16.0,16.040000915527344,7.362374782562256,19054996
2009-07-08,16.040000915527344,16.110000610351562,15.670000076293945,15.770000457763672,7.238446235656738,7493236
2009-07-09,15.244999885559082,15.449999809265137,15.100000381469727,15.154999732971191,7.195713520050049,20188174
2009-07-10,15.154999732971191,15.260000228881836,14.970000267028809,15.170000076293945,7.202836036682129,8320660
2009-07-13,15.170000076293945,15.484999656677246,14.859999656677246,15.4399995803833,7.331033706665039,17759474
2009-07-14,15.4399995803833,15.739999771118164,15.319999694824219,15.600000381469727,7.4070024490356445,30358752
2009-07-15,15.600000381469727,16.149999618530273,15.600000381469727,16.1299991607666,7.658650875091553,21992874
2009-07-16,16.030000686645508,16.375,15.9399995803833,16.19499969482422,7.689511775970459,5280334
2009-07-17,16.1299991607666,16.46500015258789,16.1299991607666,16.329999923706055,7.7536115646362305,5529395
2009-07-20,16.329999923706055,16.575000762939453,16.309999465942383,16.405000686645508,7.789224147796631,11200795
2009-07-21,16.459999084472656,16.520000457763672,16.260000228881836,16.399999618530273,7.786848068237305,6841541
2009-07-22,16.34000015258789,16.3799991607666,16.049999237060547,16.219999313354492,7.701383113861084,8083357
2009-07-23,16.149999618530273,16.594999313354492,16.149999618530273,16.594999313354492,7.879436016082764,6034412
2009-07-24,16.594999313354492,16.790000915527344,16.450000762939453,16.6299991607666,7.896054267883301,6434210
2009-07-27,16.780000686645508,17.030000686645508,16.5,16.709999084472656,7.9340386390686035,5803034
2009-07-28,16.75,16.93000030517578,16.420000076293945,16.549999237060547,7.858069896697998,7162181
2009-07-29,16.600000381469727,16.780000686645508,16.415000915527344,16.55500030517578,7.86044454574585,5308034
2009-07-30,16.55500030517578,16.729999542236328,16.315000534057617,16.614999771118164,7.888932704925537,12291038
2009-07-31,16.475000381469727,16.56999969482422,16.049999237060547,16.290000915527344,7.734620571136475,10356110
2009-08-03,16.270000457763672,16.479999542236328,16.209999084472656,16.40999984741211,7.791600227355957,6164866
2009-08-04,16.40999984741211,16.40999984741211,16.165000915527344,16.334999084472656,7.755985736846924,5001829
2009-08-05,16.334999084472656,16.334999084472656,15.914999961853027,15.979999542236328,7.587430000305176,5853635
2009-08-06,16.094999313354492,16.170000076293945,15.899999618530273,16.010000228881836,7.601675510406494,6427850
2009-08-07,15.899999618530273,16.204999923706055,15.8100004196167,16.204999923706055,7.6942620277404785,5137701
2009-08-10,16.204999923706055,16.334999084472656,15.979999542236328,16.200000762939453,7.691888332366943,5213557
2009-08-11,16.3799991607666,16.549999237060547,15.9399995803833,15.984999656677246,7.5898027420043945,6144037
2009-08-12,15.984999656677246,16.549999237060547,15.949999809265137,16.454999923706055,7.812963008880615,11053526
2009-08-13,16.454999923706055,16.84000015258789,16.43000030517578,16.6200008392334,7.8913068771362305,6709148
2009-08-14,16.584999084472656,16.834999084472656,16.46500015258789,16.5049991607666,7.836703777313232,6417751
2009-08-17,16.5049991607666,16.53499984741211,16.0,16.084999084472656,7.637281894683838,5620584
2009-08-18,16.084999084472656,16.295000076293945,16.06999969482422,16.219999313354492,7.701383113861084,2811186
2009-08-19,16.219999313354492,16.43000030517578,16.0,16.260000228881836,7.720376968383789,4837010
2009-08-20,16.260000228881836,16.649999618530273,16.260000228881836,16.565000534057617,7.8651909828186035,4424429
2009-08-21,16.489999771118164,17.200000762939453,16.43000030517578,17.100000381469727,8.119213104248047,19316490
2009-08-24,17.100000381469727,17.600000381469727,17.100000381469727,17.46500015258789,8.292518615722656,9347449
2009-08-25,17.46500015258789,17.795000076293945,17.315000534057617,17.719999313354492,8.413596153259277,7214402
2009-08-26,17.600000381469727,17.790000915527344,17.190000534057617,17.350000381469727,8.237916946411133,9516201
2009-08-27,17.280000686645508,17.520000457763672,17.229999542236328,17.354999542236328,8.240289688110352,5101315
2009-08-28,17.354999542236328,17.6299991607666,17.354999542236328,17.489999771118164,8.304389953613281,3536366
2009-08-31,17.489999771118164,17.540000915527344,17.239999771118164,17.299999237060547,8.214177131652832,2818453
2009-09-01,17.43000030517578,17.459999084472656,16.915000915527344,17.0,8.071732521057129,6290438
2009-09-02,16.889999389648438,16.96500015258789,16.5,16.719999313354492,7.938786506652832,9057096
2009-09-03,16.844999313354492,16.889999389648438,16.604999542236328,16.7450008392334,7.950658321380615,5455177
2009-09-04,16.7450008392334,16.969999313354492,16.704999923706055,16.860000610351562,8.005260467529297,4002107
2009-09-07,16.950000762939453,17.15999984741211,16.80500030517578,17.05500030517578,8.097847938537598,4053948
2009-09-08,17.05500030517578,17.18000030517578,16.934999465942383,17.075000762939453,8.10734748840332,5818692
2009-09-09,17.075000762939453,17.6299991607666,17.075000762939453,17.55500030517578,8.335251808166504,15767396
2009-09-10,17.760000228881836,17.780000686645508,17.315000534057617,17.469999313354492,8.294892311096191,5887557
2009-09-11,17.469999313354492,17.924999237060547,17.469999313354492,17.729999542236328,8.418343544006348,7446763
2009-09-14,17.729999542236328,18.040000915527344,17.479999542236328,17.979999542236328,8.537043571472168,8748384
2009-09-15,17.979999542236328,18.420000076293945,17.979999542236328,18.219999313354492,8.650999069213867,7817121
2009-09-16,18.219999313354492,18.770000457763672,18.219999313354492,18.56999969482422,8.817180633544922,10175340
2009-09-17,18.850000381469727,18.93000030517578,18.614999771118164,18.81999969482422,8.935882568359375,7482835
2009-09-18,18.81999969482422,18.934999465942383,18.6299991607666,18.770000457763672,8.91214370727539,10506929
2009-09-21,18.770000457763672,18.969999313354492,18.424999237060547,18.71500015258789,8.886028289794922,16026755
2009-09-22,18.71500015258789,19.264999389648438,18.71500015258789,19.094999313354492,9.06645679473877,8876550
2009-09-23,19.094999313354492,19.229999542236328,18.934999465942383,19.049999237060547,9.045089721679688,7262527
2009-09-24,19.049999237060547,19.049999237060547,18.3799991607666,18.610000610351562,8.836172103881836,11625995
2009-09-25,18.610000610351562,18.610000610351562,18.31999969482422,18.600000381469727,8.831427574157715,6488093
2009-09-28,18.700000762939453,18.979999542236328,18.40999984741211,18.969999313354492,9.007105827331543,6321047
2009-09-29,18.969999313354492,18.989999771118164,18.700000762939453,18.8799991607666,8.964371681213379,7093996
2009-09-30,18.850000381469727,18.96500015258789,18.350000381469727,18.59000015258789,8.826678276062012,8151367
2009-10-01,18.59000015258789,18.790000915527344,18.06999969482422,18.209999084472656,8.646248817443848,7724445
2009-10-02,18.209999084472656,18.219999313354492,17.725000381469727,17.9950008392334,8.544168472290039,8241893
2009-10-05,17.885000228881836,18.239999771118164,17.770000457763672,18.184999465942383,8.634379386901855,8036563
2009-10-06,18.049999237060547,18.510000228881836,18.010000228881836,18.5,8.78394603729248,9014309
2009-10-07,18.5,18.645000457763672,18.225000381469727,18.420000076293945,8.745959281921387,6086534
2009-10-08,18.420000076293945,18.674999237060547,18.235000610351562,18.510000228881836,8.788694381713867,9064764
2009-10-09,18.510000228881836,18.59000015258789,18.204999923706055,18.389999389648438,8.731717109680176,11358135
2009-10-12,18.389999389648438,18.709999084472656,18.389999389648438,18.565000534057617,8.81480884552002,4342274
2009-10-13,18.5049991607666,18.6200008392334,18.25,18.350000381469727,8.712724685668945,5792107
2009-10-14,18.350000381469727,18.989999771118164,18.350000381469727,18.8799991607666,8.964371681213379,11073286
2009-10-15,18.975000381469727,19.024999618530273,18.6299991607666,18.739999771118164,8.89789867401123,9311950
2009-10-16,19.040000915527344,19.204999923706055,18.55500030517578,18.645000457763672,8.852792739868164,11987550
2009-10-19,18.7450008392334,19.1299991607666,18.7450008392334,18.985000610351562,9.014225959777832,4913002
2009-10-20,19.1299991607666,19.1299991607666,18.65999984741211,18.815000534057617,8.933510780334473,6165696
2009-10-21,18.795000076293945,19.0,18.600000381469727,18.989999771118164,9.016600608825684,6315277
2009-10-22,18.889999389648438,18.889999389648438,18.600000381469727,18.885000228881836,8.966748237609863,6758293
2009-10-23,18.885000228881836,19.075000762939453,18.610000610351562,18.639999389648438,8.850419998168945,8533584
2009-10-26,18.885000228881836,18.885000228881836,18.200000762939453,18.440000534057617,8.755456924438477,6516565
2009-10-27,18.440000534057617,18.729999542236328,18.350000381469727,18.584999084472656,8.82430362701416,6213554
2009-10-28,18.530000686645508,18.545000076293945,18.15999984741211,18.280000686645508,8.679486274719238,6022900
2009-10-29,18.280000686645508,18.639999389648438,18.059999465942383,18.604999542236328,8.8337984085083,6883514
2009-10-30,18.795000076293945,18.889999389648438,18.059999465942383,18.165000915527344,8.624886512756348,7641821
2009-11-02,18.165000915527344,18.5,18.059999465942383,18.440000534057617,8.755456924438477,6341627
2009-11-03,18.270000457763672,18.270000457763672,17.920000076293945,18.045000076293945,8.567906379699707,6957834
2009-11-04,18.045000076293945,18.3799991607666,17.9950008392334,18.239999771118164,8.66049575805664,10260543
2009-11-05,18.239999771118164,18.635000228881836,18.020000457763672,18.5,8.78394603729248,6898626
2009-11-06,18.5,18.614999771118164,18.165000915527344,18.5,8.78394603729248,4467224
2009-11-09,18.549999237060547,18.739999771118164,18.549999237060547,18.739999771118164,8.89789867401123,5646882
2009-11-10,18.739999771118164,18.815000534057617,18.6200008392334,18.815000534057617,8.933510780334473,7791860
2009-11-11,18.815000534057617,18.9950008392334,18.75,18.81999969482422,8.935882568359375,5923057
2009-11-12,18.81999969482422,18.940000534057617,18.649999618530273,18.850000381469727,8.950126647949219,6040577
2009-11-13,18.850000381469727,18.950000762939453,18.479999542236328,18.700000762939453,8.878908157348633,8540227
2009-11-16,18.700000762939453,18.899999618530273,18.639999389648438,18.795000076293945,8.924013137817383,7474722
2009-11-17,18.795000076293945,18.829999923706055,18.6299991607666,18.75,8.902647018432617,6537266
2009-11-18,18.71500015258789,18.985000610351562,18.71500015258789,18.809999465942383,8.931136131286621,6195547
2009-11-19,18.809999465942383,18.850000381469727,18.405000686645508,18.5,8.78394603729248,6188342
2009-11-20,18.5,18.69499969482422,18.209999084472656,18.344999313354492,8.710351943969727,8576749
2009-11-23,18.420000076293945,18.834999084472656,18.420000076293945,18.700000762939453,8.878908157348633,5474443
2009-11-24,18.700000762939453,18.84000015258789,18.405000686645508,18.649999618530273,8.8551664352417,5236797
2009-11-25,18.75,18.889999389648438,18.594999313354492,18.739999771118164,8.89789867401123,3698346
2009-11-26,18.700000762939453,18.700000762939453,18.200000762939453,18.270000457763672,8.674739837646484,6057088
2009-11-27,18.270000457763672,18.649999618530273,17.8700008392334,18.5049991607666,8.7863187789917,8506736
2009-11-30,18.6299991607666,18.719999313354492,18.170000076293945,18.299999237060547,8.688984870910645,6150483
2009-12-01,18.4950008392334,18.950000762939453,18.424999237060547,18.7450008392334,8.900273323059082,9317415
2009-12-02,18.7450008392334,18.875,18.610000610351562,18.71500015258789,8.886028289794922,7149099
2009-12-03,18.71500015258789,18.924999237060547,18.635000228881836,18.764999389648438,8.909770011901855,4807918
2009-12-04,18.764999389648438,18.989999771118164,18.520000457763672,18.844999313354492,8.947752952575684,12760773
2009-12-07,18.729999542236328,18.850000381469727,18.670000076293945,18.7549991607666,8.905020713806152,4366914
2009-12-08,18.670000076293945,18.84000015258789,18.350000381469727,18.479999542236328,8.774449348449707,4929433
2009-12-09,18.479999542236328,18.600000381469727,18.184999465942383,18.34000015258789,8.707977294921875,45473232
2009-12-10,18.25,18.485000610351562,18.184999465942383,18.375,8.724594116210938,5775687
2009-12-11,18.385000228881836,18.649999618530273,18.385000228881836,18.420000076293945,8.745959281921387,5851519
2009-12-14,18.639999389648438,18.799999237060547,18.520000457763672,18.68000030517578,8.869410514831543,5273551
2009-12-15,18.68000030517578,18.799999237060547,18.524999618530273,18.69499969482422,8.876534461975098,54956636
2009-12-16,18.69499969482422,18.979999542236328,18.68000030517578,18.940000534057617,8.992860794067383,20543620
2009-12-17,18.899999618530273,18.899999618530273,18.6299991607666,18.729999542236328,8.893153190612793,12477312
2009-12-18,18.729999542236328,18.979999542236328,18.469999313354492,18.4950008392334,8.781572341918945,45635724
2009-12-21,18.4950008392334,18.885000228881836,18.450000762939453,18.860000610351562,8.954876899719238,102653568
2009-12-22,18.454999923706055,18.68000030517578,18.454999923706055,18.530000686645508,9.001025199890137,4777502
2009-12-23,18.559999465942383,18.719999313354492,18.559999465942383,18.600000381469727,9.035025596618652,144851376
2009-12-28,18.700000762939453,18.81999969482422,18.639999389648438,18.780000686645508,9.122462272644043,3228856
2009-12-29,18.780000686645508,18.854999542236328,18.670000076293945,18.739999771118164,9.103029251098633,49502276
2009-12-30,18.774999618530273,18.84000015258789,18.639999389648438,18.725000381469727,9.095746994018555,2987900
2010-01-04,18.760000228881836,18.905000686645508,18.760000228881836,18.829999923706055,9.146748542785645,13665681
2010-01-05,18.834999084472656,19.030000686645508,18.834999084472656,18.885000228881836,9.173466682434082,12792600
2010-01-06,18.885000228881836,18.979999542236328,18.799999237060547,18.799999237060547,9.13217544555664,19931384
2010-01-07,18.799999237060547,18.93000030517578,18.68000030517578,18.809999465942383,9.137035369873047,12346950
2010-01-08,18.90999984741211,18.969999313354492,18.7450008392334,18.790000915527344,9.127320289611816,11372020
2010-01-11,18.799999237060547,19.165000915527344,18.799999237060547,18.850000381469727,9.156464576721191,9582063
2010-01-12,18.850000381469727,18.969999313354492,18.53499984741211,18.670000076293945,9.0690279006958,8811927
2010-01-13,18.670000076293945,18.81999969482422,18.53499984741211,18.600000381469727,9.035025596618652,13937247
2010-01-14,18.729999542236328,18.81999969482422,18.645000457763672,18.700000762939453,9.083601951599121,5790062
2010-01-15,18.700000762939453,18.815000534057617,18.3799991607666,18.3799991607666,8.928157806396484,11317970
2010-01-18,18.3799991607666,18.514999389648438,18.30500030517578,18.450000762939453,8.962166786193848,4284633
2010-01-19,18.450000762939453,18.725000381469727,18.270000457763672,18.670000076293945,9.0690279006958,7563380
2010-01-20,18.670000076293945,18.700000762939453,17.979999542236328,18.094999313354492,8.789719581604004,10545105
2010-01-21,18.094999313354492,18.295000076293945,17.684999465942383,17.770000457763672,8.631850242614746,8463417
2010-01-22,17.68000030517578,17.780000686645508,17.274999618530273,17.399999618530273,8.452120780944824,12331230
2010-01-25,17.399999618530273,17.479999542236328,17.155000686645508,17.25,8.37925910949707,8822119
2010-01-26,17.149999618530273,17.46500015258789,17.075000762939453,17.34000015258789,8.422975540161133,9278662
2010-01-27,17.329999923706055,17.329999923706055,17.010000228881836,17.135000228881836,8.32339859008789,9716475
2010-01-28,17.135000228881836,17.43000030517578,16.8700008392334,16.8700008392334,8.194674491882324,10002854
2010-01-29,16.8799991607666,17.34000015258789,16.8799991607666,17.145000457763672,8.328253746032715,8978480
2010-02-01,17.145000457763672,17.200000762939453,16.905000686645508,17.06999969482422,8.291823387145996,8934448
2010-02-02,17.100000381469727,17.420000076293945,16.920000076293945,17.399999618530273,8.452120780944824,5918497
2010-02-03,17.399999618530273,17.450000762939453,17.030000686645508,17.049999237060547,8.282106399536133,7808159
2010-02-04,17.09000015258789,17.165000915527344,16.375,16.44499969482422,7.988224506378174,14672580
2010-02-05,16.43000030517578,16.43000030517578,15.805000305175781,15.819999694824219,7.684628963470459,15275780
2010-02-08,15.829999923706055,16.280000686645508,15.819999694824219,16.235000610351562,7.886218070983887,10880450
2010-02-09,16.235000610351562,16.3700008392334,16.014999389648438,16.290000915527344,7.912934303283691,9101998
2010-02-10,16.375,16.6200008392334,16.200000762939453,16.31999969482422,7.9275078773498535,8510333
2010-02-11,16.454999923706055,16.579999923706055,16.100000381469727,16.260000228881836,7.898361682891846,6789545
2010-02-12,16.260000228881836,16.594999313354492,16.149999618530273,16.229999542236328,7.883787631988525,5208062
2010-02-15,16.235000610351562,16.479999542236328,16.235000610351562,16.329999923706055,7.932363986968994,2834031
2010-02-16,16.489999771118164,16.604999542236328,16.299999237060547,16.549999237060547,8.039230346679688,5105529
2010-02-17,16.65999984741211,16.924999237060547,16.65999984741211,16.739999771118164,8.131524085998535,8238494
2010-02-18,16.739999771118164,16.9950008392334,16.65999984741211,16.959999084472656,8.238390922546387,7488921
2010-02-19,16.959999084472656,17.149999618530273,16.700000762939453,17.09000015258789,8.301535606384277,10441878
2010-02-22,17.09000015258789,17.424999237060547,16.954999923706055,16.9950008392334,8.255390167236328,10108298
2010-02-23,16.9950008392334,17.18000030517578,16.604999542236328,16.774999618530273,8.148523330688477,7035554
2010-02-24,16.774999618530273,16.829999923706055,16.389999389648438,16.600000381469727,8.063517570495605,6946559
2010-02-25,16.600000381469727,16.760000228881836,16.15999984741211,16.360000610351562,7.946936130523682,9649660
2010-02-26,16.360000610351562,16.635000228881836,16.354999542236328,16.635000228881836,8.080520629882812,7683155
2010-03-01,16.885000228881836,16.920000076293945,16.639999389648438,16.84000015258789,8.180097579956055,5519167
2010-03-02,16.84000015258789,17.09000015258789,16.760000228881836,17.040000915527344,8.277251243591309,7928997
2010-03-03,17.040000915527344,17.235000610351562,16.834999084472656,17.149999618530273,8.330681800842285,5986828
2010-03-04,17.149999618530273,17.235000610351562,16.975000381469727,17.15999984741211,8.335540771484375,8067518
2010-03-05,17.010000228881836,17.7450008392334,17.0,17.674999237060547,8.585701942443848,10721519
2010-03-08,17.674999237060547,17.940000534057617,17.625,17.889999389648438,8.690140724182129,7166508
2010-03-09,17.889999389648438,17.959999084472656,17.55500030517578,17.739999771118164,8.617277145385742,5921115
2010-03-10,17.739999771118164,17.969999313354492,17.65999984741211,17.899999618530273,8.694998741149902,9517157
2010-03-11,17.899999618530273,17.899999618530273,17.700000762939453,17.799999237060547,8.646421432495117,4249008
2010-03-12,17.844999313354492,18.049999237060547,17.69499969482422,17.760000228881836,8.626994132995605,7085363
2010-03-15,17.799999237060547,17.815000534057617,17.520000457763672,17.559999465942383,8.529839515686035,5989855
2010-03-16,17.69499969482422,17.7450008392334,17.485000610351562,17.7450008392334,8.619708061218262,5323483
2010-03-17,17.799999237060547,17.96500015258789,17.739999771118164,17.915000915527344,8.702285766601562,14865537
2010-03-18,17.8799991607666,17.93000030517578,17.729999542236328,17.80500030517578,8.648852348327637,11110052
2010-03-19,17.80500030517578,17.975000381469727,17.709999084472656,17.860000610351562,8.675567626953125,12138185
2010-03-22,17.850000381469727,17.850000381469727,17.360000610351562,17.600000381469727,8.549270629882812,10958944
2010-03-23,17.600000381469727,17.940000534057617,17.59000015258789,17.8799991607666,8.685281753540039,6565058
2010-03-24,17.8799991607666,17.899999618530273,17.40999984741211,17.614999771118164,8.556557655334473,7744661
2010-03-25,17.69499969482422,17.969999313354492,17.524999618530273,17.899999618530273,8.694998741149902,6191262
2010-03-26,17.899999618530273,17.975000381469727,17.764999389648438,17.8799991607666,8.685281753540039,3797316
2010-03-29,17.8799991607666,17.989999771118164,17.735000610351562,17.829999923706055,8.660993576049805,5483600
2010-03-30,17.829999923706055,17.94499969482422,17.625,17.65999984741211,8.57841682434082,5480648
2010-03-31,17.729999542236328,17.829999923706055,17.3799991607666,17.530000686645508,8.515268325805664,6925708
2010-04-01,17.610000610351562,17.989999771118164,17.610000610351562,17.989999771118164,8.738715171813965,10073125
2010-04-06,17.989999771118164,18.235000610351562,17.844999313354492,18.200000762939453,8.84072494506836,7552466
2010-04-07,18.25,18.389999389648438,18.15999984741211,18.184999465942383,8.833436012268066,6270907
2010-04-08,18.059999465942383,18.145000457763672,17.809999465942383,18.024999618530273,8.755717277526855,4518504
2010-04-09,18.170000076293945,18.68000030517578,18.1200008392334,18.649999618530273,9.05931282043457,9191295
2010-04-12,18.649999618530273,18.8700008392334,18.530000686645508,18.690000534057617,9.078742027282715,8325365
2010-04-13,18.639999389648438,18.7549991607666,18.46500015258789,18.579999923706055,9.025310516357422,7433868
2010-04-14,18.579999923706055,18.760000228881836,18.375,18.440000534057617,8.957304000854492,7456264
2010-04-15,18.5,18.735000610351562,18.329999923706055,18.645000457763672,9.056888580322266,7618087
2010-04-16,18.44499969482422,18.674999237060547,18.110000610351562,18.1200008392334,8.801864624023438,11817054
2010-04-19,18.1200008392334,18.209999084472656,17.979999542236328,18.170000076293945,8.826152801513672,6025684
2010-04-20,18.170000076293945,18.469999313354492,18.104999542236328,18.40999984741211,8.942731857299805,8506484
2010-04-21,18.40999984741211,18.520000457763672,17.989999771118164,18.06999969482422,8.777575492858887,6685770
2010-04-22,18.06999969482422,18.190000534057617,17.610000610351562,17.75,8.6221342086792,14387078
2010-04-23,17.674999237060547,18.079999923706055,17.6200008392334,18.075000762939453,8.78000545501709,7230066
2010-04-26,18.239999771118164,18.34000015258789,17.920000076293945,18.06999969482422,8.777575492858887,5741618
2010-04-27,18.049999237060547,18.145000457763672,17.209999084472656,17.354999542236328,8.430264472961426,12117141
2010-04-28,17.354999542236328,17.53499984741211,16.600000381469727,16.850000381469727,8.184956550598145,24454856
2010-04-29,17.15999984741211,17.7549991607666,17.049999237060547,17.545000076293945,8.522554397583008,13377076
2010-04-30,17.545000076293945,17.829999923706055,17.469999313354492,17.725000381469727,8.609991073608398,9564880
2010-05-03,17.81999969482422,17.920000076293945,17.459999084472656,17.709999084472656,8.602705001831055,6076816
2010-05-04,17.559999465942383,17.690000534057617,16.829999923706055,16.93000030517578,8.223816871643066,14755903
2010-05-05,16.93000030517578,17.06999969482422,16.18000030517578,16.530000686645508,8.029516220092773,17221293
2010-05-06,16.530000686645508,16.739999771118164,16.0,16.125,7.832784652709961,12643771
2010-05-07,16.125,16.389999389648438,15.305000305175781,15.539999961853027,7.548620223999023,17302321
2010-05-10,17.05500030517578,17.450000762939453,16.325000762939453,17.395000457763672,8.449691772460938,22543217
2010-05-11,17.3799991607666,17.3799991607666,16.684999465942383,17.155000686645508,8.333111763000488,11734320
2010-05-12,17.155000686645508,17.610000610351562,16.90999984741211,17.43000030517578,8.466694831848145,9635083
2010-05-13,17.43000030517578,17.690000534057617,17.059999465942383,17.34000015258789,8.422975540161133,9007130
2010-05-14,17.290000915527344,17.290000915527344,16.094999313354492,16.280000686645508,7.90807580947876,12289271
2010-05-17,16.03499984741211,16.649999618530273,15.960000038146973,16.360000610351562,7.946936130523682,9874124
2010-05-18,16.385000228881836,17.05500030517578,16.385000228881836,16.834999084472656,8.177667617797852,9362530
2010-05-19,16.795000076293945,16.795000076293945,16.21500015258789,16.399999618530273,7.966364860534668,10084351
2010-05-20,16.399999618530273,16.94499969482422,16.225000381469727,16.6299991607666,8.078089714050293,16167296
2010-05-21,16.6299991607666,16.985000610351562,16.0,16.729999542236328,8.126666069030762,19397152
2010-05-24,16.729999542236328,16.950000762939453,16.235000610351562,16.415000915527344,7.973653793334961,7848927
2010-05-25,15.970000267028809,15.970000267028809,15.510000228881836,15.835000038146973,7.691914081573486,12191932
2010-05-26,16.075000762939453,16.479999542236328,16.0,16.094999313354492,7.818211555480957,9053800
2010-05-27,16.094999313354492,16.84000015258789,15.9350004196167,16.78499984741211,8.153383255004883,10487617
2010-05-28,16.94499969482422,17.030000686645508,16.700000762939453,16.799999237060547,8.16066837310791,8177068
2010-05-31,16.700000762939453,16.854999542236328,16.454999923706055,16.575000762939453,8.051371574401855,5240365
2010-06-01,16.364999771118164,16.670000076293945,15.96500015258789,16.489999771118164,8.010082244873047,8152201
2010-06-02,16.350000381469727,16.684999465942383,16.075000762939453,16.549999237060547,8.039230346679688,13862671
2010-06-03,16.704999923706055,17.09000015258789,16.704999923706055,16.735000610351562,8.129096031188965,6372399
2010-06-04,16.829999923706055,16.94499969482422,16.104999542236328,16.21500015258789,7.876503944396973,10570513
2010-06-07,16.0,16.25,15.789999961853027,15.984999656677246,7.764780044555664,7910884
2010-06-08,16.219999313354492,16.225000381469727,15.664999961853027,15.899999618530273,7.7234907150268555,10304018
2010-06-09,16.03499984741211,16.190000534057617,15.720000267028809,16.184999465942383,7.861929893493652,8871451
2010-06-10,15.979999542236328,16.65999984741211,15.819999694824219,16.610000610351562,8.068375587463379,11826161
2010-06-11,16.690000534057617,17.19499969482422,16.690000534057617,17.094999313354492,8.303966522216797,15314643
2010-06-14,17.219999313354492,17.424999237060547,17.020000457763672,17.19499969482422,8.35254192352295,8001608
2010-06-15,17.19499969482422,17.59000015258789,17.010000228881836,17.524999618530273,8.51284122467041,7747094
2010-06-16,17.524999618530273,17.739999771118164,17.229999542236328,17.489999771118164,8.495841979980469,7456312
2010-06-17,17.489999771118164,17.709999084472656,17.3799991607666,17.655000686645508,8.57598876953125,32161608
2010-06-18,17.610000610351562,17.895000457763672,17.5,17.825000762939453,8.65856647491455,52741913
2010-06-21,17.979999542236328,18.350000381469727,17.979999542236328,18.065000534057617,8.775148391723633,10123658
2010-06-22,17.989999771118164,18.170000076293945,17.770000457763672,17.905000686645508,8.697426795959473,8354767
2010-06-23,17.8700008392334,17.8700008392334,17.510000228881836,17.69499969482422,8.595417976379395,7015972
2010-06-24,17.8700008392334,17.8700008392334,17.075000762939453,17.190000534057617,8.350111961364746,11238518
2010-06-25,17.190000534057617,17.280000686645508,16.774999618530273,16.895000457763672,8.206815719604492,9836263
2010-06-28,17.15999984741211,17.415000915527344,16.954999923706055,17.34000015258789,8.422975540161133,22749401
2010-06-29,17.225000381469727,17.225000381469727,16.639999389648438,16.639999389648438,8.082947731018066,19625326
2010-06-30,16.614999771118164,16.899999618530273,16.5,16.665000915527344,8.095091819763184,46092942
2010-07-01,16.420000076293945,16.719999313354492,16.299999237060547,16.53499984741211,8.031941413879395,71410144
2010-07-02,16.53499984741211,16.860000610351562,16.454999923706055,16.579999923706055,8.053802490234375,27441361
2010-07-05,16.579999923706055,16.809999465942383,16.549999237060547,16.579999923706055,8.053802490234375,4332938
2010-07-06,16.655000686645508,17.225000381469727,16.655000686645508,17.05500030517578,8.28453540802002,39767132
2010-07-07,16.989999771118164,17.59000015258789,16.889999389648438,17.559999465942383,8.529839515686035,41756264
2010-07-08,17.170000076293945,17.469999313354492,17.170000076293945,17.25,8.587088584899902,20955918
2010-07-09,17.354999542236328,17.690000534057617,17.354999542236328,17.59000015258789,8.756342887878418,32547044
2010-07-12,17.700000762939453,17.809999465942383,17.354999542236328,17.610000610351562,8.766297340393066,18771869
2010-07-13,17.594999313354492,18.075000762939453,17.594999313354492,17.8799991607666,8.900704383850098,70868390
2010-07-14,17.8799991607666,18.03499984741211,17.719999313354492,17.915000915527344,8.918129920959473,13507652
2010-07-15,17.915000915527344,18.209999084472656,17.690000534057617,17.829999923706055,8.875813484191895,20294111
2010-07-16,17.829999923706055,18.030000686645508,17.399999618530273,17.489999771118164,8.706562042236328,27259917
2010-07-19,17.5,17.8799991607666,17.239999771118164,17.450000762939453,8.686647415161133,17090572
2010-07-20,17.450000762939453,17.670000076293945,17.209999084472656,17.6200008392334,8.771273612976074,19017127
2010-07-21,17.6200008392334,17.9950008392334,17.524999618530273,17.639999389648438,8.781232833862305,40271353
2010-07-22,17.639999389648438,17.989999771118164,17.514999389648438,17.94499969482422,8.933059692382812,12552474
2010-07-23,17.94499969482422,18.200000762939453,17.850000381469727,18.149999618530273,9.035111427307129,16399448
2010-07-26,18.219999313354492,18.389999389648438,18.040000915527344,18.360000610351562,9.139649391174316,10544248
2010-07-27,18.360000610351562,18.55500030517578,18.25,18.459999084472656,9.189431190490723,6578288
2010-07-28,18.459999084472656,18.4950008392334,18.149999618530273,18.2549991607666,9.08737850189209,11510814
2010-07-29,18.274999618530273,18.565000534057617,18.274999618530273,18.295000076293945,9.107293128967285,13263025
2010-07-30,18.225000381469727,18.399999618530273,17.950000762939453,18.104999542236328,9.012709617614746,6216509
2010-08-02,18.239999771118164,18.959999084472656,18.239999771118164,18.81999969482422,9.368637084960938,8262394
2010-08-03,18.760000228881836,18.864999771118164,18.579999923706055,18.815000534057617,9.36614990234375,7000596
2010-08-04,18.770000457763672,19.139999389648438,18.639999389648438,18.979999542236328,9.448287010192871,6865471
2010-08-05,18.979999542236328,19.200000762939453,18.809999465942383,18.924999237060547,9.420907974243164,8042732
2010-08-06,18.924999237060547,19.155000686645508,18.510000228881836,18.600000381469727,9.259121894836426,5975555
2010-08-09,18.84000015258789,19.040000915527344,18.84000015258789,18.959999084472656,9.438328742980957,17345060
2010-08-10,18.959999084472656,19.020000457763672,18.68000030517578,18.780000686645508,9.348727226257324,4247425
2010-08-11,18.75,18.75,18.1200008392334,18.200000762939453,9.059999465942383,8002138
2010-08-12,18.18000030517578,18.264999389648438,17.920000076293945,18.110000610351562,9.015198707580566,5975367
2010-08-13,18.110000610351562,18.3799991607666,17.860000610351562,18.06999969482422,8.995287895202637,5093981
2010-08-16,18.100000381469727,18.155000686645508,17.829999923706055,17.975000381469727,8.94799518585205,5810824
2010-08-17,17.975000381469727,18.155000686645508,17.885000228881836,18.125,9.022666931152344,5502070
2010-08-18,18.094999313354492,18.094999313354492,17.84000015258789,18.05500030517578,8.98781967163086,7658227
2010-08-19,18.05500030517578,18.549999237060547,17.94499969482422,17.950000762939453,8.935550689697266,9625863
2010-08-20,17.950000762939453,18.155000686645508,17.69499969482422,17.84000015258789,8.880791664123535,8779334
2010-08-23,17.84000015258789,18.225000381469727,17.809999465942383,18.094999313354492,9.007732391357422,4264927
2010-08-24,18.030000686645508,18.030000686645508,17.739999771118164,17.8700008392334,8.895727157592773,7105032
2010-08-25,17.815000534057617,17.905000686645508,17.309999465942383,17.549999237060547,8.736428260803223,7599264
2010-08-26,17.6200008392334,17.959999084472656,17.6200008392334,17.770000457763672,8.845946311950684,6634690
2010-08-27,17.770000457763672,18.135000228881836,17.639999389648438,18.09000015258789,9.005242347717285,5531591
2010-08-30,18.170000076293945,18.209999084472656,17.96500015258789,18.0049991607666,8.962928771972656,2407441
2010-08-31,17.7450008392334,18.100000381469727,17.68000030517578,18.014999389648438,8.967906951904297,6404587
2010-09-01,18.014999389648438,18.850000381469727,18.0,18.850000381469727,9.383573532104492,9477446
2010-09-02,18.975000381469727,19.200000762939453,18.825000762939453,18.895000457763672,9.40597152709961,20285081
2010-09-03,18.895000457763672,19.079999923706055,18.729999542236328,18.809999465942383,9.363659858703613,7827351
2010-09-06,18.96500015258789,18.96500015258789,18.739999771118164,18.850000381469727,9.383573532104492,4684565
2010-09-07,18.844999313354492,18.844999313354492,18.450000762939453,18.549999237060547,9.234230995178223,5941760
2010-09-08,18.549999237060547,18.764999389648438,18.399999618530273,18.690000534057617,9.303922653198242,8953295
2010-09-09,18.690000534057617,18.895000457763672,18.53499984741211,18.860000610351562,9.388550758361816,9251308
2010-09-10,18.829999923706055,18.899999618530273,18.68000030517578,18.895000457763672,9.40597152709961,4457594
2010-09-13,18.989999771118164,19.174999237060547,18.924999237060547,18.985000610351562,9.450775146484375,5913236
2010-09-14,19.024999618530273,19.1200008392334,18.799999237060547,19.030000686645508,9.473177909851074,5548458
2010-09-15,19.149999618530273,19.149999618530273,18.850000381469727,18.915000915527344,9.415929794311523,6627582
2010-09-16,18.915000915527344,19.014999389648438,18.799999237060547,18.860000610351562,9.388550758361816,4851673
2010-09-17,18.860000610351562,19.075000762939453,18.53499984741211,18.584999084472656,9.251654624938965,18035377
2010-09-20,18.674999237060547,19.059999465942383,18.674999237060547,19.0,9.458240509033203,16637265
2010-09-21,19.03499984741211,19.559999465942383,19.010000228881836,19.295000076293945,9.605093955993652,12286536
2010-09-22,19.295000076293945,19.329999923706055,18.899999618530273,18.959999084472656,9.438328742980957,7607236
2010-09-23,18.959999084472656,19.18000030517578,18.610000610351562,18.854999542236328,9.386059761047363,8269363
2010-09-24,18.760000228881836,19.350000381469727,18.729999542236328,19.260000228881836,9.587672233581543,10574105
2010-09-27,19.260000228881836,19.360000610351562,19.065000534057617,19.239999771118164,9.577715873718262,8132332
2010-09-28,19.190000534057617,19.21500015258789,18.81999969482422,19.135000228881836,9.525445938110352,5382477
2010-09-29,19.200000762939453,19.299999237060547,18.78499984741211,18.920000076293945,9.418416976928711,10935879
2010-09-30,18.75,19.299999237060547,18.725000381469727,18.895000457763672,9.40597152709961,12783805
2010-10-01,20.100000381469727,20.5,19.719999313354492,19.829999923706055,9.871419906616211,26369202
2010-10-04,19.829999923706055,20.040000915527344,19.639999389648438,19.639999389648438,9.776833534240723,10494239
2010-10-05,19.829999923706055,20.024999618530273,19.600000381469727,19.90999984741211,9.91124153137207,11288470
2010-10-06,19.9950008392334,20.350000381469727,19.979999542236328,20.229999542236328,10.070539474487305,9284738
2010-10-07,20.229999542236328,20.530000686645508,20.059999465942383,20.219999313354492,10.065563201904297,10056169
2010-10-08,20.219999313354492,20.299999237060547,20.014999389648438,20.15999984741211,10.03569221496582,6986338
2010-10-11,20.260000228881836,20.270000457763672,20.0049991607666,20.09000015258789,10.000847816467285,5295941
2010-10-12,19.959999084472656,19.96500015258789,19.690000534057617,19.864999771118164,9.88884162902832,5201408
2010-10-13,19.864999771118164,20.25,19.655000686645508,19.985000610351562,9.948580741882324,14180759
2010-10-14,19.985000610351562,20.235000610351562,19.78499984741211,19.850000381469727,9.881375312805176,6472431
2010-10-15,19.899999618530273,20.0049991607666,19.559999465942383,19.774999618530273,9.844039916992188,10713650
2010-10-18,19.774999618530273,19.940000534057617,19.565000534057617,19.864999771118164,9.88884162902832,4082077
2010-10-19,19.799999237060547,19.885000228881836,19.420000076293945,19.530000686645508,9.722077369689941,9297140
2010-10-20,19.399999618530273,19.6200008392334,19.354999542236328,19.610000610351562,9.76190185546875,5813052
2010-10-21,19.579999923706055,19.75,19.434999465942383,19.639999389648438,9.776833534240723,7264408
2010-10-22,19.594999313354492,19.799999237060547,19.459999084472656,19.614999771118164,9.76439094543457,3941848
2010-10-25,19.790000915527344,19.790000915527344,19.540000915527344,19.610000610351562,9.76190185546875,3285138
2010-10-26,19.610000610351562,19.670000076293945,19.399999618530273,19.489999771118164,9.702166557312012,8150373
2010-10-27,19.43000030517578,19.69499969482422,19.31999969482422,19.434999465942383,9.674785614013672,7028240
2010-10-28,19.575000762939453,19.899999618530273,19.520000457763672,19.780000686645508,9.846529006958008,7740947
2010-10-29,19.7549991607666,20.059999465942383,19.610000610351562,19.924999237060547,9.918708801269531,6433115
2010-11-01,20.100000381469727,20.149999618530273,19.635000228881836,19.739999771118164,9.826615333557129,4984629
2010-11-02,19.739999771118164,20.190000534057617,19.600000381469727,20.184999465942383,10.048139572143555,8243968
2010-11-03,20.184999465942383,20.295000076293945,19.799999237060547,19.864999771118164,9.88884162902832,16124454
2010-11-04,20.09000015258789,20.270000457763672,20.014999389648438,20.100000381469727,10.005825996398926,5956592
2010-11-05,20.100000381469727,20.174999237060547,19.700000762939453,19.959999084472656,9.93613052368164,7764516
2010-11-08,19.959999084472656,19.96500015258789,19.719999313354492,19.850000381469727,9.881375312805176,5776016
2010-11-09,19.850000381469727,20.19499969482422,19.795000076293945,20.110000610351562,10.010804176330566,5783275
2010-11-10,20.110000610351562,20.135000228881836,19.65999984741211,19.75,9.831595420837402,5909443
2010-11-11,19.799999237060547,19.889999389648438,19.479999542236328,19.799999237060547,9.856483459472656,7417105
2010-11-12,19.799999237060547,19.815000534057617,19.270000457763672,19.600000381469727,9.756922721862793,9694021
2010-11-15,19.649999618530273,19.979999542236328,19.510000228881836,19.950000762939453,9.931156158447266,6105771
2010-11-16,19.924999237060547,19.924999237060547,19.375,19.375,9.644918441772461,6509514
2010-11-17,19.375,19.55500030517578,19.239999771118164,19.4950008392334,9.704654693603516,7413759
2010-11-18,19.579999923706055,19.885000228881836,19.579999923706055,19.829999923706055,9.871419906616211,6853392
2010-11-19,19.829999923706055,19.889999389648438,19.614999771118164,19.829999923706055,9.871419906616211,8862969
2010-11-22,19.829999923706055,20.020000457763672,19.31999969482422,19.3700008392334,9.642430305480957,7278178
2010-11-23,19.290000915527344,19.290000915527344,18.625,18.625,9.271566390991211,12275539
2010-11-24,18.625,18.81999969482422,18.415000915527344,18.739999771118164,9.328814506530762,8427142
2010-11-25,18.739999771118164,19.049999237060547,18.635000228881836,18.924999237060547,9.420907974243164,6642949
2010-11-26,18.8700008392334,19.0,18.594999313354492,18.829999923706055,9.373617172241211,7829208
2010-11-29,18.829999923706055,19.010000228881836,18.290000915527344,18.290000915527344,9.104804039001465,12071516
2010-11-30,18.290000915527344,18.770000457763672,18.274999618530273,18.579999923706055,9.249166488647461,12547466
2010-12-01,18.78499984741211,19.31999969482422,18.65999984741211,19.260000228881836,9.587672233581543,12023421
2010-12-02,19.5,19.84000015258789,19.075000762939453,19.670000076293945,9.791769027709961,13200118
2010-12-03,19.5,19.93000030517578,19.5,19.81999969482422,9.866439819335938,9355404
2010-12-06,19.829999923706055,19.940000534057617,19.709999084472656,19.709999084472656,9.811681747436523,5818055
2010-12-07,20.0,20.524999618530273,19.825000762939453,20.354999542236328,10.132763862609863,12110760
2010-12-08,20.329999923706055,20.850000381469727,20.145000457763672,20.829999923706055,10.369220733642578,9961214
2010-12-09,20.860000610351562,21.149999618530273,20.790000915527344,21.020000457763672,10.463804244995117,8028268
2010-12-10,21.0,21.1200008392334,20.924999237060547,21.030000686645508,10.468779563903809,5718184
2010-12-13,21.100000381469727,21.344999313354492,21.020000457763672,21.219999313354492,10.563363075256348,26148587
2010-12-14,21.225000381469727,21.360000610351562,21.020000457763672,21.204999923706055,10.555895805358887,5694542
2010-12-15,21.204999923706055,21.209999084472656,20.75,21.0,10.453845024108887,42596360
2010-12-16,21.030000686645508,21.030000686645508,20.6299991607666,20.829999923706055,10.369220733642578,14135627
2010-12-17,21.030000686645508,21.059999465942383,20.774999618530273,20.799999237060547,10.354286193847656,14319423
2010-12-20,20.9950008392334,21.43000030517578,20.829999923706055,21.139999389648438,10.523539543151855,28527245
2010-12-21,21.440000534057617,21.645000457763672,21.094999313354492,21.575000762939453,10.740084648132324,6052524
2010-12-22,21.729999542236328,21.799999237060547,21.549999237060547,21.549999237060547,10.72763729095459,7289911
2010-12-23,21.65999984741211,21.700000762939453,21.145000457763672,21.174999237060547,10.540962219238281,6684226
2010-12-27,21.079999923706055,21.170000076293945,20.614999771118164,20.739999771118164,10.324418067932129,6414257
2010-12-28,20.889999389648438,20.989999771118164,20.719999313354492,20.790000915527344,10.3493070602417,32436914
2010-12-29,21.0,21.079999923706055,20.899999618530273,21.06999969482422,10.488693237304688,7196997
2010-12-30,21.06999969482422,21.139999389648438,20.850000381469727,20.850000381469727,10.37917423248291,6508893
2011-01-03,20.96500015258789,21.334999084472656,20.8700008392334,21.190000534057617,10.548429489135742,14908575
2011-01-04,21.290000915527344,21.485000610351562,21.084999084472656,21.295000076293945,10.600696563720703,37427645
2011-01-05,21.1200008392334,21.18000030517578,20.56999969482422,20.950000762939453,10.428955078125,34598499
2011-01-06,20.979999542236328,21.2450008392334,20.709999084472656,20.780000686645508,10.344329833984375,43733255
2011-01-07,20.780000686645508,20.84000015258789,20.309999465942383,20.579999923706055,10.244770050048828,41809166
2011-01-10,20.489999771118164,20.540000915527344,20.31999969482422,20.420000076293945,10.165122032165527,41773320
2011-01-11,20.524999618530273,20.80500030517578,20.364999771118164,20.760000228881836,10.33437442779541,54631503
2011-01-12,20.829999923706055,21.799999237060547,20.815000534057617,21.799999237060547,10.85208797454834,73059439
2011-01-13,21.399999618530273,22.725000381469727,21.360000610351562,22.59000015258789,11.522851943969727,53868096
2011-01-14,22.059999465942383,22.579999923706055,22.059999465942383,22.5049991607666,11.479496002197266,47053494
2011-01-17,22.309999465942383,22.43000030517578,22.174999237060547,22.28499984741211,11.36727523803711,50607849
2011-01-18,22.385000228881836,23.0,22.34000015258789,23.0,11.731989860534668,74585403
2011-01-19,22.600000381469727,22.625,22.079999923706055,22.28499984741211,11.36727523803711,149781707
2011-01-20,22.190000534057617,22.514999389648438,22.1200008392334,22.459999084472656,11.456538200378418,29463703
2011-01-21,22.56999969482422,22.8700008392334,22.385000228881836,22.625,11.540706634521484,39872916
2011-01-24,22.6299991607666,22.774999618530273,22.110000610351562,22.44499969482422,11.448892593383789,26215515
2011-01-25,22.7450008392334,22.7450008392334,21.979999542236328,22.110000610351562,11.278009414672852,19294318
2011-01-26,22.5,22.81999969482422,22.440000534057617,22.579999923706055,11.51775074005127,19358961
2011-01-27,22.655000686645508,23.200000762939453,22.56999969482422,22.920000076293945,11.691183090209961,17608641
2011-01-28,23.09000015258789,23.299999237060547,22.8799991607666,23.0,11.731989860534668,17302911
2011-01-31,22.950000762939453,23.229999542236328,22.790000915527344,22.975000381469727,11.719232559204102,10092247
2011-02-01,23.200000762939453,23.670000076293945,23.075000762939453,23.489999771118164,11.98193073272705,9318845
2011-02-02,23.610000610351562,23.75,23.350000381469727,23.719999313354492,12.099249839782715,13171830
2011-02-03,23.514999389648438,23.635000228881836,23.30500030517578,23.540000915527344,12.007434844970703,15104825
2011-02-04,23.5,23.774999618530273,23.420000076293945,23.55500030517578,12.015085220336914,7905369
2011-02-07,23.729999542236328,23.81999969482422,23.280000686645508,23.6299991607666,12.053342819213867,8212052
2011-02-08,23.8799991607666,23.8799991607666,23.434999465942383,23.545000076293945,12.009984016418457,19916739
2011-02-09,23.485000610351562,23.770000457763672,23.30500030517578,23.395000457763672,11.933473587036133,10630109
2011-02-10,23.274999618530273,23.450000762939453,23.03499984741211,23.450000762939453,11.961526870727539,9923241
2011-02-11,23.3700008392334,23.59000015258789,23.219999313354492,23.479999542236328,11.976827621459961,5580401
2011-02-14,23.915000915527344,23.915000915527344,23.5,23.600000381469727,12.038039207458496,7007067
2011-02-15,23.700000762939453,23.9950008392334,23.610000610351562,23.84000015258789,12.160463333129883,5326314
2011-02-16,23.989999771118164,24.329999923706055,23.8799991607666,24.225000381469727,12.356843948364258,7953747
2011-02-17,24.274999618530273,24.485000610351562,24.075000762939453,24.479999542236328,12.486913681030273,8168797
2011-02-18,24.59000015258789,24.735000610351562,24.354999542236328,24.575000762939453,12.535374641418457,7308942
2011-02-21,24.575000762939453,24.575000762939453,23.78499984741211,23.940000534057617,12.211468696594238,23499054
2011-02-22,23.735000610351562,23.780000686645508,23.299999237060547,23.645000457763672,12.060993194580078,9002593
2011-02-23,23.674999237060547,23.68000030517578,23.295000076293945,23.5,11.987028121948242,8809897
2011-02-24,23.25,24.024999618530273,23.200000762939453,23.8799991607666,12.180863380432129,9673132
2011-02-25,24.190000534057617,24.290000915527344,24.010000228881836,24.155000686645508,12.321137428283691,6277760
2011-02-28,24.200000762939453,24.469999313354492,23.969999313354492,24.329999923706055,12.410402297973633,5678802
2011-03-01,24.459999084472656,24.524999618530273,23.96500015258789,24.030000686645508,12.25737476348877,6165121
2011-03-02,24.065000534057617,24.3799991607666,23.770000457763672,24.235000610351562,12.361947059631348,18286462
2011-03-03,24.260000228881836,24.424999237060547,23.81999969482422,24.0,12.242072105407715,6438463
2011-03-04,24.0,24.21500015258789,23.924999237060547,24.024999618530273,12.254826545715332,5715578
2011-03-07,24.0049991607666,24.549999237060547,23.924999237060547,24.100000381469727,12.293083190917969,7307612
2011-03-08,24.100000381469727,24.565000534057617,24.049999237060547,24.565000534057617,12.530274391174316,13228348
2011-03-09,24.5,24.53499984741211,24.100000381469727,24.219999313354492,12.354293823242188,8545110
2011-03-10,24.030000686645508,24.104999542236328,23.6299991607666,23.75,12.11455249786377,6709930
2011-03-11,23.559999465942383,23.7549991607666,23.364999771118164,23.459999084472656,11.966625213623047,8318391
2011-03-14,23.424999237060547,23.670000076293945,22.799999237060547,22.979999542236328,11.721785545349121,23398324
2011-03-15,22.6200008392334,22.75,21.899999618530273,22.489999771118164,11.471845626831055,20996038
2011-03-16,22.545000076293945,22.735000610351562,22.024999618530273,22.100000381469727,11.27291202545166,11301502
2011-03-17,22.280000686645508,23.145000457763672,22.110000610351562,23.084999084472656,11.775345802307129,12002224
2011-03-18,23.149999618530273,23.540000915527344,23.06999969482422,23.200000762939453,11.834006309509277,17248976
2011-03-21,23.545000076293945,23.81999969482422,23.350000381469727,23.81999969482422,12.150259017944336,18630663
2011-03-22,23.799999237060547,24.125,23.790000915527344,23.985000610351562,12.234419822692871,17688650
2011-03-23,23.899999618530273,23.989999771118164,23.3700008392334,23.565000534057617,12.020186424255371,9462779
2011-03-24,23.399999618530273,24.059999465942383,23.350000381469727,24.03499984741211,12.259929656982422,6713282
2011-03-25,24.075000762939453,24.395000457763672,24.0,24.299999237060547,12.395096778869629,7006248
2011-03-28,24.3799991607666,24.420000076293945,24.2450008392334,24.25,12.369595527648926,6496641
2011-03-29,24.315000534057617,24.43000030517578,24.065000534057617,24.364999771118164,12.428257942199707,4492668
2011-03-30,24.5,24.649999618530273,24.18000030517578,24.19499969482422,12.34154224395752,7890731
2011-03-31,24.334999084472656,24.4950008392334,24.100000381469727,24.174999237060547,12.331339836120605,6533307
2011-04-01,24.415000915527344,24.600000381469727,24.05500030517578,24.540000915527344,12.517520904541016,5872987
2011-04-04,24.5,24.815000534057617,24.239999771118164,24.7450008392334,12.622090339660645,15825730
2011-04-05,24.700000762939453,24.809999465942383,24.510000228881836,24.655000686645508,12.576179504394531,18628543
2011-04-06,24.69499969482422,24.899999618530273,24.5049991607666,24.790000915527344,12.645044326782227,14019686
2011-04-07,24.610000610351562,24.700000762939453,24.31999969482422,24.389999389648438,12.441006660461426,6675610
2011-04-08,24.5,24.71500015258789,24.46500015258789,24.649999618530273,12.573628425598145,3831073
2011-04-11,24.540000915527344,24.690000534057617,24.485000610351562,24.579999923706055,12.537923812866211,12273664
2011-04-12,24.395000457763672,24.395000457763672,23.825000762939453,23.834999084472656,12.15790843963623,7659879
2011-04-13,23.90999984741211,24.079999923706055,23.84000015258789,23.920000076293945,12.20126724243164,5019802
2011-04-14,23.809999465942383,23.90999984741211,23.209999084472656,23.395000457763672,11.933473587036133,6173255
2011-04-15,23.450000762939453,23.450000762939453,23.049999237060547,23.200000762939453,11.834006309509277,17258696
2011-04-18,23.075000762939453,23.19499969482422,22.5049991607666,22.635000228881836,11.545805931091309,37402227
2011-04-19,22.559999465942383,22.725000381469727,22.5049991607666,22.565000534057617,11.510101318359375,10968597
2011-04-20,22.700000762939453,23.350000381469727,22.700000762939453,23.329999923706055,11.900315284729004,6913635
2011-04-21,23.475000381469727,23.56999969482422,23.299999237060547,23.469999313354492,11.971728324890137,12310324
2011-04-26,23.450000762939453,23.645000457763672,23.204999923706055,23.46500015258789,11.96917724609375,5344223
2011-04-27,23.440000534057617,23.985000610351562,23.440000534057617,23.854999542236328,12.168109893798828,5093039
2011-04-28,24.0,24.219999313354492,23.989999771118164,24.110000610351562,12.29818344116211,5847346
2011-04-29,24.100000381469727,24.219999313354492,23.934999465942383,24.110000610351562,12.29818344116211,3391036
2011-05-02,24.399999618530273,24.450000762939453,24.094999313354492,24.395000457763672,12.443556785583496,3761046
2011-05-03,24.25,24.350000381469727,23.809999465942383,23.924999237060547,12.203817367553711,4929169
2011-05-04,23.68000030517578,23.920000076293945,23.06999969482422,23.1200008392334,11.793197631835938,15720987
2011-05-05,23.19499969482422,23.354999542236328,22.815000534057617,22.905000686645508,11.6835298538208,5594881
2011-05-06,22.885000228881836,23.299999237060547,22.420000076293945,23.225000381469727,11.846758842468262,6788526
2011-05-09,23.049999237060547,23.364999771118164,22.639999389648438,22.844999313354492,11.652924537658691,6283855
2011-05-10,22.850000381469727,23.235000610351562,22.780000686645508,23.1200008392334,11.793197631835938,5345275
2011-05-11,23.399999618530273,23.450000762939453,23.040000915527344,23.084999084472656,11.775345802307129,17386149
2011-05-12,23.399999618530273,23.399999618530273,22.704999923706055,22.905000686645508,11.6835298538208,6903182
2011-05-13,23.139999389648438,23.139999389648438,22.579999923706055,22.6200008392334,11.538155555725098,6631518
2011-05-16,22.420000076293945,22.56999969482422,22.264999389648438,22.4950008392334,11.474396705627441,4869217
2011-05-17,22.46500015258789,22.665000915527344,22.280000686645508,22.34000015258789,11.395331382751465,4127196
2011-05-18,22.489999771118164,22.6299991607666,22.290000915527344,22.549999237060547,11.502448081970215,5310747
2011-05-19,22.760000228881836,22.9950008392334,22.530000686645508,22.809999465942383,11.635072708129883,6371924
2011-05-20,22.799999237060547,22.989999771118164,22.2549991607666,22.364999771118164,11.408085823059082,9089918
2011-05-23,22.110000610351562,22.200000762939453,21.854999542236328,22.040000915527344,11.242302894592285,7605593
2011-05-24,22.020000457763672,22.510000228881836,22.020000457763672,22.325000762939453,11.387679100036621,7773937
2011-05-25,22.200000762939453,22.4950008392334,22.045000076293945,22.395000457763672,11.423386573791504,5469421
2011-05-26,22.40999984741211,22.825000762939453,22.399999618530273,22.55500030517578,11.505000114440918,11053211
2011-05-27,22.764999389648438,23.094999313354492,22.65999984741211,22.94499969482422,11.70393180847168,5653257
2011-05-30,23.0,23.045000076293945,22.799999237060547,22.829999923706055,11.645271301269531,4222327
2011-05-31,23.125,23.719999313354492,23.100000381469727,23.68000030517578,12.078845977783203,11787976
2011-06-01,23.774999618530273,23.81999969482422,23.104999542236328,23.15999984741211,11.81360149383545,14106684
2011-06-02,22.899999618530273,23.030000686645508,22.700000762939453,22.700000762939453,11.578960418701172,5039811
2011-06-03,22.760000228881836,22.920000076293945,22.43000030517578,22.719999313354492,11.589163780212402,4962023
2011-06-06,22.674999237060547,22.719999313354492,22.3799991607666,22.56999969482422,11.512650489807129,4191123
2011-06-07,22.575000762939453,22.59000015258789,22.229999542236328,22.280000686645508,11.364725112915039,5931013
2011-06-08,22.15999984741211,22.315000534057617,21.90999984741211,22.25,11.3494234085083,16861169
2011-06-09,22.209999084472656,22.510000228881836,22.049999237060547,22.440000534057617,11.446341514587402,6629233
2011-06-10,22.440000534057617,22.510000228881836,21.934999465942383,22.040000915527344,11.242302894592285,5539220
2011-06-13,22.0049991607666,22.075000762939453,21.815000534057617,21.915000915527344,11.178544998168945,3442141
2011-06-14,21.969999313354492,22.594999313354492,21.969999313354492,22.479999542236328,11.466742515563965,9227113
2011-06-15,22.440000534057617,22.485000610351562,21.979999542236328,22.040000915527344,11.242302894592285,6385951
2011-06-16,21.850000381469727,22.149999618530273,21.65999984741211,22.075000762939453,11.260156631469727,25790674
2011-06-17,21.905000686645508,22.559999465942383,21.739999771118164,22.43000030517578,11.441238403320312,34892765
2011-06-20,21.950000762939453,22.399999618530273,21.915000915527344,22.270000457763672,11.359624862670898,21333065
2011-06-21,22.44499969482422,22.854999542236328,22.405000686645508,22.854999542236328,11.658023834228516,20849118
2011-06-22,22.895000457763672,22.959999084472656,22.760000228881836,22.760000228881836,11.609566688537598,25928787
2011-06-23,22.65999984741211,22.65999984741211,22.084999084472656,22.30500030517578,11.37747859954834,17175397
2011-06-24,22.6200008392334,22.684999465942383,21.975000381469727,22.03499984741211,11.239753723144531,36605427
2011-06-27,21.889999389648438,22.209999084472656,21.80500030517578,22.104999542236328,11.275461196899414,23991259
2011-06-28,22.1299991607666,22.485000610351562,21.954999923706055,22.30500030517578,11.37747859954834,65856883
2011-06-29,22.479999542236328,23.25,22.469999313354492,23.19499969482422,11.831453323364258,67046547
2011-06-30,23.649999618530273,23.96500015258789,23.530000686645508,23.940000534057617,12.211468696594238,32641162
2011-07-01,24.0,24.34000015258789,23.780000686645508,24.149999618530273,12.318586349487305,55932205
2011-07-04,24.270000457763672,24.350000381469727,24.049999237060547,24.09000015258789,12.287981986999512,17765243
2011-07-05,24.075000762939453,24.075000762939453,23.7450008392334,23.825000762939453,12.152812004089355,21156129
2011-07-06,23.6200008392334,23.979999542236328,23.469999313354492,23.940000534057617,12.211468696594238,10161400
2011-07-07,23.510000228881836,23.53499984741211,23.100000381469727,23.100000381469727,12.047189712524414,53262065
2011-07-08,23.145000457763672,23.280000686645508,22.389999389648438,22.420000076293945,11.692553520202637,21984407
2011-07-11,22.235000610351562,22.350000381469727,21.850000381469727,22.1299991607666,11.541309356689453,10858909
2011-07-12,21.75,22.204999923706055,21.264999389648438,22.040000915527344,11.49437427520752,17531677
2011-07-13,21.8700008392334,22.334999084472656,21.854999542236328,22.2450008392334,11.601288795471191,7818425
2011-07-14,22.0,22.020000457763672,21.530000686645508,21.735000610351562,11.335309982299805,16183426
2011-07-15,21.510000228881836,21.600000381469727,21.209999084472656,21.325000762939453,11.121481895446777,58805275
2011-07-18,21.184999465942383,21.364999771118164,20.834999084472656,21.125,11.017180442810059,7490215
2011-07-19,21.200000762939453,21.59000015258789,21.149999618530273,21.295000076293945,11.10583782196045,18730721
2011-07-20,21.3700008392334,21.84000015258789,21.3700008392334,21.729999542236328,11.33270263671875,25467309
2011-07-21,21.96500015258789,22.280000686645508,21.520000457763672,22.139999389648438,11.546528816223145,8895184
2011-07-22,22.360000610351562,22.719999313354492,22.2549991607666,22.575000762939453,11.773391723632812,7302198
2011-07-25,22.5,22.59000015258789,22.184999465942383,22.290000915527344,11.624756813049316,6652075
2011-07-26,22.415000915527344,22.440000534057617,21.940000534057617,22.075000762939453,11.512628555297852,5071842
2011-07-27,21.979999542236328,22.024999618530273,21.59000015258789,21.670000076293945,11.301410675048828,21987141
2011-07-28,21.760000228881836,22.190000534057617,21.68000030517578,22.084999084472656,11.517844200134277,8541036
2011-07-29,21.719999313354492,22.200000762939453,21.690000534057617,22.024999618530273,11.486550331115723,18332384
2011-08-01,22.354999542236328,22.389999389648438,21.309999465942383,21.350000381469727,11.134523391723633,6958995
2011-08-02,21.065000534057617,21.309999465942383,20.860000610351562,20.860000610351562,10.878975868225098,20458123
2011-08-03,20.489999771118164,21.139999389648438,20.3700008392334,20.559999465942383,10.72252082824707,10133611
2011-08-04,21.010000228881836,21.010000228881836,19.315000534057617,19.385000228881836,10.109729766845703,10150589
2011-08-05,18.709999084472656,19.579999923706055,18.709999084472656,19.03499984741211,9.92719554901123,16372432
2011-08-08,18.875,19.760000228881836,18.55500030517578,18.635000228881836,9.718587875366211,10622244
2011-08-09,18.674999237060547,19.065000534057617,17.75,18.799999237060547,9.80463695526123,17842010
2011-08-10,19.149999618530273,19.290000915527344,17.725000381469727,17.725000381469727,9.244002342224121,11782005
2011-08-11,18.46500015258789,18.5,17.309999465942383,18.290000915527344,9.53866195678711,16084219
2011-08-12,18.290000915527344,19.454999923706055,17.729999542236328,19.385000228881836,10.109729766845703,11691799
2011-08-15,19.684999465942383,19.684999465942383,19.110000610351562,19.19499969482422,10.010641098022461,6499912
2011-08-16,19.06999969482422,19.264999389648438,18.719999313354492,19.18000030517578,10.00281810760498,7104593
2011-08-17,19.079999923706055,19.360000610351562,18.719999313354492,19.190000534057617,10.008031845092773,5977252
2011-08-18,18.90999984741211,19.059999465942383,17.969999313354492,18.184999465942383,9.48390007019043,8990637
2011-08-19,18.09000015258789,18.1200008392334,17.450000762939453,17.829999923706055,9.298760414123535,10014820
2011-08-22,17.55500030517578,18.774999618530273,17.540000915527344,18.325000762939453,9.556916236877441,7222802
2011-08-23,18.594999313354492,18.854999542236328,18.0,18.219999313354492,9.502154350280762,6421760
2011-08-24,18.450000762939453,18.889999389648438,18.184999465942383,18.655000686645508,9.729018211364746,6122377
2011-08-25,18.895000457763672,18.915000915527344,18.219999313354492,18.354999542236328,9.572561264038086,7725277
2011-08-26,18.415000915527344,18.459999084472656,17.815000534057617,18.21500015258789,9.499547958374023,7682120
2011-08-29,18.510000228881836,19.030000686645508,18.399999618530273,18.895000457763672,9.854185104370117,5583816
2011-08-30,19.834999084472656,19.899999618530273,19.520000457763672,19.68000030517578,10.263578414916992,14034475
2011-08-31,19.780000686645508,20.170000076293945,19.684999465942383,20.06999969482422,10.466973304748535,9706450
2011-09-01,20.184999465942383,20.719999313354492,20.024999618530273,20.559999465942383,10.72252082824707,10357296
2011-09-02,20.3700008392334,20.475000381469727,19.68000030517578,19.795000076293945,10.323554039001465,11749401
2011-09-05,19.200000762939453,19.354999542236328,18.59000015258789,18.59000015258789,9.695119857788086,59361846
2011-09-06,18.53499984741211,18.84000015258789,18.045000076293945,18.459999084472656,9.627318382263184,12352745
2011-09-07,19.040000915527344,19.15999984741211,18.704999923706055,19.149999618530273,9.98717212677002,13605310
2011-09-08,19.145000457763672,19.709999084472656,19.1299991607666,19.69499969482422,10.271401405334473,7634435
2011-09-09,19.600000381469727,19.81999969482422,19.104999542236328,19.200000762939453,10.013248443603516,22493257
2011-09-12,18.520000457763672,18.934999465942383,18.30500030517578,18.7450008392334,9.77595329284668,11206449
2011-09-13,19.264999389648438,19.264999389648438,18.299999237060547,19.100000381469727,9.961095809936523,13492769
2011-09-14,18.90999984741211,19.510000228881836,18.8700008392334,19.329999923706055,10.081046104431152,10354618
2011-09-15,19.510000228881836,20.065000534057617,19.3799991607666,19.815000534057617,10.333983421325684,12767371
2011-09-16,20.03499984741211,20.149999618530273,19.68000030517578,19.780000686645508,10.315731048583984,20709107
2011-09-19,19.25,19.579999923706055,19.200000762939453,19.34000015258789,10.086260795593262,26939269
2011-09-20,19.295000076293945,19.989999771118164,19.1200008392334,19.950000762939453,10.404391288757324,8796657
2011-09-21,19.899999618530273,19.950000762939453,19.524999618530273,19.524999618530273,10.182741165161133,8503865
2011-09-22,18.850000381469727,19.125,18.354999542236328,18.645000457763672,9.723801612854004,13344137
2011-09-23,18.799999237060547,18.860000610351562,17.950000762939453,18.674999237060547,9.739448547363281,13542418
2011-09-26,18.165000915527344,19.329999923706055,18.165000915527344,18.924999237060547,9.869829177856445,9572406
2011-09-27,19.475000381469727,20.139999389648438,19.235000610351562,20.114999771118164,10.49044132232666,12430769
2011-09-28,19.829999923706055,20.329999923706055,19.764999389648438,19.940000534057617,10.399178504943848,7221746
2011-09-29,19.790000915527344,20.139999389648438,19.7549991607666,19.920000076293945,10.388742446899414,9299170
2011-09-30,19.905000686645508,20.149999618530273,19.709999084472656,19.979999542236328,10.420036315917969,6427569
2011-10-03,19.270000457763672,19.520000457763672,19.204999923706055,19.30500030517578,10.068009376525879,7006923
2011-10-04,19.05500030517578,19.290000915527344,18.68000030517578,19.174999237060547,10.000208854675293,8227160
2011-10-05,19.600000381469727,20.094999313354492,19.475000381469727,20.059999465942383,10.46175765991211,8836705
2011-10-06,19.899999618530273,21.045000076293945,19.854999542236328,21.045000076293945,10.975457191467285,14260970
2011-10-07,21.104999542236328,21.739999771118164,20.985000610351562,21.739999771118164,11.337915420532227,21337435
2011-10-10,21.8700008392334,21.985000610351562,21.600000381469727,21.790000915527344,11.363995552062988,8418684
2011-10-11,21.670000076293945,21.735000610351562,21.309999465942383,21.389999389648438,11.155383110046387,9126104
2011-10-12,21.295000076293945,22.0,21.174999237060547,21.950000762939453,11.44743824005127,7294203
2011-10-13,21.735000610351562,21.94499969482422,21.559999465942383,21.674999237060547,11.304018020629883,7699173
2011-10-14,21.760000228881836,22.290000915527344,21.549999237060547,22.094999313354492,11.52305793762207,14689127
2011-10-17,22.399999618530273,22.55500030517578,21.709999084472656,21.780000686645508,11.35877799987793,8971702
2011-10-18,21.479999542236328,21.780000686645508,21.360000610351562,21.6200008392334,11.275333404541016,26474814
2011-10-19,21.799999237060547,21.8700008392334,21.479999542236328,21.6200008392334,11.275333404541016,10435255
2011-10-20,21.264999389648438,21.670000076293945,21.15999984741211,21.399999618530273,11.160600662231445,10241081
2011-10-21,21.44499969482422,21.770000457763672,20.68000030517578,21.674999237060547,11.304018020629883,14037224
2011-10-24,22.024999618530273,22.05500030517578,21.639999389648438,21.950000762939453,11.44743824005127,10668721
2011-10-25,21.895000457763672,22.15999984741211,21.7549991607666,21.889999389648438,11.416145324707031,25280829
2011-10-26,21.94499969482422,22.135000228881836,21.600000381469727,21.760000228881836,11.348347663879395,11460056
2011-10-27,22.299999237060547,22.584999084472656,22.1299991607666,22.395000457763672,11.67951488494873,17432664
2011-10-28,22.600000381469727,22.600000381469727,22.170000076293945,22.25,11.603890419006348,12010299
2011-10-31,22.049999237060547,22.31999969482422,21.899999618530273,21.899999618530273,11.421360969543457,6127159
2011-11-01,21.375,21.479999542236328,20.639999389648438,20.719999313354492,10.805963516235352,17400569
2011-11-02,20.959999084472656,21.200000762939453,20.34000015258789,21.145000457763672,11.02761173248291,11608491
2011-11-03,20.665000915527344,21.56999969482422,20.625,21.0,10.951991081237793,11997522
2011-11-04,21.06999969482422,21.235000610351562,20.514999389648438,20.665000915527344,10.777281761169434,8138420
2011-11-07,20.5,21.15999984741211,20.225000381469727,20.905000686645508,10.902445793151855,11506331
2011-11-08,21.950000762939453,22.34000015258789,21.655000686645508,22.229999542236328,11.593463897705078,13792724
2011-11-09,22.420000076293945,22.420000076293945,21.53499984741211,22.19499969482422,11.575209617614746,13262995
2011-11-10,21.989999771118164,22.415000915527344,21.729999542236328,21.78499984741211,11.361385345458984,9224309
2011-11-11,21.915000915527344,22.3799991607666,21.709999084472656,22.344999313354492,11.653437614440918,7330555
2011-11-14,22.389999389648438,22.5,21.770000457763672,21.889999389648438,11.416145324707031,5487449
2011-11-15,21.780000686645508,21.969999313354492,21.450000762939453,21.709999084472656,11.322269439697266,6738269
2011-11-16,21.655000686645508,22.09000015258789,21.600000381469727,21.864999771118164,11.403106689453125,5390611
2011-11-17,21.84000015258789,22.045000076293945,21.56999969482422,21.655000686645508,11.293587684631348,14511552
2011-11-18,21.479999542236328,21.604999542236328,21.25,21.34000015258789,11.12930679321289,15606666
2011-11-21,21.229999542236328,21.350000381469727,20.575000762939453,20.600000381469727,10.743379592895508,6559997
2011-11-22,20.770000457763672,20.78499984741211,20.360000610351562,20.360000610351562,10.618215560913086,5158813
2011-11-23,20.075000762939453,20.395000457763672,19.75,19.75,10.300087928771973,8679754
2011-11-24,19.950000762939453,20.25,19.655000686645508,19.739999771118164,10.29487133026123,7389533
2011-11-25,19.760000228881836,20.135000228881836,19.565000534057617,20.059999465942383,10.46175765991211,7269787
2011-11-28,20.325000762939453,21.209999084472656,20.219999313354492,21.110000610351562,11.009359359741211,11264221
2011-11-29,21.094999313354492,21.3799991607666,20.799999237060547,21.204999923706055,11.058900833129883,6645852
2011-11-30,21.0,22.450000762939453,20.940000534057617,22.395000457763672,11.67951488494873,12440992
2011-12-01,22.264999389648438,22.530000686645508,22.209999084472656,22.30500030517578,11.63257884979248,9123309
2011-12-02,22.5,22.670000076293945,22.315000534057617,22.565000534057617,11.768174171447754,14170027
2011-12-05,22.780000686645508,23.020000457763672,22.625,22.889999389648438,11.937668800354004,10242462
2011-12-06,22.665000915527344,23.024999618530273,22.665000915527344,22.954999923706055,11.97156810760498,17448118
2011-12-07,23.149999618530273,23.399999618530273,22.540000915527344,22.725000381469727,11.851615905761719,16909430
2011-12-08,22.9950008392334,23.399999618530273,22.309999465942383,22.3700008392334,11.666478157043457,14923888
2011-12-09,22.200000762939453,23.1299991607666,22.155000686645508,23.1200008392334,12.05762004852295,7461967
2011-12-12,22.96500015258789,22.9950008392334,22.354999542236328,22.385000228881836,11.674300193786621,8195592
2011-12-13,22.405000686645508,23.0,22.350000381469727,22.829999923706055,11.906376838684082,10711052
2011-12-14,22.760000228881836,22.844999313354492,22.280000686645508,22.280000686645508,11.61954116821289,16605839
2011-12-15,22.434999465942383,22.709999084472656,22.020000457763672,22.239999771118164,11.598678588867188,9638333
2011-12-16,22.549999237060547,22.549999237060547,21.959999084472656,22.065000534057617,11.507411003112793,54980665
2011-12-19,21.850000381469727,22.639999389648438,21.739999771118164,22.174999237060547,11.564780235290527,22253869
2011-12-20,22.31999969482422,22.725000381469727,22.020000457763672,22.725000381469727,11.851615905761719,253496979
2011-12-21,22.940000534057617,23.18000030517578,22.524999618530273,22.84000015258789,11.911592483520508,7469163
2011-12-22,22.915000915527344,23.19499969482422,22.8799991607666,23.155000686645508,12.075874328613281,4838289
2011-12-23,23.299999237060547,23.479999542236328,23.21500015258789,23.440000534057617,12.224505424499512,6796737
2011-12-27,23.440000534057617,23.825000762939453,23.299999237060547,23.530000686645508,12.271446228027344,11065847
2011-12-28,23.645000457763672,23.704999923706055,22.850000381469727,22.850000381469727,11.916810035705566,12195943
2011-12-29,23.110000610351562,23.575000762939453,22.774999618530273,23.5,12.25579833984375,4908800
2011-12-30,23.625,23.75,23.415000915527344,23.735000610351562,12.37835693359375,2739607
2012-01-02,23.719999313354492,24.100000381469727,23.68000030517578,24.06999969482422,12.55306625366211,34087189
2012-01-03,24.219999313354492,24.229999542236328,23.34000015258789,23.96500015258789,12.498306274414062,83541636
2012-01-04,24.155000686645508,24.219999313354492,23.93000030517578,24.100000381469727,12.568710327148438,51637001
2012-01-05,24.190000534057617,24.190000534057617,23.364999771118164,23.399999618530273,12.203644752502441,24365357
2012-01-06,23.459999084472656,23.770000457763672,23.1200008392334,23.325000762939453,12.164531707763672,11161766
2012-01-09,23.3700008392334,23.860000610351562,23.360000610351562,23.71500015258789,12.367925643920898,19768153
2012-01-10,23.545000076293945,23.84000015258789,23.479999542236328,23.540000915527344,12.583081245422363,32203628
2012-01-11,22.549999237060547,22.6200008392334,22.040000915527344,22.19499969482422,11.864118576049805,107752206
2012-01-12,22.309999465942383,22.459999084472656,22.0049991607666,22.030000686645508,11.775920867919922,25727015
2012-01-13,22.219999313354492,22.229999542236328,21.739999771118164,21.889999389648438,11.701086044311523,13543089
2012-01-16,21.780000686645508,22.200000762939453,21.7549991607666,22.094999313354492,11.810667991638184,7463554
2012-01-17,22.389999389648438,22.549999237060547,22.200000762939453,22.329999923706055,11.936284065246582,33808172
2012-01-18,22.399999618530273,22.614999771118164,22.114999771118164,22.299999237060547,11.920249938964844,32761831
2012-01-19,22.309999465942383,22.3799991607666,22.014999389648438,22.139999389648438,11.834721565246582,33541854
2012-01-20,22.2450008392334,22.2450008392334,21.649999618530273,21.649999618530273,11.572795867919922,47313175
2012-01-23,21.665000915527344,22.184999465942383,21.520000457763672,22.040000915527344,11.781268119812012,18883057
2012-01-24,21.799999237060547,22.0,21.670000076293945,21.895000457763672,11.703760147094727,17140956
2012-01-25,21.905000686645508,21.989999771118164,21.524999618530273,21.559999465942383,11.524688720703125,15800691
2012-01-26,21.719999313354492,21.985000610351562,21.649999618530273,21.899999618530273,11.706432342529297,8477678
2012-01-27,21.850000381469727,22.165000915527344,21.780000686645508,21.850000381469727,11.679704666137695,16680185
2012-01-30,21.690000534057617,21.795000076293945,21.44499969482422,21.510000228881836,11.49796199798584,8126316
2012-01-31,21.0,21.3700008392334,20.709999084472656,21.0,11.225345611572266,18538521
2012-02-01,21.020000457763672,21.334999084472656,20.55500030517578,20.889999389648438,11.166544914245605,22456805
2012-02-02,21.040000915527344,21.18000030517578,20.725000381469727,21.094999313354492,11.276126861572266,8703118
2012-02-03,21.049999237060547,21.200000762939453,20.899999618530273,21.145000457763672,11.302854537963867,8723621
2012-02-06,20.889999389648438,21.03499984741211,20.219999313354492,20.280000686645508,10.840476989746094,16270219
2012-02-07,20.450000762939453,20.6200008392334,20.3700008392334,20.579999923706055,11.000838279724121,13378998
2012-02-08,20.670000076293945,20.959999084472656,20.649999618530273,20.684999465942383,11.056967735290527,24329585
2012-02-09,21.575000762939453,21.59000015258789,21.110000610351562,21.125,11.292163848876953,19714343
2012-02-10,21.059999465942383,21.059999465942383,20.834999084472656,20.899999618530273,11.171891212463379,7234880
2012-02-13,21.040000915527344,21.155000686645508,20.950000762939453,21.010000228881836,11.230690002441406,4368338
2012-02-14,21.0,21.200000762939453,20.8799991607666,20.940000534057617,11.193273544311523,5673150
2012-02-15,20.950000762939453,21.010000228881836,20.545000076293945,20.670000076293945,11.048948287963867,7429524
2012-02-16,20.5,20.55500030517578,20.239999771118164,20.46500015258789,10.939364433288574,8176180
2012-02-17,20.690000534057617,20.940000534057617,20.579999923706055,20.69499969482422,11.062311172485352,11929547
2012-02-20,20.899999618530273,21.084999084472656,20.860000610351562,20.979999542236328,11.214653015136719,5322989
2012-02-21,20.954999923706055,21.059999465942383,20.670000076293945,20.875,11.158529281616211,19222088
2012-02-22,20.959999084472656,20.959999084472656,20.71500015258789,20.875,11.158529281616211,7916246
2012-02-23,20.829999923706055,20.905000686645508,20.40999984741211,20.454999923706055,10.934019088745117,6074756
2012-02-24,20.559999465942383,20.690000534057617,20.420000076293945,20.6299991607666,11.027565956115723,4866115
2012-02-27,20.700000762939453,20.94499969482422,20.53499984741211,20.729999542236328,11.081018447875977,8403505
2012-02-28,20.770000457763672,20.81999969482422,20.440000534057617,20.559999465942383,10.990148544311523,5752548
2012-02-29,20.200000762939453,20.545000076293945,19.56999969482422,19.56999969482422,10.460952758789062,15227081
2012-03-01,19.469999313354492,20.399999618530273,19.350000381469727,20.114999771118164,10.752276420593262,15967852
2012-03-02,20.479999542236328,20.75,20.40999984741211,20.40999984741211,10.909967422485352,9563139
2012-03-05,20.235000610351562,20.290000915527344,19.8700008392334,19.940000534057617,10.658734321594238,11390029
2012-03-06,19.790000915527344,19.850000381469727,19.3700008392334,19.385000228881836,10.36206340789795,9564165
2012-03-07,19.295000076293945,19.450000762939453,19.1299991607666,19.344999313354492,10.340681076049805,18559202
2012-03-08,19.3700008392334,19.690000534057617,19.260000228881836,19.665000915527344,10.511735916137695,39128569
2012-03-09,19.635000228881836,19.690000534057617,19.420000076293945,19.545000076293945,10.447589874267578,12174310
2012-03-12,19.479999542236328,19.479999542236328,19.125,19.184999465942383,10.25515365600586,19423892
2012-03-13,19.204999923706055,19.565000534057617,19.184999465942383,19.5,10.423535346984863,16365242
2012-03-14,19.280000686645508,19.485000610351562,18.905000686645508,18.975000381469727,10.142903327941895,17033016
2012-03-15,18.920000076293945,19.334999084472656,18.850000381469727,19.18000030517578,10.252483367919922,27307087
2012-03-16,19.219999313354492,19.315000534057617,18.844999313354492,18.844999313354492,10.073410034179688,25585188
2012-03-19,18.75,19.024999618530273,18.69499969482422,19.020000457763672,10.16695499420166,21231870
2012-03-20,19.149999618530273,19.40999984741211,19.049999237060547,19.274999618530273,10.303263664245605,9337670
2012-03-21,19.280000686645508,20.46500015258789,19.1200008392334,20.100000381469727,10.744258880615234,30654288
2012-03-22,20.15999984741211,20.34000015258789,19.454999923706055,19.6200008392334,10.487682342529297,15646088
2012-03-23,19.55500030517578,19.600000381469727,19.06999969482422,19.239999771118164,10.284553527832031,11962017
2012-03-26,19.260000228881836,19.260000228881836,18.899999618530273,19.030000686645508,10.172303199768066,9259739
2012-03-27,19.079999923706055,19.325000762939453,18.959999084472656,18.96500015258789,10.137555122375488,9393232
2012-03-28,18.90999984741211,18.96500015258789,18.309999465942383,18.309999465942383,9.787431716918945,10251356
2012-03-29,18.30500030517578,18.875,18.084999084472656,18.780000686645508,10.038664817810059,16791379
2012-03-30,19.0,19.079999923706055,18.684999465942383,18.809999465942383,10.054702758789062,10354643
2012-04-02,18.649999618530273,18.80500030517578,18.3799991607666,18.795000076293945,10.046684265136719,14728898
2012-04-03,18.739999771118164,18.889999389648438,18.260000228881836,18.260000228881836,9.760705947875977,8366608
2012-04-04,18.149999618530273,18.3700008392334,17.950000762939453,18.0,9.621726036071777,11012828
2012-04-05,18.0,18.155000686645508,17.854999542236328,18.084999084472656,9.667160034179688,7110688
2012-04-10,18.020000457763672,18.665000915527344,17.8799991607666,17.920000076293945,9.578960418701172,14808811
2012-04-11,17.905000686645508,18.200000762939453,17.799999237060547,18.1200008392334,9.685869216918945,11868579
2012-04-12,18.100000381469727,18.25,17.354999542236328,17.959999084472656,9.600342750549316,13183009
2012-04-13,17.950000762939453,17.975000381469727,17.270000457763672,17.469999313354492,9.338418006896973,26670993
2012-04-16,17.549999237060547,18.0049991607666,17.479999542236328,17.479999542236328,9.343764305114746,9189944
2012-04-17,16.25,16.75,15.899999618530273,16.420000076293945,8.777151107788086,49543573
2012-04-18,16.020000457763672,16.454999923706055,15.319999694824219,15.399999618530273,8.231921195983887,30817403
2012-04-19,15.354999542236328,15.510000228881836,14.654999732971191,14.664999961853027,7.839033126831055,26670817
2012-04-20,14.46500015258789,15.010000228881836,14.130000114440918,14.920000076293945,7.975342273712158,27067840
2012-04-23,14.8100004196167,14.899999618530273,13.949999809265137,14.029999732971191,7.499599933624268,31465494
2012-04-24,14.100000381469727,14.274999618530273,13.970000267028809,14.149999618530273,7.563743591308594,15756543
2012-04-25,14.0600004196167,14.494999885559082,14.045000076293945,14.265000343322754,7.625217914581299,15113412
2012-04-26,14.239999771118164,14.59000015258789,13.920000076293945,14.454999923706055,7.726778507232666,14441034
2012-04-27,14.199999809265137,14.819999694824219,14.050000190734863,14.699999809265137,7.857740879058838,18986175
2012-04-30,14.75,14.899999618530273,14.390000343322754,14.449999809265137,7.724106311798096,7289201
2012-05-02,14.609999656677246,14.649999618530273,13.6899995803833,13.75,7.349928855895996,12657212
2012-05-03,13.925000190734863,14.289999961853027,13.800000190734863,13.885000228881836,7.422091960906982,11375215
2012-05-04,13.800000190734863,14.125,13.550000190734863,13.645000457763672,7.293801784515381,8686114
2012-05-07,13.5,13.989999771118164,13.399999618530273,13.979999542236328,7.472874641418457,6281821
2012-05-08,13.885000228881836,14.244999885559082,13.630000114440918,13.710000038146973,7.328547477722168,13374410
2012-05-09,13.885000228881836,13.885000228881836,12.979999542236328,13.130000114440918,7.018513202667236,10890535
2012-05-10,13.75,14.354999542236328,13.475000381469727,14.210000038146973,7.595817565917969,14770463
2012-05-11,13.930000305175781,14.225000381469727,13.71500015258789,14.039999961853027,7.504944801330566,16257527
2012-05-14,13.805000305175781,13.899999618530273,13.489999771118164,13.800000190734863,7.376656532287598,9025771
2012-05-15,13.779999732971191,14.100000381469727,13.449999809265137,13.614999771118164,7.277765274047852,8115430
2012-05-16,13.420000076293945,13.744999885559082,13.140000343322754,13.4399995803833,7.184220314025879,12634572
2012-05-17,13.574999809265137,13.645000457763672,13.154999732971191,13.329999923706055,7.125421524047852,5875816
2012-05-18,13.260000228881836,13.914999961853027,13.164999961853027,13.680000305175781,7.3125104904174805,10010857
2012-05-21,13.75,13.859999656677246,13.420000076293945,13.489999771118164,7.2109479904174805,14342848
2012-05-22,13.510000228881836,13.895000457763672,13.46500015258789,13.770000457763672,7.360620021820068,23639930
2012-05-23,13.6899995803833,13.694999694824219,13.295000076293945,13.345000267028809,7.133439064025879,7782052
2012-05-24,13.430000305175781,13.920000076293945,13.21500015258789,13.795000076293945,7.373983383178711,54048058
2012-05-25,13.859999656677246,14.0600004196167,13.609999656677246,13.864999771118164,7.411400318145752,9030859
2012-05-28,14.149999618530273,14.199999809265137,13.774999618530273,13.8149995803833,7.384674072265625,4633613
2012-05-29,13.925000190734863,13.925000190734863,12.729999542236328,12.824999809265137,6.8554792404174805,16908145
2012-05-30,12.734999656677246,12.920000076293945,12.175000190734863,12.194999694824219,6.51871919631958,13556874
2012-05-31,12.260000228881836,12.390000343322754,11.925000190734863,12.079999923706055,6.45724630355835,42294598
2012-06-01,12.300000190734863,12.300000190734863,11.635000228881836,11.789999961853027,6.3022308349609375,21541855
2012-06-04,11.720000267028809,12.399999618530273,11.645000457763672,12.229999542236328,6.5374274253845215,6684945
2012-06-05,12.305000305175781,12.725000381469727,12.210000038146973,12.46500015258789,6.663044452667236,7247587
2012-06-06,12.479999542236328,12.895000457763672,12.4399995803833,12.649999618530273,6.761934757232666,8149242
2012-06-07,12.640000343322754,12.854999542236328,12.4399995803833,12.489999771118164,6.676408290863037,8610140
2012-06-08,12.460000038146973,12.835000038146973,12.300000190734863,12.765000343322754,6.823407173156738,11628674
2012-06-11,13.100000381469727,13.460000038146973,12.479999542236328,12.53499984741211,6.700461387634277,59585579
2012-06-12,12.515000343322754,12.729999542236328,12.375,12.59000015258789,6.729862213134766,87164597
2012-06-13,12.545000076293945,12.779999732971191,12.380000114440918,12.494999885559082,6.679080963134766,52090367
2012-06-14,12.5,12.619999885559082,12.305000305175781,12.4350004196167,6.647007465362549,69583318
2012-06-15,12.510000228881836,12.90999984741211,12.4350004196167,12.619999885559082,6.745898723602295,22682173
2012-06-18,12.914999961853027,13.0649995803833,12.140000343322754,12.210000038146973,6.526735782623291,30068649
2012-06-19,12.28499984741211,12.680000305175781,12.149999618530273,12.579999923706055,6.724516868591309,13186918
2012-06-20,12.579999923706055,12.744999885559082,12.460000038146973,12.744999885559082,6.812717437744141,27656876
2012-06-21,12.239999771118164,12.470000267028809,12.010000228881836,12.079999923706055,6.7457051277160645,8166899
2012-06-22,12.0,12.40999984741211,11.949999809265137,12.25,6.840635776519775,33644217
2012-06-25,12.140000343322754,12.274999618530273,11.5,11.5,6.421820640563965,78576319
2012-06-26,11.454999923706055,11.635000228881836,11.0649995803833,11.149999618530273,6.226376533508301,25458938
2012-06-27,11.194999694824219,11.399999618530273,11.130000114440918,11.399999618530273,6.36598014831543,36775501
2012-06-28,11.425000190734863,11.770000457763672,11.220000267028809,11.75,6.561427116394043,12054733
2012-06-29,12.25,12.699999809265137,11.96500015258789,12.640000343322754,7.058420181274414,25041968
2012-07-02,12.604999542236328,12.850000381469727,12.5,12.774999618530273,7.133807182312012,85391171
2012-07-03,12.824999809265137,13.194999694824219,12.800000190734863,13.1899995803833,7.365550518035889,21629073
2012-07-04,13.119999885559082,13.399999618530273,13.050000190734863,13.329999923706055,7.443729400634766,9059548
2012-07-05,13.239999771118164,13.520000457763672,12.869999885559082,12.90999984741211,7.209195137023926,10563856
2012-07-06,12.920000076293945,12.975000381469727,12.270000457763672,12.270000457763672,6.851805686950684,7745321
2012-07-09,12.364999771118164,12.505000114440918,12.180000305175781,12.449999809265137,6.952319145202637,7568395
2012-07-10,12.484999656677246,12.9399995803833,12.399999618530273,12.699999809265137,7.091926097869873,8784298
2012-07-11,12.600000381469727,12.989999771118164,12.510000228881836,12.880000114440918,7.192441463470459,5270694
2012-07-12,12.824999809265137,12.829999923706055,12.380000114440918,12.4350004196167,6.943943500518799,13432056
2012-07-13,12.460000038146973,12.789999961853027,12.390000343322754,12.635000228881836,7.055629253387451,5512128
2012-07-16,12.649999618530273,12.6899995803833,12.0600004196167,12.210000038146973,6.818298816680908,15944184
2012-07-17,12.295000076293945,12.59000015258789,12.270000457763672,12.375,6.910439491271973,7721863
2012-07-18,12.604999542236328,12.604999542236328,12.359999656677246,12.550000190734863,7.008162021636963,10868286
2012-07-19,12.6899995803833,12.84000015258789,12.529999732971191,12.630000114440918,7.052835941314697,6281659
2012-07-20,12.725000381469727,13.119999885559082,12.225000381469727,12.25,6.840635776519775,19354373
2012-07-23,12.0649995803833,12.100000381469727,11.34000015258789,11.805000305175781,6.592141151428223,12672350
2012-07-24,11.864999771118164,11.9399995803833,10.90999984741211,10.960000038146973,6.120275497436523,12278004
2012-07-25,11.010000228881836,11.289999961853027,10.899999618530273,10.954999923706055,6.117483615875244,8084340
2012-07-26,11.020000457763672,11.925000190734863,10.96500015258789,11.819999694824219,6.600515842437744,11720894
2012-07-27,11.954999923706055,13.170000076293945,11.765000343322754,13.170000076293945,7.35438346862793,13193242
2012-07-30,13.21500015258789,13.510000228881836,12.925000190734863,13.505000114440918,7.541451454162598,16820228
2012-07-31,13.545000076293945,13.649999618530273,12.880000114440918,13.005000114440918,7.262242317199707,11308245
2012-08-01,12.989999771118164,13.164999961853027,12.350000381469727,13.0600004196167,7.292956829071045,7690150
2012-08-02,13.020000457763672,13.470000267028809,12.1899995803833,12.1899995803833,6.807131290435791,10486461
2012-08-03,12.229999542236328,13.324999809265137,12.09000015258789,13.324999809265137,7.44093656539917,9775733
2012-08-06,13.369999885559082,14.59000015258789,13.319999694824219,14.5600004196167,8.130586624145508,9112914
2012-08-07,14.5,15.204999923706055,14.354999542236328,14.979999542236328,8.365120887756348,14526422
2012-08-08,14.869999885559082,15.149999618530273,14.300000190734863,14.5600004196167,8.130586624145508,9285402
2012-08-09,14.675000190734863,14.819999694824219,14.180000305175781,14.414999961853027,8.049613952636719,5910797
2012-08-10,14.335000038146973,14.510000228881836,14.0600004196167,14.380000114440918,8.030068397521973,2841571
2012-08-13,14.295000076293945,14.744999885559082,14.295000076293945,14.699999809265137,8.208763122558594,4859298
2012-08-14,14.739999771118164,15.239999771118164,14.739999771118164,15.239999771118164,8.5103120803833,11735785
2012-08-15,15.25,15.319999694824219,14.899999618530273,15.319999694824219,8.554983139038086,7707064
2012-08-16,15.270000457763672,15.989999771118164,15.100000381469727,15.930000305175781,8.895621299743652,7482114
2012-08-17,16.0,16.184999465942383,15.649999618530273,16.059999465942383,8.968214988708496,8141838
2012-08-20,16.09000015258789,16.145000457763672,15.069999694824219,15.354999542236328,8.5745267868042,19785838
2012-08-21,15.460000038146973,15.479999542236328,14.699999809265137,15.25,8.51589584350586,7672576
2012-08-22,15.029999732971191,15.069999694824219,14.449999809265137,14.449999809265137,8.069158554077148,6566562
2012-08-23,14.600000381469727,14.699999809265137,14.074999809265137,14.21500015258789,7.937930583953857,5363057
2012-08-24,14.210000038146973,14.425000190734863,13.800000190734863,14.260000228881836,7.963059902191162,3894155
2012-08-27,14.395000457763672,14.710000038146973,14.145000457763672,14.600000381469727,8.152923583984375,5495570
2012-08-28,14.579999923706055,14.755000114440918,14.350000381469727,14.520000457763672,8.108247756958008,3442531
2012-08-29,14.664999961853027,14.664999961853027,14.3100004196167,14.399999618530273,8.041236877441406,6706320
2012-08-30,14.3149995803833,14.390000343322754,14.039999961853027,14.319999694824219,7.996565341949463,3776317
2012-08-31,14.289999961853027,14.779999732971191,14.149999618530273,14.635000228881836,8.172469139099121,5663585
2012-09-03,14.614999771118164,14.90999984741211,14.40999984741211,14.699999809265137,8.208763122558594,4612339
2012-09-04,14.824999809265137,14.930000305175781,14.654999732971191,14.710000038146973,8.214347839355469,3600685
2012-09-05,14.654999732971191,15.0,14.46500015258789,14.739999771118164,8.231099128723145,6194731
2012-09-06,14.8100004196167,15.875,14.8100004196167,15.8149995803833,8.831399917602539,8609505
2012-09-07,15.904999732971191,16.149999618530273,15.444999694824219,15.694999694824219,8.764391899108887,12609194
2012-09-10,15.649999618530273,15.6899995803833,15.40999984741211,15.579999923706055,8.700173377990723,9424994
2012-09-11,15.5,15.579999923706055,15.300000190734863,15.5,8.655499458312988,6583666
2012-09-12,15.654999732971191,15.949999809265137,15.5,15.760000228881836,8.800688743591309,7689997
2012-09-13,15.6850004196167,15.819999694824219,15.5600004196167,15.699999809265137,8.767183303833008,4406028
2012-09-14,16.075000762939453,16.600000381469727,15.994999885559082,16.31999969482422,9.1134033203125,9969706
2012-09-17,16.280000686645508,16.610000610351562,16.200000762939453,16.559999465942383,9.24742317199707,6648022
2012-09-18,16.274999618530273,16.5,16.104999542236328,16.360000610351562,9.13573932647705,7882484
2012-09-19,16.34000015258789,16.575000762939453,16.184999465942383,16.415000915527344,9.166452407836914,5334231
2012-09-20,16.295000076293945,16.344999313354492,15.720000267028809,15.824999809265137,8.836983680725098,7850641
2012-09-21,15.949999809265137,16.299999237060547,15.75,16.299999237060547,9.102234840393066,12735922
2012-09-24,16.2450008392334,16.290000915527344,15.984999656677246,16.149999618530273,9.018471717834473,16307068
2012-09-25,16.235000610351562,16.479999542236328,16.094999313354492,16.209999084472656,9.05197525024414,34271051
2012-09-26,16.010000228881836,16.040000915527344,15.420000076293945,15.484999656677246,8.647123336791992,4879451
2012-09-27,15.630000114440918,15.680000305175781,15.199999809265137,15.625,8.725302696228027,3262657
2012-09-28,15.774999618530273,15.78499984741211,15.079999923706055,15.09000015258789,8.42654800415039,4442733
2012-10-01,15.015000343322754,15.289999961853027,14.859999656677246,14.96500015258789,8.356745719909668,5816166
2012-10-02,14.8100004196167,15.15999984741211,14.71500015258789,15.055000305175781,8.407002449035645,10729807
2012-10-03,15.005000114440918,15.199999809265137,14.854999542236328,14.920000076293945,8.33161735534668,7483977
2012-10-04,15.0649995803833,15.100000381469727,14.680000305175781,14.800000190734863,8.264607429504395,3151575
2012-10-05,14.930000305175781,15.244999885559082,14.829999923706055,15.149999618530273,8.460052490234375,3991094
2012-10-08,15.045000076293945,15.135000228881836,14.854999542236328,14.925000190734863,8.3344087600708,2820919
2012-10-09,14.925000190734863,15.079999923706055,14.600000381469727,14.600000381469727,8.152923583984375,4157998
2012-10-10,14.505000114440918,14.824999809265137,14.5,14.609999656677246,8.15850830078125,8487613
2012-10-11,14.5,14.869999885559082,14.425000190734863,14.8100004196167,8.27018928527832,3731906
2012-10-12,14.845000267028809,15.0,14.725000381469727,14.725000381469727,8.222723960876465,3491363
2012-10-15,14.739999771118164,14.890000343322754,14.579999923706055,14.819999694824219,8.275774955749512,5992298
2012-10-16,14.994999885559082,15.600000381469727,14.920000076293945,15.475000381469727,8.641538619995117,5606855
2012-10-17,15.59000015258789,16.049999237060547,15.539999961853027,15.960000038146973,8.912372589111328,17163111
2012-10-18,16.049999237060547,16.079999923706055,15.805000305175781,15.994999885559082,8.931918144226074,13939026
2012-10-19,15.9350004196167,16.03499984741211,15.40999984741211,15.59000015258789,8.705756187438965,5472336
2012-10-22,15.479999542236328,15.765000343322754,15.40999984741211,15.585000038146973,8.702964782714844,4530361
2012-10-23,15.350000381469727,15.545000076293945,14.90999984741211,15.244999885559082,8.513101577758789,5544067
2012-10-24,15.354999542236328,15.399999618530273,14.930000305175781,15.1850004196167,8.479598999023438,4645175
2012-10-25,15.239999771118164,15.274999618530273,14.979999542236328,15.010000228881836,8.38187313079834,2729290
2012-10-26,14.899999618530273,15.149999618530273,14.800000190734863,15.055000305175781,8.407002449035645,6251958
2012-10-29,15.09000015258789,15.335000038146973,15.015000343322754,15.109999656677246,8.437715530395508,4154148
2012-10-30,15.114999771118164,15.609999656677246,15.114999771118164,15.5600004196167,8.689005851745605,3306386
2012-10-31,15.600000381469727,15.774999618530273,15.28499984741211,15.420000076293945,8.610825538635254,7552101
2012-11-01,15.274999618530273,15.640000343322754,15.0600004196167,15.529999732971191,8.672252655029297,3010416
2012-11-02,15.614999771118164,15.970000267028809,15.319999694824219,15.704999923706055,8.769974708557129,5548816
2012-11-05,15.529999732971191,15.5649995803833,15.25,15.425000190734863,8.613616943359375,3283786
2012-11-06,15.404999732971191,15.579999923706055,15.324999809265137,15.475000381469727,8.641538619995117,2833314
2012-11-07,15.65999984741211,15.65999984741211,14.975000381469727,15.015000343322754,8.384666442871094,5139516
2012-11-08,15.270000457763672,15.494999885559082,15.010000228881836,15.114999771118164,8.440508842468262,6805507
2012-11-09,15.074999809265137,15.350000381469727,14.920000076293945,15.199999809265137,8.487974166870117,3749500
2012-11-12,15.199999809265137,15.239999771118164,15.010000228881836,15.069999694824219,8.41537857055664,2146413
2012-11-13,15.010000228881836,15.329999923706055,14.890000343322754,15.260000228881836,8.521478652954102,4474027
2012-11-14,15.300000190734863,15.40999984741211,15.09000015258789,15.229999542236328,8.504725456237793,4208207
2012-11-15,15.069999694824219,15.949999809265137,15.010000228881836,15.760000228881836,8.800688743591309,9201452
2012-11-16,15.739999771118164,15.84000015258789,15.470000267028809,15.649999618530273,8.739263534545898,5445909
2012-11-19,15.770000457763672,16.149999618530273,15.710000038146973,16.075000762939453,8.976592063903809,5556602
2012-11-20,15.90999984741211,16.239999771118164,15.899999618530273,16.15999984741211,9.024056434631348,3719651
2012-11-21,16.239999771118164,16.399999618530273,16.03499984741211,16.329999923706055,9.118987083435059,5301733
2012-11-22,16.450000762939453,16.795000076293945,16.350000381469727,16.559999465942383,9.24742317199707,10421152
2012-11-23,16.69499969482422,16.75,16.415000915527344,16.729999542236328,9.342354774475098,4812167
2012-11-26,16.649999618530273,16.700000762939453,16.434999465942383,16.604999542236328,9.272551536560059,3005250
2012-11-27,16.690000534057617,16.780000686645508,16.280000686645508,16.399999618530273,9.158076286315918,5473879
2012-11-28,16.350000381469727,16.385000228881836,15.9350004196167,16.3799991607666,9.146907806396484,9340786
2012-11-29,16.4950008392334,16.725000381469727,16.469999313354492,16.579999923706055,9.25859260559082,8299212
2012-11-30,16.4950008392334,16.59000015258789,16.280000686645508,16.309999465942383,9.107819557189941,11708565
2012-12-03,16.450000762939453,16.549999237060547,16.15999984741211,16.290000915527344,9.096652030944824,14766377
2012-12-04,16.190000534057617,16.450000762939453,16.170000076293945,16.329999923706055,9.118987083435059,10597420
2012-12-05,16.475000381469727,16.475000381469727,16.165000915527344,16.28499984741211,9.093856811523438,10931109
2012-12-06,16.299999237060547,16.43000030517578,16.104999542236328,16.18000030517578,9.035224914550781,9056903
2012-12-07,16.2450008392334,16.329999923706055,15.824999809265137,15.854999542236328,8.853737831115723,11033033
2012-12-10,15.800000190734863,15.800000190734863,15.460000038146973,15.720000267028809,8.778353691101074,16577507
2012-12-11,15.760000228881836,16.104999542236328,15.725000381469727,15.975000381469727,8.920747756958008,12487855
2012-12-12,16.014999389648438,16.229999542236328,15.954999923706055,15.989999771118164,8.92912483215332,31030004
2012-12-13,16.084999084472656,16.135000228881836,15.979999542236328,16.05500030517578,8.965423583984375,8866065
2012-12-14,16.09000015258789,16.15999984741211,15.989999771118164,16.0049991607666,8.937501907348633,29748425
2012-12-17,15.989999771118164,16.155000686645508,15.9399995803833,16.084999084472656,8.982172966003418,26373754
2012-12-18,16.200000762939453,16.25,16.049999237060547,16.200000762939453,9.046392440795898,72486106
2012-12-19,16.280000686645508,16.579999923706055,16.260000228881836,16.5,9.213918685913086,12402447
2012-12-20,16.479999542236328,16.649999618530273,16.344999313354492,16.399999618530273,9.158076286315918,15571109
2012-12-21,16.334999084472656,16.520000457763672,16.280000686645508,16.475000381469727,9.199958801269531,20702083
2012-12-24,16.364999771118164,16.559999465942383,16.309999465942383,16.450000762939453,9.185998916625977,22168544
2012-12-27,16.0,16.270000457763672,15.96500015258789,16.0,9.199222564697266,6735103
2012-12-28,16.0,16.024999618530273,15.380000114440918,15.475000381469727,8.89737319946289,10016331
2012-12-31,15.40999984741211,15.5649995803833,15.010000228881836,15.335000038146973,8.816879272460938,2685861
2013-01-02,15.75,16.1299991607666,15.649999618530273,15.979999542236328,9.187722206115723,22076181
2013-01-03,15.859999656677246,15.979999542236328,15.800000190734863,15.920000076293945,9.153225898742676,4051607
2013-01-04,16.0,16.06999969482422,15.899999618530273,16.0,9.199222564697266,4513962
2013-01-07,15.960000038146973,16.09000015258789,15.949999809265137,16.0,9.199222564697266,3981995
2013-01-08,15.925000190734863,16.139999389648438,15.859999656677246,16.0,9.199222564697266,11384186
2013-01-09,16.010000228881836,16.239999771118164,16.0,16.21500015258789,9.322836875915527,13101386
2013-01-10,16.229999542236328,16.510000228881836,16.1200008392334,16.424999237060547,9.443575859069824,41408452
2013-01-11,16.545000076293945,16.690000534057617,16.3799991607666,16.530000686645508,9.503947257995605,11235519
2013-01-14,16.350000381469727,16.514999389648438,16.25,16.420000076293945,9.440702438354492,23985357
2013-01-15,16.405000686645508,16.690000534057617,16.360000610351562,16.684999465942383,9.593063354492188,7376414
2013-01-16,16.68000030517578,16.829999923706055,16.55500030517578,16.68000030517578,9.590188026428223,4143636
2013-01-17,16.760000228881836,16.979999542236328,16.719999313354492,16.895000457763672,9.7138032913208,8851575
2013-01-18,16.9950008392334,17.0,16.81999969482422,16.81999969482422,9.670681953430176,21243878
2013-01-21,16.8799991607666,17.170000076293945,16.8799991607666,17.1299991607666,9.848916053771973,3641613
2013-01-22,17.110000610351562,17.31999969482422,16.850000381469727,17.045000076293945,9.800045013427734,5665699
2013-01-23,17.174999237060547,17.209999084472656,16.950000762939453,17.075000762939453,9.81729507446289,8229933
2013-01-24,17.079999923706055,17.170000076293945,16.940000534057617,17.1299991607666,9.848916053771973,6269887
2013-01-25,17.05500030517578,17.469999313354492,17.030000686645508,17.450000762939453,10.032901763916016,8314590
2013-01-28,17.5,17.565000534057617,17.25,17.280000686645508,9.935160636901855,5192944
2013-01-29,17.299999237060547,17.299999237060547,17.024999618530273,17.139999389648438,9.854665756225586,9294314
2013-01-30,17.209999084472656,17.274999618530273,16.920000076293945,17.0,9.774174690246582,4531305
2013-01-31,16.979999542236328,17.0,16.44499969482422,16.44499969482422,9.45507526397705,7260261
2013-02-01,16.350000381469727,16.565000534057617,16.1200008392334,16.3799991607666,9.417703628540039,8095179
2013-02-04,16.55500030517578,16.55500030517578,15.625,15.625,8.98361587524414,9503255
2013-02-05,15.524999618530273,16.03499984741211,15.510000228881836,15.9350004196167,9.161849975585938,6227139
2013-02-06,15.9350004196167,16.065000534057617,15.739999771118164,15.760000228881836,9.061234474182129,10902094
2013-02-07,15.789999961853027,16.139999389648438,15.734999656677246,15.734999656677246,9.046859741210938,5500047
2013-02-08,15.75,16.100000381469727,15.725000381469727,15.989999771118164,9.19347095489502,4314838
2013-02-11,15.989999771118164,15.989999771118164,15.625,15.725000381469727,9.041110038757324,3381611
2013-02-12,15.725000381469727,16.030000686645508,15.680000305175781,15.954999923706055,9.173349380493164,3924257
2013-02-13,16.020000457763672,16.079999923706055,15.90999984741211,16.0,9.199222564697266,9327480
2013-02-14,15.930000305175781,16.079999923706055,15.664999961853027,15.800000190734863,9.084232330322266,6586206
2013-02-15,15.725000381469727,15.734999656677246,15.359999656677246,15.380000114440918,8.842752456665039,10350635
2013-02-18,15.350000381469727,15.520000457763672,15.154999732971191,15.449999809265137,8.8829984664917,5092094
2013-02-19,15.425000190734863,15.744999885559082,15.390000343322754,15.744999885559082,9.052608489990234,6066077
2013-02-20,15.6899995803833,15.819999694824219,15.550000190734863,15.569999694824219,8.951991081237793,5054905
2013-02-21,15.430000305175781,15.46500015258789,15.135000228881836,15.145000457763672,8.707637786865234,9932213
2013-02-22,15.229999542236328,15.53499984741211,15.1850004196167,15.53499984741211,8.931868553161621,7837125
2013-02-25,15.630000114440918,16.114999771118164,15.555000305175781,15.84000015258789,9.107230186462402,8640194
2013-02-26,15.199999809265137,15.725000381469727,15.149999618530273,15.460000038146973,8.888748168945312,10307790
2013-02-27,16.0,16.094999313354492,15.569999694824219,16.094999313354492,9.2538423538208,12397931
2013-02-28,16.25,16.399999618530273,16.0,16.309999465942383,9.377455711364746,15104767
2013-03-01,16.25,16.625,16.125,16.290000915527344,9.365959167480469,6680602
2013-03-04,16.459999084472656,16.770000457763672,16.405000686645508,16.69499969482422,9.598814010620117,73069472
2013-03-05,16.81999969482422,17.010000228881836,16.729999542236328,17.010000228881836,9.779922485351562,5933297
2013-03-06,16.985000610351562,17.18000030517578,16.844999313354492,16.899999618530273,9.716678619384766,9359427
2013-03-07,16.989999771118164,17.049999237060547,16.809999465942383,16.899999618530273,9.716678619384766,9316507
2013-03-08,17.049999237060547,17.479999542236328,16.989999771118164,17.454999923706055,10.03577709197998,53672058
2013-03-11,17.1200008392334,17.309999465942383,17.020000457763672,17.135000228881836,9.851792335510254,38684646
2013-03-12,17.084999084472656,17.30500030517578,16.920000076293945,17.0049991607666,9.777046203613281,4664509
2013-03-13,17.059999465942383,17.084999084472656,16.844999313354492,16.969999313354492,9.756924629211426,4762765
2013-03-14,17.059999465942383,17.3700008392334,17.059999465942383,17.360000610351562,9.981157302856445,8399237
2013-03-15,17.360000610351562,17.360000610351562,16.93000030517578,17.15999984741211,9.866168022155762,10673910
2013-03-18,16.700000762939453,16.979999542236328,16.594999313354492,16.924999237060547,9.731049537658691,11235609
2013-03-19,16.825000762939453,16.989999771118164,16.5,16.614999771118164,9.552815437316895,5795996
2013-03-20,16.729999542236328,16.985000610351562,16.559999465942383,16.719999313354492,9.613187789916992,10087339
2013-03-21,16.670000076293945,16.885000228881836,16.5,16.75,9.630435943603516,15500208
2013-03-22,16.690000534057617,16.93000030517578,16.59000015258789,16.735000610351562,9.62181282043457,3873535
2013-03-25,17.0,17.03499984741211,16.100000381469727,16.114999771118164,9.265340805053711,8097304
2013-03-26,16.174999237060547,16.264999389648438,15.850000381469727,16.110000610351562,9.262467384338379,9525828
2013-03-27,16.200000762939453,16.21500015258789,15.6850004196167,15.854999542236328,9.115852355957031,7384477
2013-03-28,15.854999542236328,16.065000534057617,15.71500015258789,15.850000381469727,9.112977981567383,6789560
2013-04-02,15.989999771118164,16.25,15.824999809265137,16.25,9.3429594039917,9251176
2013-04-03,16.225000381469727,16.280000686645508,15.850000381469727,15.859999656677246,9.118727684020996,5019155
2013-04-04,15.895000457763672,16.18000030517578,15.765000343322754,15.850000381469727,9.112977981567383,6232179
2013-04-05,15.914999961853027,16.200000762939453,15.779999732971191,15.960000038146973,9.176223754882812,24558017
2013-04-08,16.014999389648438,16.174999237060547,15.979999542236328,16.045000076293945,9.225093841552734,8416842
2013-04-09,16.21500015258789,16.579999923706055,16.155000686645508,16.530000686645508,9.503947257995605,9117996
2013-04-10,16.520000457763672,17.0049991607666,16.520000457763672,16.93000030517578,9.733926773071289,6037247
2013-04-11,16.959999084472656,17.09000015258789,16.815000534057617,16.969999313354492,9.756924629211426,9856823
2013-04-12,16.90999984741211,17.079999923706055,16.795000076293945,16.8700008392334,9.699430465698242,3813872
2013-04-15,16.850000381469727,16.9950008392334,16.454999923706055,16.6299991607666,9.561440467834473,5559798
2013-04-16,16.514999389648438,16.764999389648438,16.459999084472656,16.485000610351562,9.478073120117188,5352542
2013-04-17,16.600000381469727,16.645000457763672,15.899999618530273,16.079999923706055,9.245217323303223,6879222
2013-04-18,16.165000915527344,16.34000015258789,16.0049991607666,16.204999923706055,9.317086219787598,4050457
2013-04-19,16.299999237060547,16.450000762939453,16.135000228881836,16.309999465942383,9.377455711364746,11995473
2013-04-22,16.594999313354492,16.760000228881836,16.3700008392334,16.729999542236328,9.618935585021973,5739705
2013-04-23,16.75,17.09000015258789,16.704999923706055,17.010000228881836,9.779922485351562,7635110
2013-04-24,17.09000015258789,17.520000457763672,17.06999969482422,17.459999084472656,10.038650512695312,7878465
2013-04-25,17.485000610351562,17.549999237060547,17.15999984741211,17.450000762939453,10.032901763916016,4289019
2013-04-26,17.350000381469727,17.395000457763672,17.155000686645508,17.315000534057617,9.955283164978027,5053377
2013-04-29,17.450000762939453,17.829999923706055,17.434999465942383,17.7549991607666,10.208260536193848,5836726
2013-04-30,17.809999465942383,17.96500015258789,17.56999969482422,17.799999237060547,10.234134674072266,8747772
2013-05-02,17.80500030517578,18.010000228881836,17.270000457763672,17.704999923706055,10.179513931274414,5749418
2013-05-03,17.815000534057617,18.290000915527344,17.729999542236328,18.049999237060547,10.3778715133667,26472751
2013-05-06,18.09000015258789,18.125,17.889999389648438,17.9950008392334,10.3462495803833,2646992
2013-05-07,18.014999389648438,18.19499969482422,17.93000030517578,18.110000610351562,10.412367820739746,5401522
2013-05-08,18.200000762939453,18.2549991607666,17.979999542236328,18.200000762939453,10.464115142822266,7418106
2013-05-09,18.399999618530273,18.549999237060547,18.21500015258789,18.299999237060547,10.521610260009766,8271392
2013-05-10,18.184999465942383,18.5049991607666,17.950000762939453,18.075000762939453,10.39224624633789,7190508
2013-05-13,18.139999389648438,18.190000534057617,17.834999084472656,18.065000534057617,10.386496543884277,3384159
2013-05-14,18.049999237060547,18.280000686645508,17.844999313354492,18.229999542236328,10.481363296508789,5522575
2013-05-15,18.274999618530273,18.5,18.149999618530273,18.415000915527344,10.587730407714844,11113024
2013-05-16,18.424999237060547,18.46500015258789,18.28499984741211,18.43000030517578,10.596355438232422,7571977
2013-05-17,18.399999618530273,18.4950008392334,18.31999969482422,18.4950008392334,10.633727073669434,10563536
2013-05-20,18.46500015258789,18.540000915527344,18.135000228881836,18.329999923706055,10.538857460021973,6070289
2013-05-21,18.25,18.40999984741211,18.110000610351562,18.299999237060547,10.521610260009766,9480558
2013-05-22,18.274999618530273,18.3799991607666,18.079999923706055,18.209999084472656,10.469862937927246,3661622
2013-05-23,17.75,18.139999389648438,17.65999984741211,18.040000915527344,10.372122764587402,5583580
2013-05-24,18.104999542236328,18.1299991607666,17.600000381469727,17.725000381469727,10.19101333618164,4512539
2013-05-27,17.84000015258789,17.959999084472656,17.7549991607666,17.940000534057617,10.314627647399902,7226646
2013-05-28,18.100000381469727,18.44499969482422,18.0,18.30500030517578,10.524484634399414,14704857
2013-05-29,18.235000610351562,18.389999389648438,18.09000015258789,18.135000228881836,10.426743507385254,4531324
2013-05-30,18.03499984741211,18.200000762939453,17.985000610351562,18.075000762939453,10.39224624633789,5005882
2013-05-31,18.149999618530273,18.149999618530273,17.6299991607666,17.6299991607666,10.136391639709473,6666039
2013-06-03,17.565000534057617,17.829999923706055,17.299999237060547,17.65999984741211,10.153639793395996,9552838
2013-06-04,17.774999618530273,17.885000228881836,17.614999771118164,17.674999237060547,10.162263870239258,8439476
2013-06-05,17.514999389648438,17.764999389648438,17.30500030517578,17.34000015258789,9.969656944274902,7704764
2013-06-06,17.389999389648438,17.690000534057617,17.174999237060547,17.174999237060547,9.874788284301758,5502643
2013-06-07,17.219999313354492,17.485000610351562,17.059999465942383,17.375,9.989779472351074,56051411
2013-06-10,17.399999618530273,17.520000457763672,17.329999923706055,17.424999237060547,10.01852798461914,58791574
2013-06-11,17.329999923706055,17.399999618530273,17.059999465942383,17.315000534057617,9.955283164978027,10733166
2013-06-12,17.274999618530273,17.59000015258789,17.274999618530273,17.360000610351562,9.981157302856445,12568748
2013-06-13,17.274999618530273,17.440000534057617,17.15999984741211,17.2549991607666,9.920783996582031,15623299
2013-06-14,17.31999969482422,17.5,17.290000915527344,17.385000228881836,9.995527267456055,4950642
2013-06-17,17.399999618530273,17.684999465942383,17.350000381469727,17.479999542236328,10.050148963928223,6431664
2013-06-18,17.5,17.6200008392334,17.3799991607666,17.579999923706055,10.107645988464355,7710657
2013-06-19,17.600000381469727,17.635000228881836,17.395000457763672,17.459999084472656,10.038650512695312,7390825
2013-06-20,16.989999771118164,17.030000686645508,16.315000534057617,16.360000610351562,9.652210235595703,13230537
2013-06-21,16.600000381469727,16.6299991607666,16.139999389648438,16.139999389648438,9.52241039276123,66045936
2013-06-24,16.049999237060547,16.25,15.699999809265137,15.755000114440918,9.295267105102539,62151821
2013-06-25,15.9399995803833,16.049999237060547,15.739999771118164,15.824999809265137,9.336565971374512,8513792
2013-06-26,15.744999885559082,16.229999542236328,15.569999694824219,16.1200008392334,9.510611534118652,9174880
2013-06-27,16.049999237060547,16.43000030517578,15.890000343322754,16.399999618530273,9.675806999206543,9303260
2013-06-28,16.479999542236328,16.565000534057617,16.114999771118164,16.209999084472656,9.563709259033203,5386233
2013-07-01,16.420000076293945,16.594999313354492,16.329999923706055,16.540000915527344,9.758407592773438,7038779
2013-07-02,16.440000534057617,16.545000076293945,16.360000610351562,16.434999465942383,9.696457862854004,17664593
2013-07-03,16.299999237060547,16.299999237060547,15.920000076293945,16.239999771118164,9.58141040802002,5204368
2013-07-04,16.280000686645508,16.895000457763672,16.274999618530273,16.854999542236328,9.944252014160156,9527071
2013-07-05,16.895000457763672,16.954999923706055,16.53499984741211,16.6200008392334,9.805607795715332,4925112
2013-07-08,16.7549991607666,17.059999465942383,16.725000381469727,16.989999771118164,10.02389907836914,5046291
2013-07-09,17.1200008392334,17.200000762939453,16.399999618530273,16.594999313354492,9.790854454040527,10107843
2013-07-10,16.559999465942383,16.864999771118164,16.475000381469727,16.809999465942383,9.917701721191406,5470116
2013-07-11,17.06999969482422,17.09000015258789,16.764999389648438,16.8799991607666,9.959000587463379,4639337
2013-07-12,16.969999313354492,16.969999313354492,16.469999313354492,16.520000457763672,9.746607780456543,5386544
2013-07-15,16.625,16.799999237060547,16.510000228881836,16.649999618530273,9.82330322265625,3705670
2013-07-16,16.700000762939453,16.704999923706055,16.389999389648438,16.415000915527344,9.684659004211426,6011186
2013-07-17,16.524999618530273,16.665000915527344,16.229999542236328,16.440000534057617,9.699408531188965,5435693
2013-07-18,16.399999618530273,16.809999465942383,16.3700008392334,16.809999465942383,9.917701721191406,9697582
2013-07-19,16.799999237060547,16.84000015258789,16.559999465942383,16.690000534057617,9.846906661987305,6481063
2013-07-22,16.704999923706055,16.8700008392334,16.635000228881836,16.8700008392334,9.953103065490723,6305170
2013-07-23,16.799999237060547,17.184999465942383,16.799999237060547,17.075000762939453,10.074050903320312,7077943
2013-07-24,17.219999313354492,17.3700008392334,17.1200008392334,17.344999313354492,10.233345985412598,9984342
2013-07-25,17.459999084472656,17.485000610351562,17.1200008392334,17.485000610351562,10.31594467163086,6878270
2013-07-26,17.5,17.729999542236328,17.46500015258789,17.649999618530273,10.413291931152344,5334715
2013-07-29,17.690000534057617,17.84000015258789,17.579999923706055,17.709999084472656,10.448692321777344,20847048
2013-07-30,17.795000076293945,17.96500015258789,17.674999237060547,17.905000686645508,10.563738822937012,7021249
2013-07-31,17.895000457763672,18.03499984741211,17.834999084472656,17.989999771118164,10.61388874053955,7169476
2013-08-01,18.049999237060547,18.239999771118164,17.985000610351562,18.225000381469727,10.75253963470459,5710257
2013-08-02,18.25,18.299999237060547,18.139999389648438,18.260000228881836,10.773187637329102,4642834
2013-08-05,18.270000457763672,18.399999618530273,18.21500015258789,18.329999923706055,10.814484596252441,4452061
2013-08-06,18.25,18.415000915527344,17.96500015258789,18.079999923706055,10.666987419128418,5796576
2013-08-07,18.0,18.149999618530273,17.815000534057617,18.125,10.6935396194458,5294962
2013-08-08,18.1299991607666,18.280000686645508,18.020000457763672,18.059999465942383,10.655189514160156,3670664
2013-08-09,18.155000686645508,18.219999313354492,17.950000762939453,18.170000076293945,10.720086097717285,3284657
2013-08-12,18.290000915527344,18.295000076293945,18.075000762939453,18.125,10.6935396194458,4868196
2013-08-13,18.174999237060547,18.229999542236328,18.024999618530273,18.219999313354492,10.749585151672363,3546957
2013-08-14,18.110000610351562,18.165000915527344,17.8700008392334,18.049999237060547,10.649288177490234,5439970
2013-08-15,18.065000534057617,18.06999969482422,17.75,18.014999389648438,10.62863826751709,2991359
2013-08-16,18.020000457763672,18.155000686645508,17.950000762939453,18.094999313354492,10.675838470458984,5441542
2013-08-19,18.079999923706055,18.100000381469727,17.625,17.639999389648438,10.407392501831055,5898902
2013-08-20,17.610000610351562,17.614999771118164,17.280000686645508,17.43000030517578,10.283498764038086,7166848
2013-08-21,17.520000457763672,17.520000457763672,17.18000030517578,17.315000534057617,10.21564769744873,5541271
2013-08-22,17.375,17.71500015258789,17.375,17.610000610351562,10.389694213867188,4260628
2013-08-23,17.704999923706055,17.889999389648438,17.459999084472656,17.8700008392334,10.543092727661133,7124690
2013-08-26,17.770000457763672,17.94499969482422,17.65999984741211,17.825000762939453,10.516541481018066,2135752
2013-08-27,17.760000228881836,17.854999542236328,17.40999984741211,17.549999237060547,10.354292869567871,6415324
2013-08-28,17.549999237060547,18.19499969482422,17.5049991607666,18.110000610351562,10.684686660766602,12727075
2013-08-29,18.149999618530273,18.149999618530273,17.81999969482422,17.989999771118164,10.61388874053955,3544402
2013-08-30,17.899999618530273,17.975000381469727,17.479999542236328,17.55500030517578,10.357245445251465,5072779
2013-09-02,17.690000534057617,17.924999237060547,17.670000076293945,17.860000610351562,10.537190437316895,4062653
2013-09-03,17.8799991607666,18.014999389648438,17.709999084472656,17.899999618530273,10.560790061950684,6891302
2013-09-04,18.049999237060547,18.19499969482422,17.799999237060547,18.139999389648438,10.702386856079102,4642280
2013-09-05,18.155000686645508,18.229999542236328,17.969999313354492,18.229999542236328,10.755486488342285,4227397
2013-09-06,18.19499969482422,18.440000534057617,18.125,18.364999771118164,10.835136413574219,6227673
2013-09-09,18.344999313354492,18.344999313354492,18.155000686645508,18.19499969482422,10.734837532043457,3027331
2013-09-10,18.399999618530273,18.524999618530273,18.30500030517578,18.44499969482422,10.882332801818848,5327369
2013-09-11,18.350000381469727,18.549999237060547,18.235000610351562,18.510000228881836,10.92068099975586,5470189
2013-09-12,18.510000228881836,18.594999313354492,18.43000030517578,18.530000686645508,10.93248176574707,5032297
2013-09-13,18.4950008392334,18.53499984741211,18.350000381469727,18.514999389648438,10.92363166809082,4184635
2013-09-16,18.56999969482422,18.584999084472656,18.270000457763672,18.375,10.841034889221191,5434807
2013-09-17,18.309999465942383,18.344999313354492,18.145000457763672,18.219999313354492,10.749585151672363,6253534
2013-09-18,18.174999237060547,18.204999923706055,18.014999389648438,18.065000534057617,10.658138275146484,7655162
2013-09-19,18.2549991607666,18.354999542236328,18.174999237060547,18.354999542236328,10.82923412322998,6506085
2013-09-20,18.260000228881836,18.579999923706055,18.260000228881836,18.5049991607666,10.917733192443848,7971277
2013-09-23,18.485000610351562,18.549999237060547,18.084999084472656,18.18000030517578,10.725987434387207,11274196
2013-09-24,18.135000228881836,18.469999313354492,18.135000228881836,18.405000686645508,10.858735084533691,3952468
2013-09-25,18.295000076293945,18.600000381469727,18.2549991607666,18.559999465942383,10.95018196105957,6571624
2013-09-26,18.594999313354492,18.655000686645508,18.479999542236328,18.6299991607666,10.991482734680176,3114615
2013-09-27,18.690000534057617,18.690000534057617,18.40999984741211,18.514999389648438,10.92363166809082,5186537
2013-09-30,18.299999237060547,18.44499969482422,18.18000030517578,18.325000762939453,10.811532974243164,4786354
2013-10-01,18.329999923706055,18.604999542236328,18.270000457763672,18.600000381469727,10.973782539367676,5680814
2013-10-02,18.559999465942383,18.59000015258789,18.350000381469727,18.440000534057617,10.879383087158203,5217944
2013-10-03,18.479999542236328,18.520000457763672,18.059999465942383,18.19499969482422,10.734837532043457,7925042
2013-10-04,18.170000076293945,18.375,18.084999084472656,18.364999771118164,10.835136413574219,4450778
2013-10-07,18.260000228881836,18.325000762939453,18.09000015258789,18.225000381469727,10.75253963470459,3988916
2013-10-08,18.184999465942383,18.34000015258789,18.165000915527344,18.2450008392334,10.764335632324219,2857073
2013-10-09,18.170000076293945,18.399999618530273,18.139999389648438,18.34000015258789,10.82038688659668,4400499
2013-10-10,18.3799991607666,18.639999389648438,18.290000915527344,18.59000015258789,10.967884063720703,8038799
2013-10-11,18.649999618530273,18.649999618530273,18.475000381469727,18.584999084472656,10.96493148803711,3237819
2013-10-14,18.459999084472656,18.639999389648438,18.450000762939453,18.639999389648438,10.997379302978516,3024532
2013-10-15,18.700000762939453,18.795000076293945,18.610000610351562,18.780000686645508,11.079977989196777,5992702
2013-10-16,18.7450008392334,19.100000381469727,18.739999771118164,19.059999465942383,11.245176315307617,6660088
2013-10-17,19.0,19.295000076293945,18.96500015258789,19.28499984741211,11.377923965454102,5625628
2013-10-18,19.375,19.46500015258789,19.200000762939453,19.3700008392334,11.42807388305664,19746865
2013-10-21,19.440000534057617,19.579999923706055,19.329999923706055,19.53499984741211,11.525421142578125,5020373
2013-10-22,19.475000381469727,19.55500030517578,19.350000381469727,19.489999771118164,11.498872756958008,6652717
2013-10-23,19.31999969482422,19.325000762939453,19.020000457763672,19.200000762939453,11.327775001525879,4408161
2013-10-24,19.260000228881836,19.299999237060547,19.09000015258789,19.209999084472656,11.333674430847168,6420246
2013-10-25,19.114999771118164,19.399999618530273,19.09000015258789,19.155000686645508,11.301225662231445,4134018
2013-10-28,19.200000762939453,19.295000076293945,19.030000686645508,19.170000076293945,11.310076713562012,2738057
2013-10-29,19.139999389648438,19.510000228881836,19.09000015258789,19.510000228881836,11.510671615600586,5659872
2013-10-30,19.600000381469727,19.940000534057617,19.385000228881836,19.530000686645508,11.522473335266113,4789332
2013-10-31,19.420000076293945,19.780000686645508,19.364999771118164,19.780000686645508,11.669966697692871,5014517
2013-11-01,19.799999237060547,19.864999771118164,19.594999313354492,19.665000915527344,11.602119445800781,2257106
2013-11-04,19.700000762939453,19.875,19.6299991607666,19.770000457763672,11.664067268371582,10445354
2013-11-05,19.7450008392334,19.84000015258789,19.475000381469727,19.594999313354492,11.560819625854492,4291435
2013-11-06,19.6299991607666,19.844999313354492,19.610000610351562,19.770000457763672,11.664067268371582,3555472
2013-11-07,19.510000228881836,19.850000381469727,19.0,19.170000076293945,11.310076713562012,14223479
2013-11-08,19.145000457763672,19.145000457763672,18.670000076293945,18.8799991607666,11.13897705078125,7354755
2013-11-11,18.850000381469727,19.040000915527344,18.670000076293945,18.93000030517578,11.168478965759277,3544460
2013-11-12,18.59000015258789,18.59000015258789,18.25,18.309999465942383,10.802684783935547,27872969
2013-11-13,18.30500030517578,18.459999084472656,18.25,18.40999984741211,10.861685752868652,8071518
2013-11-14,18.5,18.594999313354492,18.315000534057617,18.549999237060547,10.944282531738281,7849600
2013-11-15,18.600000381469727,18.674999237060547,18.40999984741211,18.5049991607666,10.917733192443848,7705339
2013-11-18,18.454999923706055,18.80500030517578,18.31999969482422,18.665000915527344,11.012131690979004,12900435
2013-11-19,18.735000610351562,18.80500030517578,18.479999542236328,18.5049991607666,10.917733192443848,6626363
2013-11-20,18.475000381469727,18.59000015258789,18.270000457763672,18.385000228881836,10.846933364868164,6730584
2013-11-21,18.25,18.549999237060547,18.190000534057617,18.520000457763672,10.926584243774414,4329302
2013-11-22,18.4950008392334,18.670000076293945,18.344999313354492,18.649999618530273,11.003283500671387,8540967
2013-11-25,18.690000534057617,18.739999771118164,18.415000915527344,18.450000762939453,10.885281562805176,6918739
2013-11-26,19.25,19.514999389648438,19.030000686645508,19.239999771118164,11.351374626159668,18223788
2013-11-27,19.34000015258789,19.389999389648438,19.110000610351562,19.290000915527344,11.380874633789062,8070412
2013-11-28,19.360000610351562,19.399999618530273,19.25,19.280000686645508,11.374974250793457,4514180
2013-11-29,19.2549991607666,19.399999618530273,19.2549991607666,19.329999923706055,11.404474258422852,6605332
2013-12-02,19.295000076293945,19.309999465942383,19.020000457763672,19.145000457763672,11.29532527923584,4939887
2013-12-03,18.8700008392334,18.96500015258789,18.68000030517578,18.68000030517578,11.02098274230957,38291948
2013-12-04,18.670000076293945,18.739999771118164,18.325000762939453,18.325000762939453,10.811532974243164,27298593
2013-12-05,18.329999923706055,18.5,18.0049991607666,18.0049991607666,10.622737884521484,7575408
2013-12-06,18.0049991607666,18.209999084472656,17.809999465942383,18.18000030517578,10.725987434387207,6266766
2013-12-09,18.239999771118164,18.30500030517578,18.06999969482422,18.270000457763672,10.779086112976074,11860838
2013-12-10,18.145000457763672,18.389999389648438,18.139999389648438,18.149999618530273,10.708287239074707,13815063
2013-12-11,18.100000381469727,18.415000915527344,18.075000762939453,18.1299991607666,10.69648551940918,51490236
2013-12-12,18.1299991607666,18.299999237060547,18.049999237060547,18.114999771118164,10.687637329101562,7132659
2013-12-13,18.1200008392334,18.225000381469727,17.969999313354492,18.0049991607666,10.622737884521484,7336368
2013-12-16,17.96500015258789,18.344999313354492,17.920000076293945,18.2549991607666,10.77023696899414,17054909
2013-12-17,18.15999984741211,18.225000381469727,18.079999923706055,18.084999084472656,10.669937133789062,7842203
2013-12-18,18.209999084472656,18.235000610351562,18.020000457763672,18.190000534057617,10.731887817382812,4989755
2013-12-19,18.415000915527344,18.559999465942383,18.360000610351562,18.489999771118164,10.908884048461914,12498062
2013-12-20,18.559999465942383,18.604999542236328,18.399999618530273,18.53499984741211,10.935434341430664,14286589
2013-12-23,18.1200008392334,18.25,18.010000228881836,18.155000686645508,10.994172096252441,11808250
2013-12-24,18.239999771118164,18.299999237060547,18.15999984741211,18.28499984741211,11.072896957397461,1597499
2013-12-27,18.385000228881836,18.479999542236328,18.200000762939453,18.405000686645508,11.1455659866333,13926067
2013-12-30,18.44499969482422,18.46500015258789,18.28499984741211,18.30500030517578,11.085009574890137,5932888
2013-12-31,18.350000381469727,18.350000381469727,18.239999771118164,18.31999969482422,11.094094276428223,2113521
2014-01-02,18.329999923706055,18.420000076293945,18.040000915527344,18.059999465942383,10.936644554138184,8249333
2014-01-03,18.125,18.184999465942383,17.954999923706055,18.094999313354492,10.95783805847168,18766716
2014-01-06,18.110000610351562,18.360000610351562,18.100000381469727,18.114999771118164,10.969950675964355,13157391
2014-01-07,18.15999984741211,18.645000457763672,18.135000228881836,18.610000610351562,11.269708633422852,18965738
2014-01-08,18.655000686645508,18.700000762939453,18.485000610351562,18.670000076293945,11.306042671203613,10123941
2014-01-09,18.75,18.940000534057617,18.625,18.735000610351562,11.345407485961914,7049827
2014-01-10,18.815000534057617,19.049999237060547,18.795000076293945,18.93000030517578,11.463492393493652,7595132
2014-01-13,19.0,19.045000076293945,18.854999542236328,18.90999984741211,11.45138168334961,4625809
2014-01-14,18.799999237060547,18.905000686645508,18.71500015258789,18.899999618530273,11.44532585144043,4531254
2014-01-15,18.93000030517578,19.079999923706055,18.7549991607666,19.0049991607666,11.5089111328125,13798781
2014-01-16,18.94499969482422,19.065000534057617,18.920000076293945,19.03499984741211,11.527077674865723,5378578
2014-01-17,18.950000762939453,19.100000381469727,18.8700008392334,19.0049991607666,11.5089111328125,7648003
2014-01-20,19.049999237060547,19.049999237060547,18.934999465942383,19.0,11.505880355834961,3103366
2014-01-21,19.049999237060547,19.100000381469727,18.674999237060547,18.709999084472656,11.330265045166016,6645163
2014-01-22,18.739999771118164,18.78499984741211,18.5,18.559999465942383,11.239429473876953,4380843
2014-01-23,18.540000915527344,18.65999984741211,18.264999389648438,18.350000381469727,11.112260818481445,7406875
2014-01-24,18.290000915527344,18.350000381469727,17.600000381469727,17.68000030517578,10.706525802612305,11893258
2014-01-27,17.600000381469727,17.809999465942383,17.459999084472656,17.524999618530273,10.612664222717285,9539034
2014-01-28,17.645000457763672,17.780000686645508,17.559999465942383,17.649999618530273,10.688358306884766,7112961
2014-01-29,17.774999618530273,17.799999237060547,17.2549991607666,17.625,10.673219680786133,8436636
2014-01-30,17.645000457763672,17.850000381469727,17.540000915527344,17.614999771118164,10.66716194152832,7391872
2014-01-31,17.55500030517578,17.625,17.25,17.3799991607666,10.52485466003418,9139214
2014-02-03,17.424999237060547,17.5,17.100000381469727,17.1299991607666,10.37346076965332,6088336
2014-02-04,17.0,17.344999313354492,16.940000534057617,17.104999542236328,10.358321189880371,7636459
2014-02-05,17.100000381469727,17.2450008392334,17.020000457763672,17.145000457763672,10.382545471191406,5802349
2014-02-06,17.280000686645508,17.5,17.1299991607666,17.424999237060547,10.552105903625488,8945298
2014-02-07,17.469999313354492,17.7549991607666,17.309999465942383,17.665000915527344,10.697443962097168,6160899
2014-02-10,17.780000686645508,17.790000915527344,17.479999542236328,17.56999969482422,10.639913558959961,4719084
2014-02-11,17.649999618530273,17.75,17.420000076293945,17.614999771118164,10.66716194152832,8182285
2014-02-12,17.700000762939453,17.764999389648438,17.530000686645508,17.530000686645508,10.615690231323242,6333976
2014-02-13,17.510000228881836,17.59000015258789,17.329999923706055,17.56999969482422,10.639913558959961,13011069
2014-02-14,17.600000381469727,17.75,17.5,17.610000610351562,10.66413688659668,13174724
2014-02-17,17.684999465942383,17.770000457763672,17.59000015258789,17.625,10.673219680786133,3456447
2014-02-18,17.649999618530273,17.68000030517578,17.360000610351562,17.575000762939453,10.64294147491455,5055659
2014-02-19,17.56999969482422,17.709999084472656,17.399999618530273,17.625,10.673219680786133,5089424
2014-02-20,17.5,18.06999969482422,17.46500015258789,17.985000610351562,10.891226768493652,8954202
2014-02-21,18.075000762939453,18.114999771118164,17.950000762939453,18.075000762939453,10.945727348327637,5035914
2014-02-24,18.09000015258789,18.280000686645508,18.059999465942383,18.209999084472656,11.027478218078613,5704208
2014-02-25,18.209999084472656,18.3700008392334,18.170000076293945,18.3700008392334,11.124372482299805,4915328
2014-02-26,18.399999618530273,18.670000076293945,18.100000381469727,18.55500030517578,11.236404418945312,8437063
2014-02-27,18.520000457763672,18.59000015258789,18.239999771118164,18.389999389648438,11.136483192443848,4861881
2014-02-28,18.3799991607666,18.450000762939453,18.075000762939453,18.204999923706055,11.024453163146973,6054487
2014-03-03,17.96500015258789,18.184999465942383,17.860000610351562,17.924999237060547,10.85489273071289,20497638
2014-03-04,18.139999389648438,18.290000915527344,18.049999237060547,18.260000228881836,11.057759284973145,4354247
2014-03-05,18.170000076293945,18.440000534057617,18.165000915527344,18.34000015258789,11.106204986572266,12741481
2014-03-06,18.420000076293945,18.594999313354492,18.360000610351562,18.395000457763672,11.139510154724121,5171666
2014-03-07,18.375,18.454999923706055,18.1200008392334,18.125,10.976007461547852,4254842
2014-03-10,18.1200008392334,18.28499984741211,17.969999313354492,18.100000381469727,10.960867881774902,5006653
2014-03-11,18.190000534057617,18.19499969482422,17.8799991607666,17.924999237060547,10.85489273071289,5024256
2014-03-12,17.834999084472656,17.94499969482422,17.625,17.809999465942383,10.785249710083008,4074828
2014-03-13,17.860000610351562,17.96500015258789,17.600000381469727,17.600000381469727,10.658080101013184,19912526
2014-03-14,17.459999084472656,17.530000686645508,17.184999465942383,17.385000228881836,10.527881622314453,13048394
2014-03-17,17.360000610351562,17.69499969482422,17.315000534057617,17.614999771118164,10.66716194152832,5328134
2014-03-18,17.579999923706055,17.940000534057617,17.485000610351562,17.790000915527344,10.773139953613281,14425767
2014-03-19,17.764999389648438,17.959999084472656,17.65999984741211,17.860000610351562,10.815528869628906,4903501
2014-03-20,17.65999984741211,17.920000076293945,17.604999542236328,17.8799991607666,10.827640533447266,5835205
2014-03-21,17.850000381469727,18.079999923706055,17.834999084472656,18.0049991607666,10.903336524963379,10571157
2014-03-24,18.065000534057617,18.094999313354492,17.655000686645508,17.71500015258789,10.72772216796875,7350797
2014-03-25,17.75,17.969999313354492,17.584999084472656,17.8700008392334,10.821586608886719,8702366
2014-03-26,18.0,18.290000915527344,17.940000534057617,18.174999237060547,11.006285667419434,7906414
2014-03-27,18.170000076293945,18.405000686645508,18.149999618530273,18.405000686645508,11.1455659866333,6739587
2014-03-28,18.479999542236328,18.604999542236328,18.434999465942383,18.604999542236328,11.266680717468262,6675670
2014-03-31,18.690000534057617,18.75,18.479999542236328,18.524999618530273,11.218236923217773,14293012
2014-04-01,18.6200008392334,18.764999389648438,18.565000534057617,18.729999542236328,11.342377662658691,23476120
2014-04-02,18.735000610351562,18.799999237060547,18.6200008392334,18.700000762939453,11.324212074279785,14067983
2014-04-03,18.760000228881836,18.899999618530273,18.600000381469727,18.795000076293945,11.381742477416992,6365918
2014-04-04,18.780000686645508,19.0,18.7549991607666,18.924999237060547,11.460464477539062,3909929
2014-04-07,18.834999084472656,18.979999542236328,18.764999389648438,18.84000015258789,11.408989906311035,3992444
2014-04-08,18.825000762939453,18.889999389648438,18.575000762939453,18.69499969482422,11.321183204650879,25722815
2014-04-09,18.68000030517578,18.96500015258789,18.68000030517578,18.895000457763672,11.44229793548584,27637291
2014-04-10,18.899999618530273,18.950000762939453,18.649999618530273,18.690000534057617,11.318155288696289,7260722
2014-04-11,18.600000381469727,18.739999771118164,18.40999984741211,18.530000686645508,11.221261024475098,4872519
2014-04-14,18.30500030517578,18.799999237060547,18.30500030517578,18.760000228881836,11.360546112060547,5556522
2014-04-15,18.760000228881836,18.84000015258789,18.565000534057617,18.6299991607666,11.281821250915527,5205130
2014-04-16,18.809999465942383,18.885000228881836,18.665000915527344,18.790000915527344,11.37871265411377,3707321
2014-04-17,18.844999313354492,18.850000381469727,18.614999771118164,18.790000915527344,11.37871265411377,4568968
2014-04-22,18.8700008392334,19.020000457763672,18.7450008392334,18.959999084472656,11.481659889221191,7631687
2014-04-23,18.959999084472656,19.114999771118164,18.934999465942383,18.959999084472656,11.481659889221191,4280670
2014-04-24,19.09000015258789,19.139999389648438,18.7549991607666,19.0,11.505880355834961,5470226
2014-04-25,18.920000076293945,19.0,18.770000457763672,18.90999984741211,11.45138168334961,6832043
2014-04-28,18.905000686645508,19.094999313354492,18.7549991607666,18.959999084472656,11.481659889221191,12434764
2014-04-29,19.030000686645508,19.290000915527344,18.915000915527344,19.225000381469727,11.642136573791504,10471037
2014-04-30,19.28499984741211,19.55500030517578,19.2450008392334,19.399999618530273,11.748112678527832,7789797
2014-05-02,19.299999237060547,19.579999923706055,19.270000457763672,19.385000228881836,11.739027976989746,4337771
2014-05-05,19.34000015258789,19.385000228881836,19.040000915527344,19.360000610351562,11.723889350891113,3776970
2014-05-06,19.34000015258789,19.469999313354492,19.18000030517578,19.309999465942383,11.693607330322266,5339052
2014-05-07,19.28499984741211,19.459999084472656,19.260000228881836,19.3799991607666,11.735998153686523,8711219
2014-05-08,19.645000457763672,19.850000381469727,19.5,19.799999237060547,11.990340232849121,8320660
2014-05-09,19.950000762939453,19.975000381469727,19.674999237060547,19.885000228881836,12.041814804077148,7412309
2014-05-12,19.899999618530273,19.940000534057617,19.584999084472656,19.81999969482422,12.00245189666748,12678089
2014-05-13,19.844999313354492,19.885000228881836,19.709999084472656,19.815000534057617,11.999424934387207,6709051
2014-05-14,19.850000381469727,20.209999084472656,19.7549991607666,20.145000457763672,12.199261665344238,9573353
2014-05-15,20.15999984741211,20.270000457763672,19.850000381469727,20.06999969482422,12.153844833374023,8064862
2014-05-16,20.065000534057617,20.274999618530273,19.979999542236328,20.209999084472656,12.238625526428223,7306891
2014-05-19,20.209999084472656,20.290000915527344,20.020000457763672,20.239999771118164,12.256791114807129,4846430
2014-05-20,20.2549991607666,20.34000015258789,19.950000762939453,20.0,12.111454010009766,5418546
2014-05-21,19.96500015258789,20.3700008392334,19.920000076293945,20.360000610351562,12.329461097717285,7207382
2014-05-22,20.350000381469727,20.385000228881836,20.170000076293945,20.309999465942383,12.299181938171387,3892963
2014-05-23,20.309999465942383,20.399999618530273,20.094999313354492,20.25,12.262846946716309,5147515
2014-05-26,20.360000610351562,20.68000030517578,20.315000534057617,20.639999389648438,12.499022483825684,5895833
2014-05-27,20.68000030517578,20.770000457763672,20.579999923706055,20.600000381469727,12.474797248840332,10691747
2014-05-28,20.6200008392334,20.635000228881836,20.354999542236328,20.469999313354492,12.396075248718262,15959753
2014-05-29,20.530000686645508,20.655000686645508,20.44499969482422,20.579999923706055,12.462688446044922,78154236
2014-05-30,20.645000457763672,20.795000076293945,20.610000610351562,20.665000915527344,12.514161109924316,175994655
2014-06-02,20.78499984741211,20.989999771118164,20.75,20.905000686645508,12.659501075744629,59065622
2014-06-03,20.989999771118164,21.065000534057617,20.790000915527344,20.864999771118164,12.635276794433594,13662832
2014-06-04,20.100000381469727,20.15999984741211,19.985000610351562,20.110000610351562,12.17806625366211,158208420
2014-06-05,20.149999618530273,20.204999923706055,20.079999923706055,20.139999389648438,12.196234703063965,27587875
2014-06-06,19.5,19.5,19.229999542236328,19.34000015258789,12.323678016662598,33807506
2014-06-09,19.424999237060547,19.5049991607666,19.299999237060547,19.399999618530273,12.361910820007324,38509634
2014-06-10,19.334999084472656,19.440000534057617,19.30500030517578,19.395000457763672,12.358724594116211,22449447
2014-06-11,19.389999389648438,19.389999389648438,19.209999084472656,19.295000076293945,12.295004844665527,17738894
2014-06-12,19.31999969482422,19.399999618530273,19.2450008392334,19.399999618530273,12.361910820007324,33200344
2014-06-13,19.334999084472656,19.690000534057617,19.329999923706055,19.600000381469727,12.489352226257324,26381469
2014-06-16,19.56999969482422,19.665000915527344,19.475000381469727,19.53499984741211,12.4479341506958,15628956
2014-06-17,19.610000610351562,19.6299991607666,19.5,19.610000610351562,12.495722770690918,9169651
2014-06-18,19.700000762939453,19.825000762939453,19.639999389648438,19.809999465942383,12.6231689453125,14298141
2014-06-19,19.5,19.575000762939453,19.389999389648438,19.46500015258789,12.714615821838379,19101034
2014-06-20,19.46500015258789,19.635000228881836,19.424999237060547,19.625,12.819129943847656,24620459
2014-06-23,19.670000076293945,19.674999237060547,19.459999084472656,19.545000076293945,12.766870498657227,12397685
2014-06-24,19.639999389648438,19.639999389648438,19.514999389648438,19.53499984741211,12.76033878326416,6138482
2014-06-25,19.5,19.5,19.170000076293945,19.329999923706055,12.626436233520508,12327070
2014-06-26,19.334999084472656,19.450000762939453,19.165000915527344,19.280000686645508,12.593772888183594,7066806
2014-06-27,19.34000015258789,19.450000762939453,19.25,19.264999389648438,12.583974838256836,7247991
2014-06-30,19.280000686645508,19.34000015258789,19.145000457763672,19.260000228881836,12.580709457397461,8116103
2014-07-01,19.329999923706055,19.350000381469727,19.200000762939453,19.329999923706055,12.626436233520508,6371616
2014-07-02,19.354999542236328,19.389999389648438,19.25,19.389999389648438,12.665624618530273,9964382
2014-07-03,19.46500015258789,19.565000534057617,19.334999084472656,19.565000534057617,12.779937744140625,12991978
2014-07-04,19.520000457763672,19.565000534057617,19.405000686645508,19.405000686645508,12.675426483154297,3445744
2014-07-07,19.399999618530273,19.405000686645508,19.110000610351562,19.200000762939453,12.54151725769043,8197482
2014-07-08,19.235000610351562,19.290000915527344,18.959999084472656,19.030000686645508,12.430473327636719,6164379
2014-07-09,19.079999923706055,19.15999984741211,19.0049991607666,19.145000457763672,12.505590438842773,4071845
2014-07-10,19.1299991607666,19.149999618530273,18.3799991607666,18.5049991607666,12.087539672851562,15378881
2014-07-11,18.59000015258789,18.719999313354492,18.469999313354492,18.575000762939453,12.13326644897461,5253151
2014-07-14,18.69499969482422,18.69499969482422,18.530000686645508,18.639999389648438,12.1757230758667,4773473
2014-07-15,18.6299991607666,18.735000610351562,18.399999618530273,18.454999923706055,12.05488109588623,6764604
2014-07-16,18.514999389648438,18.75,18.510000228881836,18.719999313354492,12.227977752685547,4017391
2014-07-17,18.584999084472656,18.709999084472656,18.479999542236328,18.56999969482422,12.129998207092285,5214609
2014-07-18,18.415000915527344,18.540000915527344,18.399999618530273,18.485000610351562,12.074477195739746,10974631
2014-07-21,18.399999618530273,18.415000915527344,18.209999084472656,18.34000015258789,11.97976303100586,22043910
2014-07-22,18.450000762939453,18.684999465942383,18.434999465942383,18.639999389648438,12.1757230758667,5621793
2014-07-23,18.5,18.684999465942383,18.309999465942383,18.415000915527344,12.028752326965332,13441705
2014-07-24,18.75,18.899999618530273,18.549999237060547,18.809999465942383,12.28676700592041,21376616
2014-07-25,18.764999389648438,19.045000076293945,18.739999771118164,18.959999084472656,12.384746551513672,9229567
2014-07-28,19.059999465942383,19.075000762939453,18.760000228881836,18.90999984741211,12.35208797454834,7019552
2014-07-29,18.959999084472656,19.040000915527344,18.854999542236328,18.90999984741211,12.35208797454834,11176649
2014-07-30,18.899999618530273,19.045000076293945,18.80500030517578,18.895000457763672,12.342288970947266,4605565
2014-07-31,18.915000915527344,18.96500015258789,18.524999618530273,18.6200008392334,12.162660598754883,7133019
2014-08-01,18.514999389648438,18.604999542236328,18.270000457763672,18.3700008392334,11.999359130859375,6163787
2014-08-04,18.489999771118164,18.549999237060547,18.34000015258789,18.415000915527344,12.028752326965332,72667867
2014-08-05,18.584999084472656,18.59000015258789,18.21500015258789,18.30500030517578,11.956901550292969,5932646
2014-08-06,18.229999542236328,18.299999237060547,18.030000686645508,18.225000381469727,11.904644966125488,5517917
2014-08-07,18.200000762939453,18.204999923706055,17.864999771118164,17.934999465942383,11.715214729309082,6300861
2014-08-08,17.809999465942383,18.170000076293945,17.799999237060547,17.969999313354492,11.738076210021973,6041995
2014-08-11,18.190000534057617,18.225000381469727,18.020000457763672,18.139999389648438,11.84912109375,6724850
2014-08-12,18.165000915527344,18.200000762939453,17.969999313354492,18.045000076293945,11.787068367004395,4190572
2014-08-13,18.094999313354492,18.155000686645508,18.024999618530273,18.145000457763672,11.852388381958008,4141177
2014-08-14,18.1299991607666,18.219999313354492,17.985000610351562,18.155000686645508,11.858920097351074,4299918
2014-08-15,18.200000762939453,18.3799991607666,18.030000686645508,18.030000686645508,11.777270317077637,7625410
2014-08-18,18.229999542236328,18.334999084472656,18.145000457763672,18.28499984741211,11.943836212158203,4546751
2014-08-19,18.385000228881836,18.450000762939453,18.28499984741211,18.3700008392334,11.999359130859375,5080413
2014-08-20,18.415000915527344,18.43000030517578,18.219999313354492,18.375,12.002623558044434,3802098
2014-08-21,18.434999465942383,18.649999618530273,18.389999389648438,18.584999084472656,12.139796257019043,3900825
2014-08-22,18.670000076293945,18.670000076293945,18.360000610351562,18.524999618530273,12.100605010986328,5098551
2014-08-25,18.65999984741211,18.864999771118164,18.614999771118164,18.81999969482422,12.293301582336426,3888077
2014-08-26,18.84000015258789,19.0,18.81999969482422,18.954999923706055,12.381484031677246,5302856
2014-08-27,19.0,19.030000686645508,18.854999542236328,18.989999771118164,12.404343605041504,4082292
2014-08-28,18.959999084472656,18.9950008392334,18.739999771118164,18.875,12.329225540161133,6815193
2014-08-29,18.920000076293945,18.975000381469727,18.684999465942383,18.889999389648438,12.339024543762207,13769959
2014-09-01,18.950000762939453,19.065000534057617,18.934999465942383,19.020000457763672,12.423941612243652,3741813
2014-09-02,19.045000076293945,19.1200008392334,18.875,18.950000762939453,12.378216743469238,3592122
2014-09-03,19.0,19.170000076293945,18.950000762939453,19.1200008392334,12.48926067352295,5817932
2014-09-04,19.1200008392334,19.5,19.05500030517578,19.364999771118164,12.649295806884766,17193846
2014-09-05,19.3799991607666,19.420000076293945,19.174999237060547,19.364999771118164,12.649295806884766,6340166
2014-09-08,19.40999984741211,19.420000076293945,19.170000076293945,19.229999542236328,12.561114311218262,3280555
2014-09-09,19.149999618530273,19.19499969482422,18.924999237060547,18.940000534057617,12.371685981750488,6924241
2014-09-10,18.940000534057617,18.9950008392334,18.729999542236328,18.915000915527344,12.355353355407715,6180236
2014-09-11,19.0,19.0,18.65999984741211,18.780000686645508,12.267170906066895,4301061
2014-09-12,18.799999237060547,18.850000381469727,18.635000228881836,18.739999771118164,12.241044044494629,3917599
2014-09-15,18.600000381469727,18.725000381469727,18.5,18.725000381469727,12.231246948242188,10287782
2014-09-16,18.729999542236328,18.774999618530273,18.579999923706055,18.760000228881836,12.254107475280762,3812102
2014-09-17,18.889999389648438,18.96500015258789,18.815000534057617,18.915000915527344,12.355353355407715,3706203
2014-09-18,18.9950008392334,19.06999969482422,18.8700008392334,19.020000457763672,12.423941612243652,5517274
2014-09-19,19.209999084472656,19.385000228881836,19.059999465942383,19.165000915527344,12.518654823303223,6729498
2014-09-22,19.045000076293945,19.219999313354492,19.014999389648438,19.079999923706055,12.463132858276367,2959496
2014-09-23,19.084999084472656,19.084999084472656,18.719999313354492,18.739999771118164,12.241044044494629,6974874
2014-09-24,18.739999771118164,18.850000381469727,18.56999969482422,18.844999313354492,12.309629440307617,4452145
2014-09-25,18.799999237060547,18.959999084472656,18.530000686645508,18.649999618530273,12.18225383758545,8612193
2014-09-26,18.645000457763672,18.920000076293945,18.53499984741211,18.815000534057617,12.290032386779785,4840503
2014-09-29,18.829999923706055,18.8799991607666,18.530000686645508,18.59000015258789,12.143062591552734,4836753
2014-09-30,18.709999084472656,18.854999542236328,18.625,18.799999237060547,12.280234336853027,6007599
2014-10-01,18.75,18.860000610351562,18.610000610351562,18.700000762939453,12.214916229248047,6345001
2014-10-02,18.690000534057617,18.725000381469727,18.15999984741211,18.190000534057617,11.881782531738281,8273246
2014-10-03,18.399999618530273,18.40999984741211,18.15999984741211,18.280000686645508,11.940569877624512,5920837
2014-10-06,18.385000228881836,18.46500015258789,18.280000686645508,18.325000762939453,11.969965934753418,4575279
2014-10-07,18.295000076293945,18.315000534057617,18.049999237060547,18.114999771118164,11.83279037475586,6736671
2014-10-08,18.030000686645508,18.21500015258789,17.954999923706055,17.979999542236328,11.744607925415039,7522628
2014-10-09,18.190000534057617,18.229999542236328,17.7549991607666,17.895000457763672,11.689087867736816,5868444
2014-10-10,17.760000228881836,17.760000228881836,17.420000076293945,17.420000076293945,11.378813743591309,8987753
2014-10-13,17.325000762939453,17.639999389648438,17.209999084472656,17.514999389648438,11.44086742401123,6198034
2014-10-14,17.420000076293945,17.4950008392334,17.170000076293945,17.309999465942383,11.306962013244629,7181209
2014-10-15,17.31999969482422,17.31999969482422,16.540000915527344,16.610000610351562,10.849719047546387,12805714
2014-10-16,16.700000762939453,16.774999618530273,15.8149995803833,16.329999923706055,10.66682243347168,17270563
2014-10-17,16.459999084472656,16.954999923706055,16.350000381469727,16.899999618530273,11.039146423339844,19563839
2014-10-20,16.969999313354492,16.989999771118164,16.635000228881836,16.809999465942383,10.980358123779297,12868812
2014-10-21,16.780000686645508,17.30500030517578,16.71500015258789,17.299999237060547,11.30042839050293,8289523
2014-10-22,17.315000534057617,17.434999465942383,17.049999237060547,17.415000915527344,11.375547409057617,8383728
2014-10-23,17.329999923706055,17.6200008392334,17.100000381469727,17.540000915527344,11.457198143005371,6734507
2014-10-24,17.5049991607666,17.55500030517578,17.360000610351562,17.43000030517578,11.385347366333008,7614131
2014-10-27,17.600000381469727,17.690000534057617,17.06999969482422,17.260000228881836,11.274301528930664,5482543
2014-10-28,17.350000381469727,17.614999771118164,17.350000381469727,17.559999465942383,11.470263481140137,6506301
2014-10-29,17.56999969482422,17.700000762939453,17.375,17.475000381469727,11.414740562438965,6368163
2014-10-30,17.610000610351562,17.690000534057617,17.065000534057617,17.469999313354492,11.41147518157959,8688319
2014-10-31,17.795000076293945,17.875,17.55500030517578,17.815000534057617,11.63683032989502,12210955
2014-11-03,17.850000381469727,17.959999084472656,17.610000610351562,17.68000030517578,11.5486478805542,10088735
2014-11-04,17.56999969482422,17.729999542236328,17.190000534057617,17.190000534057617,11.228577613830566,8322794
2014-11-05,17.299999237060547,17.545000076293945,17.139999389648438,17.3799991607666,11.352684020996094,7301827
2014-11-06,17.3700008392334,17.78499984741211,17.30500030517578,17.510000228881836,11.437602996826172,10351045
2014-11-07,17.524999618530273,17.655000686645508,17.18000030517578,17.354999542236328,11.336355209350586,6286552
2014-11-10,17.334999084472656,17.68000030517578,17.25,17.649999618530273,11.52904987335205,9810399
2014-11-11,17.725000381469727,17.790000915527344,17.55500030517578,17.68000030517578,11.5486478805542,7921530
2014-11-12,17.559999465942383,17.68000030517578,17.334999084472656,17.40999984741211,11.372282028198242,6955629
2014-11-13,17.454999923706055,17.549999237060547,17.125,17.235000610351562,11.25797176361084,9275175
2014-11-14,17.28499984741211,17.395000457763672,17.079999923706055,17.299999237060547,11.30042839050293,6350398
2014-11-17,17.190000534057617,17.565000534057617,17.075000762939453,17.5,11.431071281433105,12822029
2014-11-18,17.81999969482422,17.985000610351562,17.735000610351562,17.864999771118164,11.669490814208984,22936982
2014-11-19,17.94499969482422,17.9950008392334,17.7450008392334,17.8799991607666,11.679286003112793,5713251
2014-11-20,17.920000076293945,17.920000076293945,17.549999237060547,17.774999618530273,11.610702514648438,8310228
2014-11-21,17.860000610351562,18.545000076293945,17.829999923706055,18.440000534057617,12.045083045959473,13929505
2014-11-24,18.489999771118164,18.69499969482422,18.350000381469727,18.579999923706055,12.136531829833984,17478388
2014-11-25,18.514999389648438,18.68000030517578,18.360000610351562,18.5,12.084275245666504,8730042
2014-11-26,18.489999771118164,18.530000686645508,18.360000610351562,18.420000076293945,12.03201675415039,13071110
2014-11-27,18.40999984741211,18.510000228881836,18.045000076293945,18.170000076293945,11.868718147277832,11843655
2014-11-28,18.094999313354492,18.094999313354492,17.665000915527344,18.049999237060547,11.790331840515137,14075703
2014-12-01,17.75,17.924999237060547,17.530000686645508,17.729999542236328,11.581306457519531,9031815
2014-12-02,17.889999389648438,18.1200008392334,17.844999313354492,18.049999237060547,11.790331840515137,8239834
2014-12-03,18.145000457763672,18.415000915527344,18.0,18.2549991607666,11.924241065979004,13103635
2014-12-04,18.364999771118164,18.375,17.860000610351562,17.94499969482422,11.721746444702148,14538466
2014-12-05,18.1299991607666,18.334999084472656,18.0,18.30500030517578,11.956901550292969,8470795
2014-12-08,18.280000686645508,18.329999923706055,17.979999542236328,18.03499984741211,11.780534744262695,5446138
2014-12-09,17.799999237060547,17.920000076293945,17.584999084472656,17.610000610351562,11.502923965454102,10394661
2014-12-10,17.7450008392334,17.774999618530273,17.334999084472656,17.405000686645508,11.369016647338867,6446459
2014-12-11,17.299999237060547,17.395000457763672,17.03499984741211,17.204999923706055,11.238374710083008,25917077
2014-12-12,17.020000457763672,17.09000015258789,16.094999313354492,16.174999237060547,10.565574645996094,16305560
2014-12-15,16.25,16.645000457763672,15.670000076293945,15.694999694824219,10.252037048339844,22172301
2014-12-16,15.449999809265137,15.699999809265137,14.96500015258789,15.640000343322754,10.216110229492188,35049887
2014-12-17,15.444999694824219,15.8100004196167,15.289999961853027,15.680000305175781,10.242239952087402,18272585
2014-12-18,15.960000038146973,16.18000030517578,15.71500015258789,16.065000534057617,10.493722915649414,40205325
2014-12-19,16.309999465942383,16.34000015258789,15.960000038146973,16.075000762939453,10.50025463104248,21843457
2014-12-22,15.899999618530273,16.145000457763672,15.484999656677246,15.614999771118164,10.508329391479492,36364693
2014-12-23,15.600000381469727,15.835000038146973,15.479999542236328,15.835000038146973,10.656380653381348,32249143
2014-12-24,15.850000381469727,16.010000228881836,15.604999542236328,15.885000228881836,10.69002914428711,6643370
2014-12-29,15.880000114440918,15.895000457763672,15.510000228881836,15.744999885559082,10.59581470489502,12156879
2014-12-30,15.720000267028809,15.720000267028809,15.510000228881836,15.5649995803833,10.474681854248047,14277136
2014-12-31,15.524999618530273,15.645000457763672,15.5,15.545000076293945,10.461223602294922,7228447
2015-01-02,15.75,15.789999961853027,15.4399995803833,15.569999694824219,10.478046417236328,6099936
2015-01-05,15.425000190734863,15.505000114440918,14.630000114440918,14.65999984741211,9.865650177001953,15590799
2015-01-06,14.699999809265137,14.904999732971191,14.319999694824219,14.614999771118164,9.835367202758789,16629349
2015-01-07,14.6899995803833,15.050000190734863,14.5600004196167,14.6899995803833,9.885839462280273,9789979
2015-01-08,14.949999809265137,15.069999694824219,14.739999771118164,15.0600004196167,10.134835243225098,9490279
2015-01-09,15.03499984741211,15.050000190734863,14.369999885559082,14.5,9.757973670959473,29891276
2015-01-12,14.654999732971191,14.699999809265137,14.300000190734863,14.40999984741211,9.697409629821777,8427637
2015-01-13,14.289999961853027,14.645000457763672,14.255000114440918,14.625,9.842096328735352,7990910
2015-01-14,14.40999984741211,14.635000228881836,14.3149995803833,14.369999885559082,9.670491218566895,9934685
2015-01-15,14.78499984741211,14.975000381469727,14.289999961853027,14.864999771118164,10.003605842590332,15533808
2015-01-16,14.824999809265137,15.274999618530273,14.755000114440918,15.204999923706055,10.232415199279785,11577519
2015-01-19,15.319999694824219,15.350000381469727,15.079999923706055,15.265000343322754,10.272791862487793,8858676
2015-01-20,15.3149995803833,15.625,15.289999961853027,15.470000267028809,10.410751342773438,26901665
2015-01-21,15.5600004196167,15.725000381469727,15.3149995803833,15.6850004196167,10.555438041687012,11369072
2015-01-22,15.899999618530273,16.239999771118164,15.789999961853027,16.0049991607666,10.770785331726074,11911946
2015-01-23,16.190000534057617,16.25,16.075000762939453,16.155000686645508,10.87173080444336,11494572
2015-01-26,15.979999542236328,16.290000915527344,15.694999694824219,16.235000610351562,10.925568580627441,12903747
2015-01-27,16.190000534057617,16.309999465942383,15.979999542236328,16.274999618530273,10.952486038208008,12762010
2015-01-28,16.364999771118164,16.364999771118164,15.819999694824219,15.895000457763672,10.696759223937988,9185601
2015-01-29,15.649999618530273,15.944999694824219,15.4399995803833,15.904999732971191,10.703489303588867,10219468
2015-01-30,15.75,15.970000267028809,15.574999809265137,15.6850004196167,10.555438041687012,9817845
2015-02-02,15.8100004196167,16.020000457763672,15.550000190734863,15.96500015258789,10.743868827819824,12358225
2015-02-03,16.219999313354492,16.90999984741211,16.135000228881836,16.739999771118164,11.265414237976074,15249785
2015-02-04,16.80500030517578,16.8700008392334,16.325000762939453,16.510000228881836,11.11063289642334,12649386
2015-02-05,16.225000381469727,16.6299991607666,15.96500015258789,16.559999465942383,11.144281387329102,12005047
2015-02-06,16.635000228881836,16.684999465942383,16.450000762939453,16.56999969482422,11.151010513305664,13975833
2015-02-09,16.44499969482422,16.5,16.225000381469727,16.46500015258789,11.08034896850586,9090534
2015-02-10,16.53499984741211,16.6200008392334,16.165000915527344,16.344999313354492,10.999593734741211,9851124
2015-02-11,16.309999465942383,16.354999542236328,16.0,16.06999969482422,10.814529418945312,10248221
2015-02-12,16.100000381469727,16.655000686645508,16.049999237060547,16.44499969482422,11.066889762878418,6850641
2015-02-13,16.639999389648438,16.979999542236328,16.584999084472656,16.93000030517578,11.393279075622559,8971413
2015-02-16,16.864999771118164,16.979999542236328,16.780000686645508,16.8700008392334,11.352897644042969,4205367
2015-02-17,16.71500015258789,16.979999542236328,16.600000381469727,16.860000610351562,11.346170425415039,8388551
2015-02-18,16.979999542236328,17.049999237060547,16.864999771118164,17.040000915527344,11.467304229736328,7570400
2015-02-19,16.969999313354492,17.0,16.68000030517578,16.950000762939453,11.40673828125,11822736
2015-02-20,16.915000915527344,17.020000457763672,16.670000076293945,16.8700008392334,11.352897644042969,8184619
2015-02-23,17.020000457763672,17.1200008392334,16.774999618530273,16.924999237060547,11.389913558959961,6715823
2015-02-24,16.950000762939453,17.100000381469727,16.864999771118164,17.079999923706055,11.494222640991211,11234002
2015-02-25,17.100000381469727,17.165000915527344,17.0,17.100000381469727,11.507683753967285,6509550
2015-02-26,17.200000762939453,17.25,17.104999542236328,17.165000915527344,11.55142593383789,7598451
2015-02-27,17.184999465942383,17.274999618530273,17.06999969482422,17.274999618530273,11.62545108795166,8239020
2015-03-02,17.264999389648438,17.3799991607666,17.135000228881836,17.239999771118164,11.601897239685059,8856900
2015-03-03,17.229999542236328,17.344999313354492,17.059999465942383,17.079999923706055,11.494222640991211,5084179
2015-03-04,17.184999465942383,17.28499984741211,16.90999984741211,17.06999969482422,11.487493515014648,15402316
2015-03-05,17.145000457763672,17.28499984741211,17.030000686645508,17.149999618530273,11.541329383850098,6170384
2015-03-06,17.174999237060547,17.229999542236328,17.040000915527344,17.040000915527344,11.467304229736328,8095270
2015-03-09,16.989999771118164,17.149999618530273,16.8799991607666,17.079999923706055,11.494222640991211,6754121
2015-03-10,17.100000381469727,17.100000381469727,16.639999389648438,16.700000762939453,11.238495826721191,8992008
2015-03-11,16.729999542236328,16.81999969482422,16.385000228881836,16.639999389648438,11.19811725616455,13371392
2015-03-12,16.700000762939453,16.780000686645508,16.579999923706055,16.604999542236328,11.17456340789795,7800645
2015-03-13,16.700000762939453,16.700000762939453,16.204999923706055,16.270000457763672,10.94912052154541,9315698
2015-03-16,16.28499984741211,16.389999389648438,16.204999923706055,16.25,10.935661315917969,10073016
2015-03-17,16.28499984741211,16.604999542236328,16.209999084472656,16.375,11.019781112670898,9710035
2015-03-18,16.354999542236328,16.5,16.235000610351562,16.415000915527344,11.04670238494873,7992687
2015-03-19,16.46500015258789,16.719999313354492,16.44499969482422,16.594999313354492,11.167834281921387,8677776
2015-03-20,16.614999771118164,17.3700008392334,16.540000915527344,17.3700008392334,11.689383506774902,17941878
2015-03-23,17.30500030517578,17.479999542236328,17.15999984741211,17.350000381469727,11.675922393798828,14166583
2015-03-24,17.344999313354492,17.670000076293945,17.295000076293945,17.520000457763672,11.790325164794922,10174560
2015-03-25,17.469999313354492,17.5049991607666,17.360000610351562,17.399999618530273,11.709571838378906,8125891
2015-03-26,17.469999313354492,17.729999542236328,17.200000762939453,17.454999923706055,11.746583938598633,9678680
2015-03-27,17.399999618530273,17.43000030517578,17.110000610351562,17.239999771118164,11.601897239685059,9275361
2015-03-30,17.239999771118164,17.540000915527344,17.1200008392334,17.44499969482422,11.739853858947754,7700130
2015-03-31,17.44499969482422,17.594999313354492,17.280000686645508,17.334999084472656,11.665828704833984,8569516
2015-04-01,17.280000686645508,17.700000762939453,17.229999542236328,17.530000686645508,11.797057151794434,11350003
2015-04-02,17.6200008392334,17.780000686645508,17.479999542236328,17.540000915527344,11.803786277770996,4684995
2015-04-07,17.735000610351562,18.135000228881836,17.719999313354492,18.059999465942383,12.153727531433105,11477895
2015-04-08,18.25,18.520000457763672,17.93000030517578,17.93000030517578,12.066243171691895,16567060
2015-04-09,18.06999969482422,18.270000457763672,17.854999542236328,18.229999542236328,12.268131256103516,9735109
2015-04-10,18.25,18.270000457763672,18.045000076293945,18.149999618530273,12.214293479919434,6915405
2015-04-13,18.149999618530273,18.44499969482422,18.104999542236328,18.40999984741211,12.389264106750488,5091277
2015-04-14,18.40999984741211,18.5,18.200000762939453,18.290000915527344,12.308509826660156,10781814
2015-04-15,18.329999923706055,18.600000381469727,18.325000762939453,18.46500015258789,12.426278114318848,10696775
2015-04-16,18.475000381469727,18.489999771118164,18.260000228881836,18.315000534057617,12.325333595275879,9961478
2015-04-17,18.34000015258789,18.434999465942383,17.975000381469727,18.104999542236328,12.184009552001953,7890457
2015-04-20,18.135000228881836,18.260000228881836,18.0049991607666,18.235000610351562,12.271496772766113,6023631
2015-04-21,18.264999389648438,18.329999923706055,18.1200008392334,18.184999465942383,12.237845420837402,5185097
2015-04-22,18.18000030517578,18.225000381469727,17.829999923706055,18.059999465942383,12.153727531433105,12153853
2015-04-23,17.950000762939453,18.2450008392334,17.815000534057617,18.21500015258789,12.258035659790039,9637550
2015-04-24,18.299999237060547,18.5,18.145000457763672,18.2549991607666,12.284955978393555,5887911
2015-04-27,18.2450008392334,18.635000228881836,18.079999923706055,18.5049991607666,12.453194618225098,6674284
2015-04-28,18.510000228881836,18.75,18.44499969482422,18.540000915527344,12.476750373840332,6150594
2015-04-29,18.5049991607666,18.6299991607666,18.225000381469727,18.389999389648438,12.375805854797363,8623923
2015-04-30,18.40999984741211,18.600000381469727,18.299999237060547,18.415000915527344,12.39262866973877,9962035
2015-05-04,18.329999923706055,18.6299991607666,18.200000762939453,18.485000610351562,12.439737319946289,6410737
2015-05-05,18.5,18.559999465942383,18.225000381469727,18.274999618530273,12.298415184020996,10132209
2015-05-06,18.325000762939453,18.43000030517578,18.209999084472656,18.43000030517578,12.402725219726562,8106238
2015-05-07,18.149999618530273,18.149999618530273,17.635000228881836,17.825000762939453,11.99558162689209,15209431
2015-05-08,17.829999923706055,18.184999465942383,17.719999313354492,18.184999465942383,12.237845420837402,13362088
2015-05-11,18.209999084472656,18.3700008392334,18.155000686645508,18.190000534057617,12.24121379852295,5718597
2015-05-12,18.030000686645508,18.15999984741211,17.885000228881836,18.114999771118164,12.190739631652832,7923122
2015-05-13,18.18000030517578,18.28499984741211,18.0,18.06999969482422,12.160457611083984,9626474
2015-05-14,18.06999969482422,18.235000610351562,17.915000915527344,18.155000686645508,12.217658996582031,5289364
2015-05-15,18.145000457763672,18.165000915527344,17.809999465942383,17.899999618530273,12.046051979064941,10968719
2015-05-18,17.969999313354492,18.09000015258789,17.649999618530273,17.844999313354492,12.009039878845215,8002801
2015-05-19,17.94499969482422,18.125,17.889999389648438,17.979999542236328,12.099889755249023,8954393
2015-05-20,18.0,18.170000076293945,17.860000610351562,18.114999771118164,12.190739631652832,6110105
2015-05-21,18.079999923706055,18.2549991607666,18.024999618530273,18.18000030517578,12.23448371887207,5843872
2015-05-22,18.229999542236328,18.25,18.09000015258789,18.19499969482422,12.244577407836914,5978425
2015-05-25,18.100000381469727,18.135000228881836,17.770000457763672,17.850000381469727,12.012405395507812,7207307
2015-05-26,17.790000915527344,17.899999618530273,17.514999389648438,17.665000915527344,11.887908935546875,12586735
2015-05-27,17.739999771118164,17.81999969482422,17.579999923706055,17.78499984741211,11.968661308288574,8039846
2015-05-28,17.75,17.760000228881836,17.34000015258789,17.540000915527344,11.803786277770996,11063973
2015-05-29,17.559999465942383,17.6299991607666,17.280000686645508,17.34000015258789,11.669193267822266,10812120
2015-06-01,17.450000762939453,17.479999542236328,17.239999771118164,17.325000762939453,11.659100532531738,5329508
2015-06-02,17.395000457763672,17.59000015258789,17.170000076293945,17.434999465942383,11.733124732971191,8946457
2015-06-03,17.520000457763672,17.604999542236328,17.274999618530273,17.440000534057617,11.736490249633789,9196675
2015-06-04,17.350000381469727,17.399999618530273,17.06999969482422,17.135000228881836,11.53123664855957,7776112
2015-06-05,17.020000457763672,17.174999237060547,16.875,17.049999237060547,11.47403335571289,11466421
2015-06-08,17.0,17.049999237060547,16.860000610351562,16.8799991607666,11.359628677368164,6584262
2015-06-09,16.875,16.934999465942383,16.625,16.850000381469727,11.339441299438477,9835456
2015-06-10,16.850000381469727,17.114999771118164,16.75,17.03499984741211,11.46393871307373,25859056
2015-06-11,17.05500030517578,17.295000076293945,17.014999389648438,17.100000381469727,11.507683753967285,7965808
2015-06-12,17.079999923706055,17.1299991607666,16.760000228881836,16.889999389648438,11.366358757019043,7081140
2015-06-15,16.674999237060547,16.75,16.434999465942383,16.6200008392334,11.184659957885742,12467523
2015-06-16,16.5,16.68000030517578,16.315000534057617,16.68000030517578,11.225037574768066,8343035
2015-06-17,16.700000762939453,16.829999923706055,16.610000610351562,16.670000076293945,11.218307495117188,6261817
2015-06-18,16.209999084472656,16.264999389648438,16.014999389648438,16.2450008392334,11.259200096130371,14800995
2015-06-19,16.2450008392334,16.350000381469727,16.075000762939453,16.135000228881836,11.18295955657959,12936700
2015-06-22,16.420000076293945,16.635000228881836,16.309999465942383,16.59000015258789,11.49831485748291,12837454
2015-06-23,16.665000915527344,16.739999771118164,16.540000915527344,16.559999465942383,11.477521896362305,12485888
2015-06-24,16.559999465942383,16.725000381469727,16.434999465942383,16.520000457763672,11.449799537658691,24800403
2015-06-25,16.424999237060547,16.729999542236328,16.405000686645508,16.510000228881836,11.442869186401367,12477291
2015-06-26,16.3799991607666,16.594999313354492,16.350000381469727,16.559999465942383,11.477521896362305,16154797
2015-06-29,15.975000381469727,16.184999465942383,15.859999656677246,15.859999656677246,10.992361068725586,21896485
2015-06-30,15.859999656677246,16.049999237060547,15.654999732971191,15.75,10.916122436523438,11928076
2015-07-01,16.1200008392334,16.350000381469727,15.944999694824219,16.065000534057617,11.134444236755371,11505847
2015-07-02,16.114999771118164,16.295000076293945,16.065000534057617,16.094999313354492,11.155235290527344,8114804
2015-07-03,16.104999542236328,16.145000457763672,15.829999923706055,15.994999885559082,11.08592700958252,9248621
2015-07-06,15.680000305175781,15.774999618530273,15.520000457763672,15.550000190734863,10.777504920959473,9610035
2015-07-07,15.520000457763672,15.600000381469727,15.234999656677246,15.234999656677246,10.559182167053223,13678331
2015-07-08,15.289999961853027,15.489999771118164,15.239999771118164,15.390000343322754,10.666610717773438,9506370
2015-07-09,15.470000267028809,15.930000305175781,15.404999732971191,15.854999542236328,10.988895416259766,7680694
2015-07-10,16.170000076293945,16.40999984741211,16.079999923706055,16.270000457763672,11.276527404785156,9527633
2015-07-13,16.575000762939453,16.59000015258789,16.325000762939453,16.510000228881836,11.442869186401367,10090283
2015-07-14,16.479999542236328,16.584999084472656,16.375,16.549999237060547,11.470588684082031,6507684
2015-07-15,16.575000762939453,16.700000762939453,16.524999618530273,16.665000915527344,11.55029582977295,9689592
2015-07-16,16.665000915527344,16.9950008392334,16.604999542236328,16.924999237060547,11.730497360229492,8658548
2015-07-17,16.959999084472656,16.969999313354492,16.649999618530273,16.760000228881836,11.61613941192627,7759282
2015-07-20,16.795000076293945,16.93000030517578,16.68000030517578,16.770000457763672,11.623068809509277,14878757
2015-07-21,16.770000457763672,16.809999465942383,16.56999969482422,16.614999771118164,11.515641212463379,7980695
2015-07-22,16.469999313354492,16.5,16.360000610351562,16.389999389648438,11.359697341918945,9788567
2015-07-23,16.459999084472656,16.5,16.1200008392334,16.155000686645508,11.196823120117188,7286728
2015-07-24,16.149999618530273,16.25,15.869999885559082,15.914999961853027,11.03048038482666,11068241
2015-07-27,15.899999618530273,15.899999618530273,15.529999732971191,15.53499984741211,10.767107963562012,12599031
2015-07-28,15.619999885559082,15.8100004196167,15.569999694824219,15.734999656677246,10.90572452545166,7349300
2015-07-29,15.895000457763672,16.079999923706055,15.5600004196167,16.014999389648438,11.099790573120117,8127645
2015-07-30,15.899999618530273,15.899999618530273,15.255000114440918,15.375,10.656214714050293,18620292
2015-07-31,15.414999961853027,15.449999809265137,15.145000457763672,15.300000190734863,10.604230880737305,11228661
2015-08-03,15.305000305175781,15.369999885559082,15.069999694824219,15.289999961853027,10.597302436828613,10530087
2015-08-04,15.210000038146973,15.239999771118164,15.020000457763672,15.050000190734863,10.430961608886719,10649059
2015-08-05,15.0649995803833,15.265000343322754,15.020000457763672,15.180000305175781,10.521061897277832,9567777
2015-08-06,15.194999694824219,15.225000381469727,15.020000457763672,15.130000114440918,10.486407279968262,6093434
2015-08-07,15.175000190734863,15.335000038146973,15.114999771118164,15.119999885559082,10.479475975036621,7157684
2015-08-10,15.175000190734863,15.3100004196167,15.005000114440918,15.295000076293945,10.600767135620117,8010474
2015-08-11,15.289999961853027,15.385000228881836,14.979999542236328,15.005000114440918,10.399771690368652,7972687
2015-08-12,14.979999542236328,15.015000343322754,14.720000267028809,14.800000190734863,10.257689476013184,12213920
2015-08-13,15.079999923706055,15.170000076293945,14.710000038146973,14.739999771118164,10.216102600097656,17217790
2015-08-14,14.739999771118164,14.805000305175781,14.520000457763672,14.555000305175781,10.087882995605469,12348636
2015-08-17,14.6850004196167,14.720000267028809,14.399999618530273,14.5649995803833,10.094812393188477,9441557
2015-08-18,14.520000457763672,14.579999923706055,14.359999656677246,14.390000343322754,9.97352409362793,9778710
2015-08-19,14.324999809265137,14.390000343322754,14.119999885559082,14.119999885559082,9.78639030456543,7689522
2015-08-20,14.100000381469727,14.170000076293945,13.895000457763672,13.904999732971191,9.63737678527832,12592711
2015-08-21,13.789999961853027,13.859999656677246,13.449999809265137,13.449999809265137,9.322022438049316,11773408
2015-08-24,12.960000038146973,13.175000190734863,12.239999771118164,12.265000343322754,8.500713348388672,26343171
2015-08-25,12.649999618530273,12.805000305175781,12.4350004196167,12.725000381469727,8.819533348083496,17010543
2015-08-26,12.649999618530273,12.770000457763672,12.385000228881836,12.414999961853027,8.60467529296875,18723585
2015-08-27,12.789999961853027,13.180000305175781,12.619999885559082,13.0649995803833,9.055183410644531,12940885
2015-08-28,13.164999961853027,13.494999885559082,12.979999542236328,13.210000038146973,9.155680656433105,13898843
2015-08-31,13.085000038146973,13.125,12.649999618530273,12.755000114440918,8.840325355529785,12604867
2015-09-01,12.979999542236328,13.010000228881836,12.229999542236328,12.295000076293945,8.521506309509277,19374260
2015-09-02,12.255000114440918,12.454999923706055,12.0,12.09000015258789,8.379423141479492,17998304
2015-09-03,12.25,12.380000114440918,11.979999542236328,12.229999542236328,8.47645378112793,18761581
2015-09-04,12.154999732971191,12.164999961853027,11.71500015258789,11.789999961853027,8.171496391296387,17023627
2015-09-07,11.944999694824219,12.010000228881836,11.699999809265137,11.704999923706055,8.112585067749023,7135863
2015-09-08,11.744999885559082,11.944999694824219,11.729999542236328,11.729999542236328,8.129911422729492,9803631
2015-09-09,12.039999961853027,12.154999732971191,11.850000381469727,11.875,8.230409622192383,13411768
2015-09-10,11.800000190734863,11.805000305175781,11.449999809265137,11.5,7.970500946044922,14003692
2015-09-11,11.569999694824219,11.579999923706055,11.164999961853027,11.164999961853027,7.738316059112549,15317998
2015-09-14,11.21500015258789,11.3149995803833,11.024999618530273,11.100000381469727,7.693266868591309,11468177
2015-09-15,11.135000228881836,11.289999961853027,10.835000038146973,11.239999771118164,7.790297985076904,24164470
2015-09-16,11.34000015258789,11.484999656677246,11.220000267028809,11.484999656677246,7.960105895996094,16218263
2015-09-17,11.470000267028809,11.539999961853027,11.305000305175781,11.350000381469727,7.866538047790527,13663194
2015-09-18,11.260000228881836,11.274999618530273,10.755000114440918,10.800000190734863,7.4853410720825195,85195906
2015-09-21,10.8100004196167,11.039999961853027,10.649999618530273,10.71500015258789,7.426427364349365,24323501
2015-09-22,10.739999771118164,10.75,10.1850004196167,10.1899995803833,7.062557220458984,16007261
2015-09-23,10.180000305175781,10.46500015258789,10.029999732971191,10.029999732971191,6.951662540435791,21150878
2015-09-24,10.020000457763672,10.25,9.899999618530273,10.0600004196167,6.972457408905029,23463590
2015-09-25,10.350000381469727,10.5,10.0649995803833,10.095000267028809,6.9967145919799805,14547742
2015-09-28,10.180000305175781,10.369999885559082,9.979999542236328,10.045000076293945,6.962060451507568,15854404
2015-09-29,10.0,10.3100004196167,9.960000038146973,10.229999542236328,7.090281009674072,23681908
2015-09-30,10.4350004196167,10.4399995803833,10.3100004196167,10.40999984741211,7.215036392211914,17865760
2015-10-01,10.619999885559082,11.050000190734863,10.609999656677246,10.789999961853027,7.478409290313721,36044572
2015-10-02,10.885000228881836,11.149999618530273,10.765000343322754,11.039999961853027,7.651681423187256,14108144
2015-10-05,11.34000015258789,11.829999923706055,11.279999732971191,11.800000190734863,8.178427696228027,15721670
2015-10-06,11.850000381469727,12.135000228881836,11.46500015258789,12.109999656677246,8.393285751342773,24345220
2015-10-07,12.350000381469727,12.670000076293945,12.244999885559082,12.369999885559082,8.573486328125,21790583
2015-10-08,12.369999885559082,12.4350004196167,12.100000381469727,12.335000038146973,8.549229621887207,12692630
2015-10-09,12.550000190734863,12.84000015258789,12.529999732971191,12.625,8.750224113464355,13286166
2015-10-12,12.640000343322754,12.800000190734863,12.239999771118164,12.364999771118164,8.57002067565918,9848533
2015-10-13,12.199999809265137,12.21500015258789,11.770000457763672,12.0600004196167,8.35862922668457,14626745
2015-10-14,11.960000038146973,12.319999694824219,11.854999542236328,12.15999984741211,8.427938461303711,20081315
2015-10-15,12.520000457763672,12.625,11.4350004196167,11.640000343322754,8.067534446716309,22282420
2015-10-16,11.795000076293945,11.989999771118164,11.670000076293945,11.819999694824219,8.192289352416992,19885781
2015-10-19,11.699999809265137,11.755000114440918,11.354999542236328,11.425000190734863,7.918519973754883,15250005
2015-10-20,11.335000038146973,11.380000114440918,11.109999656677246,11.25,7.797230243682861,8554894
2015-10-21,11.28499984741211,11.395000457763672,11.050000190734863,11.300000190734863,7.831882953643799,9695214
2015-10-22,11.244999885559082,11.65999984741211,11.199999809265137,11.640000343322754,8.067534446716309,8525001
2015-10-23,11.789999961853027,11.930000305175781,11.539999961853027,11.574999809265137,8.022481918334961,10292837
2015-10-26,11.574999809265137,11.75,11.475000381469727,11.529999732971191,7.991293907165527,8434588
2015-10-27,11.470000267028809,11.524999618530273,10.9399995803833,11.079999923706055,7.6794047355651855,12575979
2015-10-28,11.0649995803833,11.630000114440918,11.005000114440918,11.574999809265137,8.022481918334961,17248942
2015-10-29,11.614999771118164,11.630000114440918,11.28499984741211,11.479999542236328,7.956640243530273,10414209
2015-10-30,11.550000190734863,11.569999694824219,11.369999885559082,11.475000381469727,7.953174591064453,5575590
2015-11-02,11.399999618530273,11.630000114440918,11.380000114440918,11.569999694824219,8.019017219543457,6192260
2015-11-03,11.600000381469727,12.420000076293945,11.579999923706055,12.420000076293945,8.608142852783203,18887574
2015-11-04,12.460000038146973,12.859999656677246,12.40999984741211,12.555000305175781,8.701708793640137,17796311
2015-11-05,12.479999542236328,12.489999771118164,12.119999885559082,12.289999961853027,8.51803970336914,10999813
2015-11-06,12.295000076293945,12.4350004196167,12.154999732971191,12.295000076293945,8.521506309509277,7808872
2015-11-09,12.3100004196167,12.625,12.149999618530273,12.175000190734863,8.438335418701172,11190053
2015-11-10,12.25,12.295000076293945,12.045000076293945,12.21500015258789,8.466058731079102,6464819
2015-11-11,12.225000381469727,12.395000457763672,12.055000305175781,12.109999656677246,8.393285751342773,9614319
2015-11-12,11.885000228881836,11.885000228881836,11.100000381469727,11.229999542236328,7.78336763381958,25209002
2015-11-13,11.180000305175781,11.475000381469727,10.979999542236328,11.149999618530273,7.727921485900879,10636717
2015-11-16,11.095000267028809,11.539999961853027,11.055000305175781,11.34000015258789,7.859607219696045,14414072
2015-11-17,11.585000038146973,11.90999984741211,11.515000343322754,11.90999984741211,8.254667282104492,12513881
2015-11-18,11.829999923706055,12.1899995803833,11.720000267028809,12.114999771118164,8.396749496459961,10419457
2015-11-19,12.1850004196167,12.329999923706055,12.109999656677246,12.255000114440918,8.493782043457031,13067981
2015-11-20,12.210000038146973,12.244999885559082,11.899999618530273,11.975000381469727,8.299717903137207,7372911
2015-11-23,11.899999618530273,12.114999771118164,11.720000267028809,12.010000228881836,8.323974609375,9183167
2015-11-24,11.920000076293945,12.364999771118164,11.899999618530273,12.3100004196167,8.531902313232422,18747127
2015-11-25,12.3100004196167,12.354999542236328,12.029999732971191,12.239999771118164,8.48338508605957,8297571
2015-11-26,12.199999809265137,12.5649995803833,12.170000076293945,12.46500015258789,8.63932991027832,11839027
2015-11-27,12.380000114440918,12.5,12.295000076293945,12.329999923706055,8.545763969421387,7661377
2015-11-30,12.260000228881836,12.489999771118164,12.1850004196167,12.345000267028809,8.556159973144531,9402467
2015-12-01,12.345000267028809,12.484999656677246,12.244999885559082,12.274999618530273,8.507643699645996,6549656
2015-12-02,12.239999771118164,12.300000190734863,12.0,12.024999618530273,8.334370613098145,10839287
2015-12-03,12.024999618530273,12.274999618530273,11.675000190734863,11.675000190734863,8.091791152954102,16721827
2015-12-04,11.710000038146973,12.085000038146973,11.369999885559082,11.520000457763672,7.984362602233887,23148678
2015-12-07,11.53499984741211,11.545000076293945,10.8100004196167,10.880000114440918,7.5407867431640625,19236107
2015-12-08,10.920000076293945,10.920000076293945,10.46500015258789,10.664999961853027,7.391773700714111,14754339
2015-12-09,10.699999809265137,11.104999542236328,10.46500015258789,10.920000076293945,7.568511009216309,16604952
2015-12-10,10.899999618530273,11.135000228881836,10.8149995803833,10.989999771118164,7.617027282714844,13201489
2015-12-11,10.9399995803833,11.050000190734863,10.609999656677246,10.65999984741211,7.388308525085449,11772178
2015-12-14,10.670000076293945,10.75,10.239999771118164,10.244999885559082,7.100676536560059,13517400
2015-12-15,10.369999885559082,10.739999771118164,10.345000267028809,10.604999542236328,7.350189208984375,22370553
2015-12-16,10.649999618530273,10.9350004196167,10.539999961853027,10.699999809265137,7.416031360626221,16214064
2015-12-17,10.96500015258789,11.074999809265137,10.729999542236328,10.755000114440918,7.454151630401611,13448975
2015-12-18,10.704999923706055,10.954999923706055,10.595000267028809,10.71500015258789,7.426427364349365,15896961
2015-12-21,10.180000305175781,10.329999923706055,9.956000328063965,9.956000328063965,7.2141194343566895,32417163
2015-12-22,10.095000267028809,10.100000381469727,9.951000213623047,10.069999694824219,7.29672384262085,12383333
2015-12-23,10.194999694824219,10.859999656677246,10.194999694824219,10.739999771118164,7.782206058502197,22423374
2015-12-24,10.8149995803833,11.015000343322754,10.755000114440918,10.9399995803833,7.927126884460449,11071605
2015-12-28,10.930000305175781,10.975000381469727,10.46500015258789,10.489999771118164,7.6010565757751465,11220783
2015-12-29,10.579999923706055,10.614999771118164,10.399999618530273,10.479999542236328,7.593810081481934,9746633
2015-12-30,10.460000038146973,10.5,10.229999542236328,10.300000190734863,7.463382720947266,11629856
2015-12-31,10.369999885559082,10.380000114440918,10.119999885559082,10.119999885559082,7.3329548835754395,4903394
2016-01-04,10.194999694824219,10.234999656677246,9.835000038146973,10.0600004196167,7.289478778839111,17132436
2016-01-05,10.170000076293945,10.210000038146973,9.911999702453613,9.970999717712402,7.2249884605407715,19835559
2016-01-06,9.96500015258789,9.970000267028809,9.571999549865723,9.685999870300293,7.018477916717529,9706430
2016-01-07,9.253999710083008,9.383000373840332,9.00100040435791,9.302000045776367,6.740231513977051,20773382
2016-01-08,9.378999710083008,9.460000038146973,8.928999900817871,8.928999900817871,6.469954967498779,11828037
2016-01-11,8.86400032043457,9.192999839782715,8.640000343322754,8.736000061035156,6.330107688903809,11697248
2016-01-12,8.699999809265137,9.112000465393066,8.581000328063965,8.611000061035156,6.239532947540283,14885528
2016-01-13,8.75,9.005000114440918,8.652999877929688,8.82699966430664,6.396046161651611,16617337
2016-01-14,8.765000343322754,9.241000175476074,8.581000328063965,9.065999984741211,6.5692267417907715,15689934
2016-01-15,9.00100040435791,9.003999710083008,8.552000045776367,8.630999565124512,6.254024982452393,22215800
2016-01-18,8.550000190734863,8.762999534606934,8.425999641418457,8.435999870300293,6.112727642059326,13106613
2016-01-19,8.633000373840332,8.784000396728516,8.458999633789062,8.5,6.159101963043213,10870669
2016-01-20,8.279999732971191,8.279999732971191,7.955999851226807,8.02299976348877,5.813467979431152,14443175
2016-01-21,8.050000190734863,8.451000213623047,7.953000068664551,8.359999656677246,6.057657718658447,21263208
2016-01-22,8.850000381469727,9.156000137329102,8.626999855041504,8.937000274658203,6.475752830505371,20291068
2016-01-25,9.024999618530273,9.050000190734863,8.60200023651123,8.652999877929688,6.269966125488281,11772755
2016-01-26,8.394000053405762,9.050000190734863,8.319999694824219,9.024999618530273,6.539516448974609,24948442
2016-01-27,8.98799991607666,8.989999771118164,8.680000305175781,8.82800006866455,6.39677095413208,15610038
2016-01-28,8.82800006866455,9.699999809265137,8.82800006866455,9.295999526977539,6.735883712768555,28240871
2016-01-29,9.562999725341797,9.649999618530273,9.053000450134277,9.491999626159668,6.877905368804932,16800575
2016-02-01,9.489999771118164,9.51200008392334,9.100000381469727,9.206000328063965,6.670670509338379,11323465
2016-02-02,9.09000015258789,9.130999565124512,8.5600004196167,8.67300033569336,6.284457683563232,20486915
2016-02-03,8.626999855041504,8.880000114440918,8.340999603271484,8.62600040435791,6.250401973724365,13760273
2016-02-04,8.979999542236328,9.305999755859375,8.802000045776367,9.206999778747559,6.671393871307373,19663233
2016-02-05,9.168000221252441,9.65999984741211,9.085000038146973,9.512999534606934,6.893121719360352,25096334
2016-02-08,9.510000228881836,9.597999572753906,8.866999626159668,8.949000358581543,6.484447956085205,12840915
2016-02-09,8.96500015258789,9.079999923706055,8.586000442504883,8.633000373840332,6.255474090576172,18970508
2016-02-10,8.619000434875488,9.0,8.520999908447266,8.708000183105469,6.309819221496582,18445347
2016-02-11,8.5649995803833,8.5649995803833,8.062999725341797,8.234999656677246,5.967082977294922,19134150
2016-02-12,8.531000137329102,8.788999557495117,8.35099983215332,8.788000106811523,6.3677873611450195,15593640
2016-02-15,9.0600004196167,9.0649995803833,8.720000267028809,8.968000411987305,6.498215198516846,14312854
2016-02-16,9.244999885559082,9.289999961853027,8.680999755859375,8.770000457763672,6.354743480682373,14868500
2016-02-17,8.789999961853027,9.25,8.65999984741211,9.25,6.70255184173584,18690600
2016-02-18,9.239999771118164,9.675999641418457,9.010000228881836,9.062999725341797,6.567051887512207,17908580
2016-02-19,9.055000305175781,9.220000267028809,8.75,8.848999977111816,6.4119873046875,14857114
2016-02-22,9.0,9.265000343322754,8.951000213623047,9.239999771118164,6.695305347442627,12616465
2016-02-23,9.109999656677246,9.322999954223633,8.899999618530273,8.9350004196167,6.474302768707275,11283209
2016-02-24,8.800000190734863,8.833000183105469,8.463000297546387,8.581000328063965,6.217795372009277,13938923
2016-02-25,8.800000190734863,9.26099967956543,8.46399974822998,8.8149995803833,6.387351036071777,19920528
2016-02-26,8.979999542236328,9.5,8.979999542236328,9.47599983215332,6.866312026977539,19584401
2016-02-29,9.375,9.567999839782715,9.220999717712402,9.52400016784668,6.901092529296875,12900763
2016-03-01,9.710000038146973,9.994999885559082,9.649999618530273,9.906999588012695,7.178613662719727,26901354
2016-03-02,10.020000457763672,10.270000457763672,9.8100004196167,10.204999923706055,7.394546031951904,17281690
2016-03-03,10.300000190734863,10.654999732971191,10.140000343322754,10.555000305175781,7.648155689239502,16369204
2016-03-04,10.654999732971191,10.75,10.40999984741211,10.640000343322754,7.709747791290283,9844514
2016-03-07,10.630000114440918,11.024999618530273,10.5,10.925000190734863,7.916257381439209,14172272
2016-03-08,10.885000228881836,10.960000038146973,10.475000381469727,10.609999656677246,7.688009262084961,22512602
2016-03-09,10.569999694824219,10.75,10.34000015258789,10.600000381469727,7.680763244628906,30562456
2016-03-10,10.625,10.854999542236328,10.225000381469727,10.225000381469727,7.40903902053833,17424159
2016-03-11,10.364999771118164,10.579999923706055,10.324999809265137,10.555000305175781,7.648155689239502,14900464
2016-03-14,10.520000457763672,10.699999809265137,10.414999961853027,10.600000381469727,7.680763244628906,8539399
2016-03-15,10.5649995803833,10.569999694824219,10.354999542236328,10.359999656677246,7.506859302520752,13741234
2016-03-16,10.414999961853027,10.539999961853027,10.319999694824219,10.430000305175781,7.557580947875977,12146072
2016-03-17,10.600000381469727,10.835000038146973,10.484999656677246,10.6899995803833,7.74597692489624,32812206
2016-03-18,10.729999542236328,10.75,10.4350004196167,10.539999961853027,7.6372880935668945,16112649
2016-03-21,10.470000267028809,10.654999732971191,10.359999656677246,10.454999923706055,7.575695037841797,13038323
2016-03-22,10.4350004196167,10.5600004196167,10.239999771118164,10.40999984741211,7.543087959289551,16198890
2016-03-23,10.385000228881836,10.430000305175781,10.029999732971191,10.130000114440918,7.340200424194336,9259198
2016-03-24,10.010000228881836,10.024999618530273,9.810999870300293,9.946999549865723,7.207598686218262,9753379
2016-03-29,9.989999771118164,10.149999618530273,9.765999794006348,9.869999885559082,7.151803970336914,5768678
2016-03-30,9.916999816894531,10.234999656677246,9.916999816894531,10.069999694824219,7.29672384262085,17673089
2016-03-31,10.0,10.0,9.826000213623047,9.920000076293945,7.188034534454346,13293217
2016-04-01,9.800000190734863,9.954000473022461,9.515000343322754,9.619000434875488,6.969930171966553,12597899
2016-04-04,9.550000190734863,9.694999694824219,9.45300006866455,9.581999778747559,6.943119049072266,7432012
2016-04-05,9.359000205993652,9.425999641418457,9.210000038146973,9.321000099182129,6.753997802734375,19900077
2016-04-06,9.380000114440918,9.52400016784668,9.151000022888184,9.319999694824219,6.753273010253906,13017417
2016-04-07,9.38700008392334,9.434000015258789,9.142999649047852,9.211000442504883,6.6742939949035645,8786290
2016-04-08,9.241999626159668,9.508999824523926,9.241999626159668,9.472000122070312,6.863412857055664,7863474
2016-04-11,9.493000030517578,9.687000274658203,9.295999526977539,9.605999946594238,6.960509777069092,40788012
2016-04-12,9.70199966430664,9.958999633789062,9.633999824523926,9.920999526977539,7.188758850097656,25845087
2016-04-13,10.069999694824219,10.5649995803833,10.03499984741211,10.5649995803833,7.655401229858398,13828787
2016-04-14,10.510000228881836,10.744999885559082,10.350000381469727,10.579999923706055,7.6662702560424805,11509912
2016-04-15,10.555000305175781,10.680000305175781,10.364999771118164,10.5,7.608301639556885,7917254
2016-04-18,9.925000190734863,10.579999923706055,9.84000015258789,10.550000190734863,7.644532680511475,11711879
2016-04-19,10.699999809265137,10.9399995803833,10.630000114440918,10.914999961853027,7.909011363983154,11422690
2016-04-20,10.835000038146973,11.220000267028809,10.765000343322754,11.220000267028809,8.130014419555664,12062406
2016-04-21,11.25,11.449999809265137,11.210000038146973,11.350000381469727,8.224212646484375,15501523
2016-04-22,11.335000038146973,11.369999885559082,11.135000228881836,11.329999923706055,8.209720611572266,14714382
2016-04-25,11.279999732971191,11.329999923706055,11.020000457763672,11.09000015258789,8.035818099975586,7098338
2016-04-26,11.104999542236328,11.4350004196167,11.074999809265137,11.395000457763672,8.256819725036621,13701428
2016-04-27,11.449999809265137,11.800000190734863,11.420000076293945,11.65999984741211,8.448837280273438,9818454
2016-04-28,11.640000343322754,11.789999961853027,11.425000190734863,11.760000228881836,8.5212984085083,6569087
2016-04-29,11.614999771118164,11.725000381469727,11.444999694824219,11.444999694824219,8.293049812316895,8210951
2016-05-02,11.529999732971191,11.5600004196167,11.204999923706055,11.350000381469727,8.224212646484375,5374052
2016-05-03,11.319999694824219,11.354999542236328,10.774999618530273,10.84000015258789,7.8546671867370605,8866284
2016-05-04,10.819999694824219,11.010000228881836,10.789999961853027,10.800000190734863,7.82568359375,10024667
2016-05-05,11.4399995803833,11.539999961853027,11.1850004196167,11.305000305175781,8.191607475280762,14209665
2016-05-06,11.21500015258789,11.475000381469727,10.989999771118164,11.414999961853027,8.271312713623047,7223706
2016-05-09,11.515000343322754,11.550000190734863,11.03499984741211,11.074999809265137,8.024948120117188,8063320
2016-05-10,11.175000190734863,11.359999656677246,11.055000305175781,11.28499984741211,8.177112579345703,7786651
2016-05-11,11.255000114440918,11.319999694824219,11.010000228881836,11.244999885559082,8.1481294631958,10150204
2016-05-12,11.225000381469727,11.75,11.1850004196167,11.40999984741211,8.26768970489502,12074591
2016-05-13,11.359999656677246,11.574999809265137,11.28499984741211,11.520000457763672,8.347395896911621,7407862
2016-05-16,11.449999809265137,11.720000267028809,11.380000114440918,11.619999885559082,8.419855117797852,4181643
2016-05-17,11.729999542236328,11.819999694824219,11.454999923706055,11.619999885559082,8.419855117797852,7667183
2016-05-18,11.585000038146973,11.729999542236328,11.470000267028809,11.699999809265137,8.477822303771973,5976721
2016-05-19,11.550000190734863,11.614999771118164,11.109999656677246,11.194999694824219,8.111899375915527,17136827
2016-05-20,11.300000190734863,11.460000038146973,11.234999656677246,11.300000190734863,8.187982559204102,6485248
2016-05-23,11.300000190734863,11.300000190734863,11.100000381469727,11.199999809265137,8.115522384643555,6112066
2016-05-24,11.199999809265137,11.550000190734863,11.180000305175781,11.510000228881836,8.340147972106934,9957872
2016-05-25,11.600000381469727,11.984999656677246,11.59000015258789,11.9350004196167,8.648104667663574,10573455
2016-05-26,11.949999809265137,12.050000190734863,11.779999732971191,11.869999885559082,8.601005554199219,9020725
2016-05-27,11.760000228881836,11.880000114440918,11.6899995803833,11.84000015258789,8.579266548156738,6231207
2016-05-30,11.850000381469727,11.885000228881836,11.71500015258789,11.880000114440918,8.608251571655273,4498108
2016-05-31,11.9399995803833,11.9399995803833,11.574999809265137,11.574999809265137,8.387248039245605,9779058
2016-06-01,11.5,11.520000457763672,11.25,11.425000190734863,8.278556823730469,7951592
2016-06-02,11.510000228881836,11.755000114440918,11.34000015258789,11.4350004196167,8.28580379486084,25611370
2016-06-03,11.510000228881836,11.6850004196167,11.229999542236328,11.289999961853027,8.180736541748047,6325507
2016-06-06,11.354999542236328,11.739999771118164,11.335000038146973,11.649999618530273,8.4415922164917,7650979
2016-06-07,11.720000267028809,11.9350004196167,11.720000267028809,11.885000228881836,8.611876487731934,10114639
2016-06-08,11.835000038146973,12.0,11.819999694824219,11.914999961853027,8.633610725402832,10835967
2016-06-09,11.859999656677246,11.899999618530273,11.595000267028809,11.654999732971191,8.445216178894043,6878519
2016-06-10,11.574999809265137,11.579999923706055,11.255000114440918,11.350000381469727,8.224212646484375,16758164
2016-06-13,11.164999961853027,11.274999618530273,11.03499984741211,11.170000076293945,8.09378433227539,14242990
2016-06-14,11.024999618530273,11.114999771118164,10.890000343322754,10.890000343322754,7.890896320343018,8240430
2016-06-15,10.979999542236328,11.104999542236328,10.800000190734863,10.975000381469727,7.952486991882324,10745767
2016-06-16,10.640000343322754,10.744999885559082,10.5,10.710000038146973,7.9725871086120605,11477436
2016-06-17,10.75,11.079999923706055,10.670000076293945,10.994999885559082,8.184741973876953,17407318
2016-06-20,11.1850004196167,11.335000038146973,11.135000228881836,11.289999961853027,8.404342651367188,16760089
2016-06-21,11.25,11.4399995803833,11.204999923706055,11.380000114440918,8.47133731842041,8104273
2016-06-22,11.420000076293945,11.5649995803833,11.28499984741211,11.390000343322754,8.47878360748291,10046438
2016-06-23,11.414999961853027,11.699999809265137,11.369999885559082,11.699999809265137,8.70954704284668,10106897
2016-06-24,9.600000381469727,10.989999771118164,9.600000381469727,10.420000076293945,7.756707191467285,27883464
2016-06-27,10.454999923706055,10.699999809265137,10.119999885559082,10.204999923706055,7.59666109085083,11684231
2016-06-28,10.524999618530273,10.595000267028809,10.324999809265137,10.505000114440918,7.819982528686523,8594937
2016-06-29,10.770000457763672,11.289999961853027,10.744999885559082,11.279999732971191,8.39689826965332,12669004
2016-06-30,11.1850004196167,11.600000381469727,11.100000381469727,11.40999984741211,8.493671417236328,9780152
2016-07-01,11.5,11.680000305175781,11.364999771118164,11.675000190734863,8.690938949584961,9878178
2016-07-04,11.710000038146973,11.779999732971191,11.550000190734863,11.574999809265137,8.616497039794922,3903672
2016-07-05,11.494999885559082,11.545000076293945,11.21500015258789,11.385000228881836,8.47506046295166,7003420
2016-07-06,11.300000190734863,11.380000114440918,11.024999618530273,11.180000305175781,8.322457313537598,6751257
2016-07-07,11.289999961853027,11.46500015258789,11.260000228881836,11.390000343322754,8.47878360748291,7321815
2016-07-08,11.300000190734863,11.680000305175781,11.25,11.649999618530273,8.672327041625977,8807319
2016-07-11,11.71500015258789,11.739999771118164,11.46500015258789,11.729999542236328,8.731881141662598,5340297
2016-07-12,11.744999885559082,12.220000267028809,11.729999542236328,12.145000457763672,9.040807723999023,12053626
2016-07-13,12.119999885559082,12.260000228881836,12.0,12.0,8.932869911193848,9236596
2016-07-14,12.145000457763672,12.244999885559082,11.975000381469727,12.1850004196167,9.070585250854492,6824303
2016-07-15,12.140000343322754,12.175000190734863,12.045000076293945,12.145000457763672,9.040807723999023,4812416
2016-07-18,12.1899995803833,12.270000457763672,12.029999732971191,12.039999961853027,8.962647438049316,6038185
2016-07-19,11.984999656677246,12.074999809265137,11.729999542236328,11.824999809265137,8.802597999572754,9291775
2016-07-20,11.979999542236328,11.979999542236328,11.59000015258789,11.805000305175781,8.787712097167969,9054991
2016-07-21,11.850000381469727,12.140000343322754,11.789999961853027,12.074999809265137,8.988699913024902,8660432
2016-07-22,11.979999542236328,12.050000190734863,11.869999885559082,11.979999542236328,8.91798210144043,8509819
2016-07-25,12.029999732971191,12.03499984741211,11.680000305175781,11.765000343322754,8.757935523986816,7086636
2016-07-26,11.725000381469727,11.734999656677246,11.345000267028809,11.545000076293945,8.594164848327637,10584732
2016-07-27,11.654999732971191,11.854999542236328,11.574999809265137,11.649999618530273,8.672327041625977,7914738
2016-07-28,11.645000457763672,11.645000457763672,11.180000305175781,11.239999771118164,8.367122650146484,7409767
2016-07-29,11.265000343322754,11.354999542236328,11.149999618530273,11.274999618530273,8.393176078796387,10355076
2016-08-01,11.395000457763672,11.420000076293945,11.109999656677246,11.109999656677246,8.270350456237793,7053260
2016-08-02,11.09000015258789,11.125,10.885000228881836,10.890000343322754,8.106579780578613,11626578
2016-08-03,10.875,11.039999961853027,10.8100004196167,10.970000267028809,8.166131973266602,7145402
2016-08-04,11.119999885559082,11.395000457763672,11.109999656677246,11.345000267028809,8.445283889770508,7917248
2016-08-05,11.399999618530273,11.550000190734863,11.390000343322754,11.5,8.56066608428955,4938497
2016-08-08,11.625,11.654999732971191,11.53499984741211,11.630000114440918,8.657440185546875,3547294
2016-08-09,11.579999923706055,11.779999732971191,11.545000076293945,11.734999656677246,8.735602378845215,3577199
2016-08-10,11.694999694824219,11.8100004196167,11.635000228881836,11.71500015258789,8.72071361541748,4008701
2016-08-11,11.755000114440918,11.890000343322754,11.555000305175781,11.890000343322754,8.850984573364258,3914964
2016-08-12,11.9399995803833,12.03499984741211,11.854999542236328,11.920000076293945,8.87331771850586,4161987
2016-08-15,11.9350004196167,12.109999656677246,11.850000381469727,12.09000015258789,8.99986743927002,3476187
2016-08-16,11.984999656677246,12.390000343322754,11.914999961853027,12.21500015258789,9.092917442321777,7113042
2016-08-17,12.279999732971191,12.28499984741211,11.979999542236328,12.029999732971191,8.95520305633545,5737508
2016-08-18,12.194999694824219,12.234999656677246,12.015000343322754,12.164999961853027,9.055697441101074,3890789
2016-08-19,12.229999542236328,12.229999542236328,11.90999984741211,12.005000114440918,8.936592102050781,4856523
2016-08-22,11.949999809265137,12.050000190734863,11.800000190734863,11.920000076293945,8.87331771850586,3133359
2016-08-23,11.960000038146973,12.03499984741211,11.914999961853027,12.0,8.932869911193848,4133872
2016-08-24,11.885000228881836,12.079999923706055,11.829999923706055,12.0,8.932869911193848,10680222
2016-08-25,11.949999809265137,12.024999618530273,11.880000114440918,11.975000381469727,8.914259910583496,3299343
2016-08-26,11.954999923706055,12.119999885559082,11.90999984741211,12.085000038146973,8.996146202087402,2661568
2016-08-29,11.975000381469727,12.03499984741211,11.895000457763672,11.925000190734863,8.877038955688477,3004047
2016-08-30,11.9350004196167,12.154999732971191,11.895000457763672,12.09000015258789,8.99986743927002,3618892
2016-08-31,12.024999618530273,12.15999984741211,11.960000038146973,12.039999961853027,8.962647438049316,6424742
2016-09-01,12.029999732971191,12.510000228881836,12.024999618530273,12.180000305175781,9.066863059997559,9931248
2016-09-02,12.295000076293945,12.574999809265137,12.180000305175781,12.524999618530273,9.32368278503418,7496152
2016-09-05,12.479999542236328,12.6899995803833,12.46500015258789,12.520000457763672,9.319960594177246,5457622
2016-09-06,12.609999656677246,12.619999885559082,12.329999923706055,12.359999656677246,9.200855255126953,5455582
2016-09-07,12.399999618530273,12.635000228881836,12.395000457763672,12.614999771118164,9.390679359436035,5524098
2016-09-08,12.595000267028809,12.890000343322754,12.59000015258789,12.78499984741211,9.517228126525879,7307948
2016-09-09,12.800000190734863,12.890000343322754,12.550000190734863,12.595000267028809,9.375791549682617,5717080
2016-09-12,12.34000015258789,12.40999984741211,12.234999656677246,12.40999984741211,9.238075256347656,6697898
2016-09-13,12.404999732971191,12.5,12.069999694824219,12.104999542236328,9.011032104492188,9732365
2016-09-14,12.114999771118164,12.199999809265137,11.859999656677246,11.96500015258789,8.906815528869629,7915404
2016-09-15,11.9399995803833,12.069999694824219,11.890000343322754,12.029999732971191,8.95520305633545,7763683
2016-09-16,11.949999809265137,11.970000267028809,11.725000381469727,11.770000457763672,8.76165771484375,12272724
2016-09-19,11.914999961853027,12.045000076293945,11.899999618530273,11.9350004196167,8.88448429107666,4470560
2016-09-20,11.869999885559082,11.90999984741211,11.779999732971191,11.83489990234375,8.809968948364258,11078489
2016-09-21,11.925000190734863,11.9399995803833,11.800000190734863,11.864999771118164,8.83237361907959,6346782
2016-09-22,12.0,12.09000015258789,11.960000038146973,11.979999542236328,8.91798210144043,10718342
2016-09-23,11.949999809265137,12.020000457763672,11.869999885559082,11.984999656677246,8.92170524597168,8086506
2016-09-26,11.835000038146973,11.895000457763672,11.694999694824219,11.84000015258789,8.813764572143555,5406071
2016-09-27,11.9399995803833,11.9399995803833,11.505000114440918,11.555000305175781,8.60161018371582,8959710
2016-09-28,11.654999732971191,11.765000343322754,11.604999542236328,11.670000076293945,8.687215805053711,6226022
2016-09-29,12.140000343322754,12.244999885559082,12.050000190734863,12.104999542236328,9.011032104492188,13861681
2016-09-30,11.9350004196167,12.140000343322754,11.729999542236328,12.074999809265137,8.988699913024902,6863839
2016-10-03,12.100000381469727,12.229999542236328,12.005000114440918,12.045000076293945,8.966368675231934,4534375
2016-10-04,12.114999771118164,12.25,12.069999694824219,12.199999809265137,9.081750869750977,4695576
2016-10-05,12.104999542236328,12.329999923706055,12.050000190734863,12.300000190734863,9.156192779541016,5451095
2016-10-06,12.295000076293945,12.345000267028809,12.180000305175781,12.28499984741211,9.145024299621582,5245259
2016-10-07,12.295000076293945,12.430000305175781,12.199999809265137,12.3149995803833,9.167356491088867,6109128
2016-10-10,12.329999923706055,12.75,12.255000114440918,12.6850004196167,9.442789077758789,7713980
2016-10-11,12.630000114440918,12.8149995803833,12.555000305175781,12.59000015258789,9.372069358825684,5281440
2016-10-12,12.630000114440918,12.829999923706055,12.53499984741211,12.65999984741211,9.424178123474121,6451327
2016-10-13,12.545000076293945,12.675000190734863,12.470000267028809,12.670000076293945,9.431622505187988,6521792
2016-10-14,12.550000190734863,12.8100004196167,12.5,12.6899995803833,9.446508407592773,7122282
2016-10-17,12.654999732971191,12.654999732971191,12.430000305175781,12.475000381469727,9.286463737487793,7186061
2016-10-18,12.579999923706055,12.765000343322754,12.579999923706055,12.664999961853027,9.427899360656738,4791508
2016-10-19,12.75,12.920000076293945,12.675000190734863,12.850000381469727,9.565614700317383,7342300
2016-10-20,12.90999984741211,13.050000190734863,12.875,13.0,9.677275657653809,9503495
2016-10-21,12.970000267028809,13.0,12.84000015258789,12.975000381469727,9.658665657043457,4396839
2016-10-24,13.045000076293945,13.194999694824219,13.015000343322754,13.0649995803833,9.725662231445312,5837625
2016-10-25,13.010000228881836,13.125,12.859999656677246,12.949999809265137,9.640055656433105,5813631
2016-10-26,12.914999961853027,13.0600004196167,12.755000114440918,12.90999984741211,9.610279083251953,5031953
2016-10-27,12.885000228881836,12.975000381469727,12.779999732971191,12.9399995803833,9.632611274719238,7254959
2016-10-28,12.84000015258789,12.970000267028809,12.78499984741211,12.970000267028809,9.654943466186523,3800274
2016-10-31,12.84000015258789,12.90999984741211,12.694999694824219,12.765000343322754,9.502341270446777,6272677
2016-11-01,12.850000381469727,12.895000457763672,12.604999542236328,12.654999732971191,9.420456886291504,5581950
2016-11-02,12.600000381469727,12.600000381469727,12.3149995803833,12.354999542236328,9.19713306427002,5906913
2016-11-03,12.300000190734863,12.619999885559082,12.100000381469727,12.5,9.305073738098145,8270467
2016-11-04,12.539999961853027,12.5600004196167,12.270000457763672,12.404999732971191,9.234354019165039,7827631
2016-11-07,12.640000343322754,12.640000343322754,12.420000076293945,12.479999542236328,9.290184020996094,4771430
2016-11-08,12.555000305175781,12.579999923706055,12.430000305175781,12.520000457763672,9.319960594177246,4177820
2016-11-09,12.109999656677246,12.635000228881836,12.010000228881836,12.635000228881836,9.405567169189453,8143010
2016-11-10,12.75,12.989999771118164,12.404999732971191,12.489999771118164,9.297629356384277,9009349
2016-11-11,12.5600004196167,12.604999542236328,12.145000457763672,12.154999732971191,9.04825210571289,7483370
2016-11-14,12.295000076293945,12.359999656677246,12.0,12.119999885559082,9.022198677062988,6163271
2016-11-15,12.295000076293945,12.399999618530273,12.229999542236328,12.359999656677246,9.200855255126953,6630724
2016-11-16,12.484999656677246,12.545000076293945,12.234999656677246,12.335000038146973,9.182247161865234,6523505
2016-11-17,12.324999809265137,12.489999771118164,12.234999656677246,12.399999618530273,9.230631828308105,4189996
2016-11-18,12.404999732971191,12.414999961853027,12.104999542236328,12.164999961853027,9.055697441101074,7093576
2016-11-21,12.295000076293945,12.404999732971191,12.199999809265137,12.289999961853027,9.148747444152832,5556339
2016-11-22,12.484999656677246,12.505000114440918,12.270000457763672,12.3100004196167,9.163636207580566,5834708
2016-11-23,12.390000343322754,12.420000076293945,12.25,12.279999732971191,9.141303062438965,5163491
2016-11-24,12.34000015258789,12.345000267028809,12.239999771118164,12.300000190734863,9.156192779541016,4079147
2016-11-25,12.255000114440918,12.305000305175781,12.135000228881836,12.1850004196167,9.070585250854492,3375156
2016-11-28,12.149999618530273,12.204999923706055,12.010000228881836,12.114999771118164,9.018476486206055,5427010
2016-11-29,12.050000190734863,12.1850004196167,11.984999656677246,12.079999923706055,8.992422103881836,8316913
2016-11-30,12.109999656677246,12.760000228881836,12.104999542236328,12.600000381469727,9.379514694213867,16811927
2016-12-01,12.8100004196167,12.970000267028809,12.75,12.895000457763672,9.599113464355469,17861920
2016-12-02,12.800000190734863,12.875,12.699999809265137,12.755000114440918,9.49489688873291,8099255
2016-12-05,12.6899995803833,12.9350004196167,12.670000076293945,12.904999732971191,9.60655689239502,5942213
2016-12-06,12.930000305175781,12.960000038146973,12.84000015258789,12.899999618530273,9.602834701538086,7727372
2016-12-07,13.005000114440918,13.0649995803833,12.90999984741211,12.984999656677246,9.666109085083008,13163487
2016-12-08,12.994999885559082,13.25,12.9350004196167,13.114999771118164,9.762883186340332,9245902
2016-12-09,13.09000015258789,13.104999542236328,12.875,12.904999732971191,9.60655689239502,28535807
2016-12-12,13.149999618530273,13.28499984741211,13.085000038146973,13.114999771118164,9.762883186340332,11319816
2016-12-13,13.109999656677246,13.1899995803833,13.03499984741211,13.1899995803833,9.81871223449707,12637795
2016-12-14,13.220000267028809,13.300000190734863,13.135000228881836,13.199999809265137,9.826156616210938,13684685
2016-12-15,13.210000038146973,13.3149995803833,13.050000190734863,13.295000076293945,9.896875381469727,9113428
2016-12-16,13.369999885559082,13.864999771118164,13.359999656677246,13.824999809265137,10.291410446166992,34070906
2016-12-19,13.550000190734863,13.585000038146973,13.3100004196167,13.369999885559082,10.199864387512207,9934103
2016-12-20,13.399999618530273,13.675000190734863,13.359999656677246,13.600000381469727,10.37532901763916,7058149
2016-12-21,13.600000381469727,13.600000381469727,13.399999618530273,13.470000267028809,10.276152610778809,7605948
2016-12-22,13.399999618530273,13.494999885559082,13.3100004196167,13.420000076293945,10.238008499145508,6436832
2016-12-23,13.479999542236328,13.510000228881836,13.375,13.4350004196167,10.2494535446167,5005469
2016-12-27,13.899999618530273,13.899999618530273,13.385000228881836,13.475000381469727,10.27996826171875,8791084
2016-12-28,13.425000190734863,13.529999732971191,13.399999618530273,13.399999618530273,10.222749710083008,19888418
2016-12-29,13.399999618530273,13.539999961853027,13.375,13.479999542236328,10.283782005310059,3900150
2016-12-30,13.449999809265137,13.5,13.390000343322754,13.420000076293945,10.238008499145508,3203652
2017-01-02,13.399999618530273,13.524999618530273,13.375,13.524999618530273,10.318111419677734,2158184
2017-01-03,13.574999809265137,13.770000457763672,13.53499984741211,13.630000114440918,10.398216247558594,5444583
2017-01-04,13.65999984741211,13.739999771118164,13.5649995803833,13.65999984741211,10.421102523803711,6764967
2017-01-05,13.625,13.725000381469727,13.585000038146973,13.680000305175781,10.436361312866211,5356231
2017-01-06,13.6850004196167,13.720000267028809,13.614999771118164,13.699999809265137,10.451618194580078,3994547
2017-01-09,13.720000267028809,13.720000267028809,13.484999656677246,13.569999694824219,10.352441787719727,11268690
2017-01-10,13.645000457763672,13.819999694824219,13.579999923706055,13.720000267028809,10.466875076293945,7520291
2017-01-11,13.779999732971191,13.975000381469727,13.649999618530273,13.899999618530273,10.604195594787598,15549417
2017-01-12,13.824999809265137,14.220000267028809,13.824999809265137,14.029999732971191,10.70337200164795,9527057
2017-01-13,14.140000343322754,14.279999732971191,14.015000343322754,14.210000038146973,10.840693473815918,6886207
2017-01-16,14.130000114440918,14.21500015258789,14.039999961853027,14.104999542236328,10.760589599609375,4278821
2017-01-17,14.100000381469727,14.149999618530273,13.984999656677246,14.104999542236328,10.760589599609375,5516335
2017-01-18,14.170000076293945,14.210000038146973,14.039999961853027,14.130000114440918,10.779662132263184,5537849
2017-01-19,14.130000114440918,14.194999694824219,14.005000114440918,14.100000381469727,10.756775856018066,4695043
2017-01-20,14.100000381469727,14.28499984741211,14.079999923706055,14.194999694824219,10.829249382019043,6556137
2017-01-23,14.100000381469727,14.130000114440918,13.9350004196167,14.0,10.680486679077148,7454502
2017-01-24,14.055000305175781,14.125,14.005000114440918,14.079999923706055,10.7415189743042,5031658
2017-01-25,14.204999923706055,14.364999771118164,14.114999771118164,14.25,10.871209144592285,9784889
2017-01-26,14.305000305175781,14.364999771118164,14.135000228881836,14.199999809265137,10.833064079284668,4886977
2017-01-27,14.21500015258789,14.234999656677246,14.024999618530273,14.09000015258789,10.7491455078125,6270586
2017-01-30,14.020000457763672,14.020000457763672,13.664999961853027,13.765000343322754,10.50120735168457,8382654
2017-01-31,13.6850004196167,13.779999732971191,13.604999542236328,13.65999984741211,10.421102523803711,6164595
2017-02-01,13.755000114440918,13.824999809265137,13.600000381469727,13.664999961853027,10.424917221069336,10908766
2017-02-02,13.604999542236328,13.890000343322754,13.604999542236328,13.75,10.489762306213379,5201768
2017-02-03,13.744999885559082,14.024999618530273,13.699999809265137,13.920000076293945,10.619454383850098,5397934
2017-02-06,13.899999618530273,13.989999771118164,13.795000076293945,13.854999542236328,10.569865226745605,5441979
2017-02-07,13.75,13.875,13.609999656677246,13.654999732971191,10.41728687286377,6203865
2017-02-08,13.71500015258789,13.739999771118164,13.295000076293945,13.539999961853027,10.329554557800293,8730031
2017-02-09,13.59000015258789,13.755000114440918,13.510000228881836,13.720000267028809,10.466875076293945,5027654
2017-02-10,13.805000305175781,13.84000015258789,13.635000228881836,13.680000305175781,10.436361312866211,4627911
2017-02-13,13.75,14.024999618530273,13.734999656677246,13.949999809265137,10.642341613769531,8675091
2017-02-14,13.9350004196167,13.989999771118164,13.864999771118164,13.930000305175781,10.627083778381348,3067249
2017-02-15,13.960000038146973,14.0,13.84000015258789,13.925000190734863,10.623270034790039,4414449
2017-02-16,13.899999618530273,13.960000038146973,13.829999923706055,13.895000457763672,10.600382804870605,3952105
2017-02-17,13.819999694824219,13.84000015258789,13.479999542236328,13.625,10.394401550292969,11001642
2017-02-20,13.739999771118164,13.789999961853027,13.6850004196167,13.720000267028809,10.466875076293945,6418213
2017-02-21,13.619999885559082,13.970000267028809,13.585000038146973,13.789999961853027,10.52027702331543,6086278
2017-02-22,13.859999656677246,13.925000190734863,13.555000305175781,13.694999694824219,10.447802543640137,11935450
2017-02-23,13.869999885559082,14.0,13.725000381469727,13.890000343322754,10.59656810760498,9242367
2017-02-24,13.9399995803833,13.984999656677246,13.65999984741211,13.819999694824219,10.54316520690918,7009008
2017-02-27,13.9350004196167,13.9399995803833,13.704999923706055,13.795000076293945,10.524093627929688,6174514
2017-02-28,13.890000343322754,14.0649995803833,13.890000343322754,14.0,10.680486679077148,5502829
2017-03-01,14.069999694824219,14.324999809265137,14.069999694824219,14.295000076293945,10.905538558959961,5523775
2017-03-02,14.295000076293945,14.350000381469727,14.25,14.295000076293945,10.905538558959961,4328184
2017-03-03,14.274999618530273,14.364999771118164,14.079999923706055,14.295000076293945,10.905538558959961,5058104
2017-03-06,14.220000267028809,14.34000015258789,14.15999984741211,14.3149995803833,10.920796394348145,5152192
2017-03-07,14.300000190734863,14.350000381469727,14.220000267028809,14.335000038146973,10.936054229736328,5593060
2017-03-08,14.25,14.3100004196167,14.175000190734863,14.239999771118164,10.863579750061035,5652158
2017-03-09,14.100000381469727,14.210000038146973,13.755000114440918,14.074999809265137,10.737703323364258,18413244
2017-03-10,14.720000267028809,14.739999771118164,14.359999656677246,14.425000190734863,11.004714965820312,17492959
2017-03-13,14.449999809265137,14.449999809265137,14.3149995803833,14.404999732971191,10.989456176757812,9396723
2017-03-14,14.369999885559082,14.395000457763672,13.984999656677246,14.100000381469727,10.756775856018066,14616515
2017-03-15,14.1899995803833,14.380000114440918,14.175000190734863,14.274999618530273,10.890280723571777,8129987
2017-03-16,14.460000038146973,14.569999694824219,14.4350004196167,14.484999656677246,11.050487518310547,8414085
2017-03-17,14.425000190734863,14.619999885559082,14.375,14.5600004196167,11.107705116271973,12108146
2017-03-20,14.505000114440918,14.545000076293945,14.420000076293945,14.460000038146973,11.031416893005371,4219919
2017-03-21,14.505000114440918,14.65999984741211,14.425000190734863,14.475000381469727,11.042859077453613,6149444
2017-03-22,14.395000457763672,14.494999885559082,14.324999809265137,14.454999923706055,11.027600288391113,10432239
2017-03-23,14.5,14.555000305175781,14.380000114440918,14.555000305175781,11.103890419006348,6572353
2017-03-24,14.510000228881836,14.529999732971191,14.3149995803833,14.369999885559082,10.96275520324707,5263763
2017-03-27,14.25,14.324999809265137,14.180000305175781,14.295000076293945,10.905538558959961,6319337
2017-03-28,14.3100004196167,14.354999542236328,14.1850004196167,14.335000038146973,10.936054229736328,5244546
2017-03-29,14.369999885559082,14.399999618530273,14.1899995803833,14.390000343322754,10.978013038635254,4777325
2017-03-30,14.444999694824219,14.619999885559082,14.40999984741211,14.600000381469727,11.13822078704834,7004574
2017-03-31,14.5,14.609999656677246,14.404999732971191,14.475000381469727,11.042859077453613,5236902
2017-04-03,14.53499984741211,14.5600004196167,14.295000076293945,14.305000305175781,10.913167953491211,4617544
2017-04-04,14.28499984741211,14.395000457763672,14.28499984741211,14.390000343322754,10.978013038635254,14655845
2017-04-05,14.470000267028809,14.835000038146973,14.46500015258789,14.649999618530273,11.176365852355957,8568021
2017-04-06,14.515000343322754,14.864999771118164,14.5,14.824999809265137,11.3098726272583,8177481
2017-04-07,14.869999885559082,15.0,14.854999542236328,14.994999885559082,11.439563751220703,8483316
2017-04-10,15.0,15.0649995803833,14.859999656677246,14.9399995803833,11.397603988647461,20025954
2017-04-11,14.835000038146973,15.0,14.75,14.854999542236328,11.332757949829102,16290347
2017-04-12,14.944999694824219,15.0600004196167,14.800000190734863,14.835000038146973,11.317500114440918,6891930
2017-04-13,14.789999961853027,14.824999809265137,14.664999961853027,14.720000267028809,11.229767799377441,2974445
2017-04-18,14.739999771118164,14.789999961853027,14.395000457763672,14.395000457763672,10.981828689575195,11805334
2017-04-19,14.324999809265137,14.46500015258789,14.28499984741211,14.385000228881836,10.974200248718262,15774349
2017-04-20,14.300000190734863,14.484999656677246,14.260000228881836,14.40999984741211,10.993271827697754,5264274
2017-04-21,14.359999656677246,14.399999618530273,14.229999542236328,14.295000076293945,10.905538558959961,10155366
2017-04-24,14.694999694824219,14.739999771118164,14.59000015258789,14.675000190734863,11.195438385009766,7681992
2017-04-25,14.699999809265137,14.819999694824219,14.619999885559082,14.774999618530273,11.271727561950684,8349584
2017-04-26,14.774999618530273,14.859999656677246,14.694999694824219,14.8149995803833,11.302242279052734,3864633
2017-04-27,14.739999771118164,14.744999885559082,14.484999656677246,14.5600004196167,11.107705116271973,6239856
2017-04-28,14.619999885559082,14.625,14.520000457763672,14.53499984741211,11.08863353729248,5238133
2017-05-02,14.604999542236328,14.739999771118164,14.5600004196167,14.630000114440918,11.161108016967773,7421876
2017-05-03,14.579999923706055,14.635000228881836,14.494999885559082,14.5600004196167,11.107705116271973,5636210
2017-05-04,14.600000381469727,14.649999618530273,14.399999618530273,14.470000267028809,11.039043426513672,14404552
2017-05-05,14.34000015258789,14.630000114440918,14.180000305175781,14.59000015258789,11.130592346191406,11803925
2017-05-08,14.680000305175781,14.720000267028809,14.515000343322754,14.609999656677246,11.14585018157959,7632565
2017-05-09,14.720000267028809,14.795000076293945,14.484999656677246,14.654999732971191,11.180179595947266,7008337
2017-05-10,14.6899995803833,14.8149995803833,14.59000015258789,14.739999771118164,11.245025634765625,7537934
2017-05-11,14.805000305175781,14.885000228881836,14.609999656677246,14.675000190734863,11.195438385009766,5792412
2017-05-12,14.739999771118164,14.739999771118164,14.505000114440918,14.640000343322754,11.16873550415039,5159971
2017-05-15,14.739999771118164,14.930000305175781,14.71500015258789,14.800000190734863,11.290800094604492,4904010
2017-05-16,14.84000015258789,15.024999618530273,14.8100004196167,14.979999542236328,11.428119659423828,5514247
2017-05-17,14.899999618530273,14.979999542236328,14.729999542236328,14.800000190734863,11.290800094604492,4491171
2017-05-18,14.765000343322754,14.829999923706055,14.364999771118164,14.645000457763672,11.172551155090332,6481730
2017-05-19,14.729999542236328,14.904999732971191,14.649999618530273,14.84000015258789,11.321314811706543,5009019
2017-05-22,14.880000114440918,14.979999542236328,14.829999923706055,14.845000267028809,11.325130462646484,4357608
2017-05-23,14.904999732971191,15.119999885559082,14.805000305175781,15.085000038146973,11.508223533630371,15858687
2017-05-24,15.100000381469727,15.220000267028809,15.055000305175781,15.074999809265137,11.500594139099121,5828563
2017-05-25,15.1899995803833,15.1899995803833,14.880000114440918,15.0600004196167,11.489151954650879,4893756
2017-05-26,14.920000076293945,14.960000038146973,14.795000076293945,14.954999923706055,11.40904712677002,9197489
2017-05-29,14.944999694824219,15.050000190734863,14.899999618530273,15.010000228881836,11.451006889343262,2698388
2017-05-30,14.979999542236328,15.09000015258789,14.920000076293945,15.0,11.443377494812012,7566000
2017-05-31,14.979999542236328,15.069999694824219,14.904999732971191,14.914999961853027,11.378532409667969,23813340
2017-06-01,15.0,15.0600004196167,14.885000228881836,14.989999771118164,11.435748100280762,17731371
2017-06-02,14.970000267028809,15.029999732971191,14.755000114440918,14.819999694824219,11.30605697631836,7094927
2017-06-05,14.895000457763672,14.944999694824219,14.8100004196167,14.854999542236328,11.332757949829102,5475270
2017-06-06,14.899999618530273,14.970000267028809,14.835000038146973,14.895000457763672,11.363275527954102,6024106
2017-06-07,14.9399995803833,15.0,14.8149995803833,14.880000114440918,11.35183048248291,7751710
2017-06-08,14.899999618530273,14.9350004196167,14.739999771118164,14.854999542236328,11.332757949829102,7651220
2017-06-09,14.8100004196167,14.930000305175781,14.755000114440918,14.829999923706055,11.313685417175293,15533794
2017-06-12,14.505000114440918,14.505000114440918,14.359999656677246,14.399999618530273,11.31054401397705,6645257
2017-06-13,14.425000190734863,14.529999732971191,14.359999656677246,14.399999618530273,11.31054401397705,5946609
2017-06-14,14.420000076293945,14.454999923706055,14.100000381469727,14.135000228881836,11.102398872375488,8792619
2017-06-15,14.055000305175781,14.095000267028809,13.779999732971191,13.84000015258789,10.87069034576416,10519101
2017-06-16,13.895000457763672,13.970000267028809,13.779999732971191,13.895000457763672,10.913890838623047,10512541
2017-06-19,13.970000267028809,14.149999618530273,13.960000038146973,14.074999809265137,11.055272102355957,6471269
2017-06-20,14.050000190734863,14.104999542236328,13.744999885559082,13.770000457763672,10.81570816040039,8642988
2017-06-21,13.75,13.84000015258789,13.550000190734863,13.71500015258789,10.77250862121582,17033956
2017-06-22,13.65999984741211,13.6899995803833,13.4399995803833,13.59000015258789,10.674325942993164,8576764
2017-06-23,13.550000190734863,13.600000381469727,13.40999984741211,13.529999732971191,10.627199172973633,15722717
2017-06-26,13.569999694824219,13.664999961853027,13.489999771118164,13.574999809265137,10.662543296813965,7197927
2017-06-27,13.574999809265137,13.654999732971191,13.515000343322754,13.609999656677246,10.690034866333008,8354625
2017-06-28,13.569999694824219,13.725000381469727,13.4350004196167,13.65999984741211,10.729308128356934,8424124
2017-06-29,13.699999809265137,13.75,13.420000076293945,13.524999618530273,10.623270988464355,5093800
2017-06-30,13.550000190734863,13.600000381469727,13.395000457763672,13.399999618530273,10.525089263916016,5388991
2017-07-03,13.520000457763672,13.774999618530273,13.5,13.765000343322754,10.811781883239746,4819866
2017-07-04,13.710000038146973,13.864999771118164,13.65999984741211,13.789999961853027,10.831416130065918,6088605
2017-07-05,13.760000228881836,13.850000381469727,13.555000305175781,13.555000305175781,10.646835327148438,12239337
2017-07-06,13.649999618530273,13.649999618530273,13.494999885559082,13.595000267028809,10.678253173828125,8114381
2017-07-07,13.529999732971191,13.529999732971191,13.350000381469727,13.4399995803833,10.556507110595703,7756636
2017-07-10,13.5,13.539999961853027,13.364999771118164,13.475000381469727,10.583998680114746,6201498
2017-07-11,13.399999618530273,13.489999771118164,13.274999618530273,13.475000381469727,10.583998680114746,8886810
2017-07-12,13.524999618530273,13.725000381469727,13.520000457763672,13.609999656677246,10.690034866333008,5824742
2017-07-13,13.654999732971191,13.869999885559082,13.614999771118164,13.829999923706055,10.862834930419922,4816082
2017-07-14,13.8100004196167,13.989999771118164,13.774999618530273,13.90999984741211,10.925670623779297,4122271
2017-07-17,13.90999984741211,13.970000267028809,13.84000015258789,13.864999771118164,10.890326499938965,6439316
2017-07-18,13.805000305175781,13.930000305175781,13.670000076293945,13.699999809265137,10.760725975036621,3676444
2017-07-19,13.744999885559082,13.819999694824219,13.579999923706055,13.789999961853027,10.831416130065918,3989430
2017-07-20,13.899999618530273,13.9399995803833,13.755000114440918,13.845000267028809,10.874618530273438,5698609
2017-07-21,13.8149995803833,13.975000381469727,13.609999656677246,13.694999694824219,10.756797790527344,5783786
2017-07-24,13.645000457763672,13.760000228881836,13.520000457763672,13.640000343322754,10.71359920501709,3175977
2017-07-25,13.619999885559082,13.890000343322754,13.600000381469727,13.885000228881836,10.906035423278809,3697601
2017-07-26,13.949999809265137,14.055000305175781,13.875,14.0,10.996363639831543,4253798
2017-07-27,14.100000381469727,14.3100004196167,14.029999732971191,14.100000381469727,11.074908256530762,8580571
2017-07-28,14.0600004196167,14.21500015258789,14.0600004196167,14.140000343322754,11.10632610321045,5488558
2017-07-31,14.050000190734863,14.28499984741211,14.045000076293945,14.15999984741211,11.12203598022461,4187163
2017-08-01,14.25,14.470000267028809,14.210000038146973,14.369999885559082,11.286980628967285,6269733
2017-08-02,14.359999656677246,14.494999885559082,14.21500015258789,14.390000343322754,11.302689552307129,8720118
2017-08-03,14.25,14.40999984741211,14.125,14.40999984741211,11.318398475646973,4960690
2017-08-04,14.345000267028809,14.654999732971191,14.3149995803833,14.550000190734863,11.428361892700195,5525974
2017-08-07,14.569999694824219,14.645000457763672,14.520000457763672,14.5600004196167,11.436217308044434,3111376
2017-08-08,14.579999923706055,14.670000076293945,14.529999732971191,14.600000381469727,11.467635154724121,2909287
2017-08-09,14.53499984741211,14.664999961853027,14.369999885559082,14.430000305175781,11.334107398986816,7583458
2017-08-10,14.454999923706055,14.46500015258789,14.234999656677246,14.3149995803833,11.243780136108398,4437687
2017-08-11,14.199999809265137,14.255000114440918,14.039999961853027,14.045000076293945,11.031708717346191,5101501
2017-08-14,14.095000267028809,14.255000114440918,14.03499984741211,14.180000305175781,11.137744903564453,4667770
2017-08-15,14.149999618530273,14.180000305175781,14.0649995803833,14.125,11.094544410705566,2057330
2017-08-16,14.15999984741211,14.359999656677246,14.15999984741211,14.255000114440918,11.19665241241455,2357241
2017-08-17,14.244999885559082,14.265000343322754,14.109999656677246,14.130000114440918,11.098472595214844,2631716
2017-08-18,14.020000457763672,14.135000228881836,13.960000038146973,14.055000305175781,11.03956127166748,3029057
2017-08-21,13.960000038146973,14.114999771118164,13.920000076293945,14.0600004196167,11.043489456176758,2894876
2017-08-22,14.149999618530273,14.194999694824219,14.074999809265137,14.170000076293945,11.129888534545898,2209167
2017-08-23,14.170000076293945,14.225000381469727,14.100000381469727,14.140000343322754,11.10632610321045,2228721
2017-08-24,14.194999694824219,14.25,14.130000114440918,14.130000114440918,11.098472595214844,6227252
2017-08-25,14.154999732971191,14.234999656677246,14.0600004196167,14.109999656677246,11.08276081085205,1679434
2017-08-28,14.074999809265137,14.199999809265137,14.024999618530273,14.039999961853027,11.027780532836914,1335394
2017-08-29,13.920000076293945,14.020000457763672,13.699999809265137,13.960000038146973,10.964943885803223,4348226
2017-08-30,14.039999961853027,14.25,14.005000114440918,14.1850004196167,11.141672134399414,3816245
2017-08-31,14.229999542236328,14.470000267028809,14.194999694824219,14.430000305175781,11.334107398986816,5351849
2017-09-01,14.4399995803833,14.555000305175781,14.4399995803833,14.529999732971191,11.412652969360352,3318597
2017-09-04,14.239999771118164,14.475000381469727,14.229999542236328,14.444999694824219,11.3458890914917,2089274
2017-09-05,14.5600004196167,14.880000114440918,14.520000457763672,14.710000038146973,11.554035186767578,7717846
2017-09-06,14.640000343322754,14.744999885559082,14.574999809265137,14.710000038146973,11.554035186767578,6655088
2017-09-07,14.704999923706055,14.789999961853027,14.604999542236328,14.649999618530273,11.50690746307373,3792354
2017-09-08,14.595000267028809,14.6899995803833,14.484999656677246,14.539999961853027,11.420507431030273,4890363
2017-09-11,14.600000381469727,14.78499984741211,14.600000381469727,14.774999618530273,11.605091094970703,3535495
2017-09-12,14.765000343322754,14.854999542236328,14.744999885559082,14.854999542236328,11.667924880981445,3088512
2017-09-13,14.800000190734863,15.050000190734863,14.800000190734863,15.010000228881836,11.7896728515625,6708778
2017-09-14,14.979999542236328,15.21500015258789,14.975000381469727,15.170000076293945,11.91534423828125,4903005
2017-09-15,15.104999542236328,15.140000343322754,14.989999771118164,15.020000457763672,11.797526359558105,6646039
2017-09-18,15.045000076293945,15.1899995803833,15.010000228881836,15.100000381469727,11.86036205291748,6836059
2017-09-19,15.069999694824219,15.3149995803833,15.055000305175781,15.260000228881836,11.98603630065918,8051216
2017-09-20,15.210000038146973,15.369999885559082,15.15999984741211,15.345000267028809,12.052799224853516,11367684
2017-09-21,15.369999885559082,15.449999809265137,15.265000343322754,15.390000343322754,12.08814525604248,5333280
2017-09-22,15.3149995803833,15.510000228881836,15.239999771118164,15.46500015258789,12.147053718566895,8769526
2017-09-25,15.395000457763672,15.649999618530273,15.380000114440918,15.600000381469727,12.25308895111084,6014170
2017-09-26,15.635000228881836,15.699999809265137,15.444999694824219,15.53499984741211,12.202033996582031,7425865
2017-09-27,15.545000076293945,15.6850004196167,15.539999961853027,15.579999923706055,12.23737907409668,6728223
2017-09-28,15.600000381469727,15.654999732971191,15.4350004196167,15.479999542236328,12.158834457397461,5872085
2017-09-29,15.449999809265137,15.59000015258789,15.369999885559082,15.59000015258789,12.245235443115234,9366327
2017-10-02,15.494999885559082,15.579999923706055,15.395000457763672,15.5,12.174543380737305,5389644
2017-10-03,15.524999618530273,15.53499984741211,15.329999923706055,15.505000114440918,12.178471565246582,5328937
2017-10-04,15.430000305175781,15.449999809265137,15.020000457763672,15.119999885559082,11.876070976257324,11178445
2017-10-05,14.975000381469727,15.395000457763672,14.829999923706055,15.319999694824219,12.033162117004395,9691095
2017-10-06,15.319999694824219,15.375,15.204999923706055,15.274999618530273,11.99781608581543,12143765
2017-10-09,15.270000457763672,15.364999771118164,15.21500015258789,15.274999618530273,11.99781608581543,5432044
2017-10-10,15.204999923706055,15.3149995803833,15.145000457763672,15.279999732971191,12.00174331665039,5426047
2017-10-11,15.359999656677246,15.479999542236328,15.289999961853027,15.399999618530273,12.09599781036377,8564409
2017-10-12,15.460000038146973,15.460000038146973,15.270000457763672,15.350000381469727,12.05672550201416,3158676
2017-10-13,15.375,15.505000114440918,15.350000381469727,15.444999694824219,12.131343841552734,4227514
2017-10-16,15.375,15.425000190734863,15.3149995803833,15.390000343322754,12.08814525604248,3290460
2017-10-17,15.354999542236328,15.545000076293945,15.305000305175781,15.354999542236328,12.060652732849121,3926886
2017-10-18,15.385000228881836,15.385000228881836,15.255000114440918,15.28499984741211,12.005670547485352,3491433
2017-10-19,15.25,15.324999809265137,15.095000267028809,15.28499984741211,12.005670547485352,4011076
2017-10-20,15.204999923706055,15.3149995803833,15.1850004196167,15.289999961853027,12.009599685668945,4697480
2017-10-23,15.21500015258789,15.359999656677246,15.180000305175781,15.274999618530273,11.99781608581543,4013963
2017-10-24,15.210000038146973,15.515000343322754,15.210000038146973,15.460000038146973,12.143125534057617,5154040
2017-10-25,15.399999618530273,15.494999885559082,15.3100004196167,15.319999694824219,12.033162117004395,3606941
2017-10-26,15.289999961853027,15.545000076293945,15.210000038146973,15.46500015258789,12.147053718566895,5745034
2017-10-27,15.489999771118164,15.604999542236328,15.369999885559082,15.545000076293945,12.20988941192627,10885416
2017-10-30,15.595000267028809,16.020000457763672,15.569999694824219,15.989999771118164,12.559416770935059,6519362
2017-10-31,16.020000457763672,16.184999465942383,15.885000228881836,16.084999084472656,12.634034156799316,7134800
2017-11-01,16.200000762939453,16.299999237060547,16.084999084472656,16.155000686645508,12.689018249511719,11499461
2017-11-02,16.094999313354492,16.235000610351562,16.0,16.155000686645508,12.689018249511719,4021324
2017-11-03,16.28499984741211,16.28499984741211,15.6850004196167,15.914999961853027,12.500507354736328,5917682
2017-11-06,15.949999809265137,15.975000381469727,15.65999984741211,15.829999923706055,12.433744430541992,6483900
2017-11-07,15.949999809265137,16.125,15.829999923706055,15.9399995803833,12.520142555236816,7576901
2017-11-08,15.944999694824219,15.979999542236328,15.8149995803833,15.859999656677246,12.457307815551758,7572102
2017-11-09,15.829999923706055,15.9350004196167,15.739999771118164,15.845000267028809,12.445526123046875,9020854
2017-11-10,15.859999656677246,15.960000038146973,15.805000305175781,15.854999542236328,12.453380584716797,5606453
2017-11-13,15.899999618530273,15.90999984741211,15.725000381469727,15.744999885559082,12.366979598999023,5517686
2017-11-14,15.725000381469727,15.770000457763672,15.375,15.489999771118164,12.1666898727417,26259231
2017-11-15,15.210000038146973,15.359999656677246,14.880000114440918,15.010000228881836,11.7896728515625,14388524
2017-11-16,15.100000381469727,15.114999771118164,14.850000381469727,14.885000228881836,11.691489219665527,6138271
2017-11-17,14.880000114440918,15.0649995803833,14.824999809265137,14.90999984741211,11.711126327514648,7446811
2017-11-20,14.930000305175781,15.005000114440918,14.774999618530273,15.005000114440918,11.785743713378906,4402147
2017-11-21,15.020000457763672,15.234999656677246,14.979999542236328,15.050000190734863,11.821089744567871,7362065
2017-11-22,15.225000381469727,15.279999732971191,15.074999809265137,15.154999732971191,11.903560638427734,14949316
2017-11-23,15.180000305175781,15.210000038146973,15.074999809265137,15.114999771118164,11.872142791748047,14816907
2017-11-24,15.085000038146973,15.180000305175781,14.984999656677246,15.015000343322754,11.793599128723145,4468785
2017-11-27,14.944999694824219,15.100000381469727,14.930000305175781,14.984999656677246,11.770034790039062,3128457
2017-11-28,14.994999885559082,15.4399995803833,14.960000038146973,15.265000343322754,11.989962577819824,6169608
2017-11-29,15.369999885559082,15.494999885559082,15.255000114440918,15.420000076293945,12.111706733703613,7573649
2017-11-30,15.414999961853027,15.555000305175781,15.354999542236328,15.420000076293945,12.111706733703613,12364798
2017-12-01,15.420000076293945,15.46500015258789,15.255000114440918,15.345000267028809,12.052799224853516,4889971
2017-12-04,15.449999809265137,15.604999542236328,15.399999618530273,15.585000038146973,12.241307258605957,6833287
2017-12-05,15.515000343322754,15.704999923706055,15.515000343322754,15.6850004196167,12.319852828979492,6517860
2017-12-06,15.609999656677246,15.614999771118164,15.449999809265137,15.5,12.174543380737305,9336332
2017-12-07,15.470000267028809,15.574999809265137,15.449999809265137,15.489999771118164,12.1666898727417,2726773
2017-12-08,15.550000190734863,15.574999809265137,15.4350004196167,15.475000381469727,12.1549072265625,6518403
2017-12-11,15.425000190734863,15.46500015258789,15.359999656677246,15.369999885559082,12.07243537902832,15192015
2017-12-12,15.425000190734863,15.550000190734863,15.369999885559082,15.399999618530273,12.09599781036377,15506755
2017-12-13,15.364999771118164,15.460000038146973,15.319999694824219,15.319999694824219,12.033162117004395,5148595
2017-12-14,15.319999694824219,15.4399995803833,15.289999961853027,15.369999885559082,12.07243537902832,6507596
2017-12-15,15.300000190734863,15.414999961853027,15.154999732971191,15.154999732971191,11.903560638427734,13094878
2017-12-18,15.0,15.170000076293945,14.869999885559082,15.005000114440918,12.09541130065918,6262047
2017-12-19,15.029999732971191,15.255000114440918,15.010000228881836,15.050000190734863,12.131686210632324,6384513
2017-12-20,15.069999694824219,15.074999809265137,14.925000190734863,15.03499984741211,12.11959457397461,16631182
2017-12-21,15.09000015258789,15.104999542236328,14.930000305175781,15.045000076293945,12.127655029296875,8869912
2017-12-22,14.949999809265137,15.109999656677246,14.920000076293945,15.039999961853027,12.123625755310059,2814988
2017-12-27,15.024999618530273,15.1850004196167,14.949999809265137,15.005000114440918,12.09541130065918,4054123
2017-12-28,15.03499984741211,15.085000038146973,14.96500015258789,15.03499984741211,12.11959457397461,2844272
2017-12-29,15.0,15.050000190734863,14.744999885559082,14.744999885559082,11.885828971862793,8878391
2018-01-02,14.854999542236328,15.039999961853027,14.774999618530273,14.989999771118164,12.083320617675781,6051569
2018-01-03,15.050000190734863,15.380000114440918,15.024999618530273,15.324999809265137,12.353361129760742,6027549
2018-01-04,15.470000267028809,15.795000076293945,15.390000343322754,15.729999542236328,12.679828643798828,8434475
2018-01-05,15.694999694824219,15.859999656677246,15.680000305175781,15.765000343322754,12.708043098449707,5123643
2018-01-08,15.8149995803833,15.880000114440918,15.704999923706055,15.774999618530273,12.716102600097656,4245786
2018-01-09,15.8100004196167,15.9399995803833,15.744999885559082,15.795000076293945,12.73222541809082,5720973
2018-01-10,15.845000267028809,15.984999656677246,15.6850004196167,15.729999542236328,12.679828643798828,6732709
2018-01-11,15.729999542236328,15.885000228881836,15.699999809265137,15.859999656677246,12.78462028503418,7190835
2018-01-12,15.84000015258789,16.014999389648438,15.75,15.920000076293945,12.832985877990723,5127286
2018-01-15,15.930000305175781,15.949999809265137,15.859999656677246,15.9399995803833,12.84910774230957,4911752
2018-01-16,15.9399995803833,15.954999923706055,15.770000457763672,15.789999961853027,12.728195190429688,5595659
2018-01-17,15.71500015258789,15.75,15.569999694824219,15.664999961853027,12.627432823181152,11335859
2018-01-18,15.739999771118164,15.864999771118164,15.649999618530273,15.75,12.695950508117676,6754185
2018-01-19,15.675000190734863,15.75,15.550000190734863,15.579999923706055,12.558914184570312,6973833
2018-01-22,15.609999656677246,15.869999885559082,15.595000267028809,15.869999885559082,12.792681694030762,5960093
2018-01-23,15.930000305175781,16.020000457763672,15.755000114440918,15.819999694824219,12.752376556396484,6304934
2018-01-24,15.795000076293945,15.885000228881836,15.725000381469727,15.819999694824219,12.752376556396484,4688429
2018-01-25,15.739999771118164,15.875,15.720000267028809,15.720000267028809,12.671768188476562,5485150
2018-01-26,15.664999961853027,15.670000076293945,15.40999984741211,15.515000343322754,12.506519317626953,12856681
2018-01-29,15.520000457763672,15.579999923706055,15.449999809265137,15.449999809265137,12.454122543334961,4183238
2018-01-30,15.319999694824219,15.390000343322754,15.125,15.130000114440918,12.196172714233398,5920055
2018-01-31,15.100000381469727,15.305000305175781,15.029999732971191,15.154999732971191,12.216324806213379,8067891
2018-02-01,15.279999732971191,15.454999923706055,15.164999961853027,15.300000190734863,12.333209037780762,8194749
2018-02-02,15.369999885559082,15.484999656677246,15.010000228881836,15.039999961853027,12.123625755310059,6471246
2018-02-05,15.0,15.020000457763672,14.770000457763672,14.819999694824219,11.946283340454102,7501688
2018-02-06,14.354999542236328,14.630000114440918,14.114999771118164,14.380000114440918,11.591605186462402,8365954
2018-02-07,14.619999885559082,14.789999961853027,14.460000038146973,14.670000076293945,11.825369834899902,7705305
2018-02-08,14.579999923706055,14.59000015258789,14.180000305175781,14.180000305175781,11.430386543273926,11122608
2018-02-09,14.180000305175781,14.359999656677246,13.880000114440918,13.96500015258789,11.25707721710205,10165380
2018-02-12,14.119999885559082,14.234999656677246,14.015000343322754,14.0649995803833,11.337686538696289,4720404
2018-02-13,14.100000381469727,14.119999885559082,13.880000114440918,13.970000267028809,11.261106491088867,6638249
2018-02-14,13.994999885559082,14.0600004196167,13.670000076293945,13.824999809265137,11.144224166870117,6666646
2018-02-15,13.949999809265137,14.039999961853027,13.670000076293945,13.75,11.083765983581543,4724691
2018-02-16,13.904999732971191,13.9399995803833,13.725000381469727,13.890000343322754,11.196619033813477,6345805
2018-02-19,13.9399995803833,14.03499984741211,13.899999618530273,13.954999923706055,11.249014854431152,4594709
2018-02-20,14.015000343322754,14.229999542236328,14.0,14.119999885559082,11.382020950317383,4730387
2018-02-21,14.0600004196167,14.095000267028809,13.944999694824219,14.015000343322754,11.297380447387695,3072558
2018-02-22,13.880000114440918,14.140000343322754,13.770000457763672,14.119999885559082,11.382020950317383,4007805
2018-02-23,14.1850004196167,14.220000267028809,14.045000076293945,14.154999732971191,11.410233497619629,2807820
2018-02-26,14.274999618530273,14.274999618530273,14.085000038146973,14.270000457763672,11.502934455871582,5647233
2018-02-27,14.300000190734863,14.300000190734863,14.170000076293945,14.210000038146973,11.454568862915039,2590418
2018-02-28,14.300000190734863,14.829999923706055,14.0600004196167,14.704999923706055,11.853584289550781,11655430
2018-03-01,14.649999618530273,14.824999809265137,14.420000076293945,14.5,11.688334465026855,7082329
2018-03-02,14.4350004196167,14.46500015258789,13.975000381469727,14.0,11.285290718078613,6131935
2018-03-05,13.989999771118164,14.1899995803833,13.9399995803833,14.114999771118164,11.37799072265625,4244996
2018-03-06,14.239999771118164,14.3149995803833,14.100000381469727,14.239999771118164,11.478752136230469,5450893
2018-03-07,14.15999984741211,14.175000190734863,13.954999923706055,13.979999542236328,11.26916790008545,6258370
2018-03-08,13.975000381469727,14.005000114440918,13.819999694824219,13.960000038146973,11.253046035766602,4582923
2018-03-09,13.9399995803833,14.109999656677246,13.9350004196167,14.104999542236328,11.369929313659668,4528019
2018-03-12,14.164999961853027,14.234999656677246,14.074999809265137,14.119999885559082,11.382020950317383,5130463
2018-03-13,14.154999732971191,14.34000015258789,14.104999542236328,14.125,11.3860502243042,5162351
2018-03-14,14.100000381469727,14.194999694824219,13.989999771118164,14.0,11.285290718078613,10145865
2018-03-15,14.029999732971191,14.079999923706055,13.925000190734863,13.960000038146973,11.253046035766602,4174958
2018-03-16,13.899999618530273,14.274999618530273,13.800000190734863,14.220000267028809,11.462630271911621,12747871
2018-03-19,14.149999618530273,14.1899995803833,13.779999732971191,13.789999961853027,11.116009712219238,24748633
2018-03-20,13.850000381469727,14.114999771118164,13.845000267028809,14.050000190734863,11.325594902038574,23715456
2018-03-21,14.104999542236328,14.255000114440918,14.03499984741211,14.255000114440918,11.490842819213867,11712856
2018-03-22,14.1899995803833,14.3149995803833,14.005000114440918,14.074999809265137,11.345746040344238,5767293
2018-03-23,13.9399995803833,14.0600004196167,13.734999656677246,14.029999732971191,11.30947208404541,6282945
2018-03-26,14.029999732971191,14.354999542236328,14.0,14.21500015258789,11.458600044250488,6800777
2018-03-27,14.4399995803833,14.604999542236328,14.3100004196167,14.380000114440918,11.591605186462402,11744650
2018-03-28,14.244999885559082,14.34000015258789,14.104999542236328,14.305000305175781,11.531147956848145,5645636
2018-03-29,14.289999961853027,14.5600004196167,14.279999732971191,14.414999961853027,11.619816780090332,4620839
2018-04-03,14.279999732971191,14.529999732971191,14.234999656677246,14.5,11.688334465026855,4812533
2018-04-04,14.539999961853027,14.680000305175781,14.3100004196167,14.645000457763672,11.805219650268555,6763468
2018-04-05,14.819999694824219,15.0649995803833,14.710000038146973,14.979999542236328,12.0752592086792,13528723
2018-04-06,14.96500015258789,15.135000228881836,14.899999618530273,15.005000114440918,12.09541130065918,5322142
2018-04-09,15.050000190734863,15.164999961853027,14.925000190734863,14.975000381469727,12.071229934692383,4558526
2018-04-10,15.100000381469727,15.295000076293945,15.100000381469727,15.295000076293945,12.329178810119629,7690982
2018-04-11,15.210000038146973,15.449999809265137,15.194999694824219,15.399999618530273,12.413818359375,6490892
2018-04-12,15.430000305175781,15.569999694824219,15.359999656677246,15.524999618530273,12.514580726623535,6453857
2018-04-13,15.524999618530273,15.600000381469727,15.335000038146973,15.53499984741211,12.522640228271484,4590736
2018-04-16,15.520000457763672,15.53499984741211,15.354999542236328,15.414999961853027,12.425910949707031,8205986
2018-04-17,15.484999656677246,15.520000457763672,15.40999984741211,15.454999923706055,12.45815372467041,9635740
2018-04-18,15.510000228881836,15.800000190734863,15.484999656677246,15.744999885559082,12.691920280456543,9848119
2018-04-19,15.779999732971191,15.850000381469727,15.550000190734863,15.734999656677246,12.683858871459961,11612033
2018-04-20,15.645000457763672,15.875,15.574999809265137,15.725000381469727,12.675799369812012,4716979
2018-04-23,15.770000457763672,15.824999809265137,15.694999694824219,15.774999618530273,12.716102600097656,9246800
2018-04-24,15.869999885559082,16.09000015258789,15.850000381469727,15.975000381469727,12.877321243286133,8045225
2018-04-25,15.770000457763672,15.800000190734863,15.614999771118164,15.699999809265137,12.655645370483398,6147246
2018-04-26,15.6850004196167,15.829999923706055,15.614999771118164,15.805000305175781,12.740287780761719,4583966
2018-04-27,15.789999961853027,15.914999961853027,15.640000343322754,15.805000305175781,12.740287780761719,3851313
2018-04-30,15.75,15.875,15.75,15.850000381469727,12.776559829711914,3428391
2018-05-02,15.819999694824219,16.014999389648438,15.800000190734863,15.869999885559082,12.792681694030762,4110311
2018-05-03,15.859999656677246,15.970000267028809,15.8149995803833,15.899999618530273,12.816863059997559,3725731
2018-05-04,15.800000190734863,16.049999237060547,15.78499984741211,16.014999389648438,12.909564971923828,4487604
2018-05-07,16.0,16.25,16.0,16.2450008392334,13.094966888427734,6153807
2018-05-08,16.190000534057617,16.274999618530273,16.065000534057617,16.1299991607666,13.002264022827148,6111831
2018-05-09,16.229999542236328,16.549999237060547,16.19499969482422,16.540000915527344,13.332764625549316,9267820
2018-05-10,16.559999465942383,16.594999313354492,16.364999771118164,16.469999313354492,13.276336669921875,8342518
2018-05-11,16.5,16.639999389648438,16.270000457763672,16.639999389648438,13.413372039794922,5433550
2018-05-14,16.639999389648438,16.700000762939453,16.510000228881836,16.670000076293945,13.437556266784668,3421145
2018-05-15,16.670000076293945,16.834999084472656,16.59000015258789,16.739999771118164,13.49398136138916,4151015
2018-05-16,16.735000610351562,16.850000381469727,16.65999984741211,16.75,13.502043724060059,9531988
2018-05-17,16.790000915527344,17.139999389648438,16.725000381469727,17.09000015258789,13.776113510131836,6952762
2018-05-18,17.110000610351562,17.184999465942383,16.93000030517578,17.065000534057617,13.755961418151855,5895412
2018-05-21,17.145000457763672,17.15999984741211,17.05500030517578,17.139999389648438,13.816418647766113,7266086
2018-05-22,17.155000686645508,17.25,17.03499984741211,17.15999984741211,13.832541465759277,6960021
2018-05-23,17.010000228881836,17.049999237060547,15.994999885559082,16.40999984741211,13.227971076965332,12682832
2018-05-24,16.479999542236328,16.649999618530273,16.219999313354492,16.25,13.09899616241455,6939796
2018-05-25,16.299999237060547,16.360000610351562,15.704999923706055,15.760000228881836,12.704011917114258,13326674
2018-05-28,15.65999984741211,15.864999771118164,15.5600004196167,15.670000076293945,12.631462097167969,4664306
2018-05-29,15.489999771118164,15.71500015258789,15.210000038146973,15.649999618530273,12.615341186523438,8043236
2018-05-30,15.654999732971191,16.30500030517578,15.654999732971191,16.30500030517578,13.143332481384277,7708143
2018-05-31,16.364999771118164,16.440000534057617,16.139999389648438,16.30500030517578,13.143332481384277,15839785
2018-06-01,16.28499984741211,16.790000915527344,16.28499984741211,16.5049991607666,13.304549217224121,8904400
2018-06-04,16.545000076293945,16.770000457763672,16.424999237060547,16.454999923706055,13.26424503326416,4416657
2018-06-05,16.475000381469727,16.739999771118164,16.395000457763672,16.415000915527344,13.232003211975098,5359782
2018-06-06,16.59000015258789,17.059999465942383,16.5,16.905000686645508,13.626988410949707,8120881
2018-06-07,17.0,17.2450008392334,17.0,17.209999084472656,13.872845649719238,15170753
2018-06-08,17.114999771118164,17.225000381469727,16.975000381469727,17.03499984741211,13.731779098510742,5750939
2018-06-11,17.165000915527344,17.325000762939453,17.024999618530273,17.280000686645508,13.929271697998047,7232853
2018-06-12,17.350000381469727,17.479999542236328,17.040000915527344,17.110000610351562,13.792237281799316,9111634
2018-06-13,17.03499984741211,17.18000030517578,16.934999465942383,17.049999237060547,13.74386978149414,13148762
2018-06-14,16.94499969482422,17.219999313354492,16.905000686645508,17.219999313354492,13.880904197692871,10136597
2018-06-15,17.299999237060547,17.3700008392334,17.0,17.1200008392334,13.800296783447266,10412597
2018-06-18,16.655000686645508,16.71500015258789,16.454999923706055,16.68000030517578,13.837629318237305,16247323
2018-06-19,16.584999084472656,16.655000686645508,16.44499969482422,16.625,13.792001724243164,8664313
2018-06-20,16.68000030517578,16.75,16.325000762939453,16.354999542236328,13.568010330200195,8982409
2018-06-21,16.40999984741211,16.440000534057617,16.184999465942383,16.25,13.480902671813965,9982388
2018-06-22,16.260000228881836,16.795000076293945,16.204999923706055,16.700000762939453,13.85422134399414,12548245
2018-06-25,16.584999084472656,16.65999984741211,16.360000610351562,16.420000076293945,13.62193489074707,9157991
2018-06-26,16.475000381469727,16.604999542236328,16.399999618530273,16.514999389648438,13.700745582580566,8283905
2018-06-27,16.600000381469727,16.90999984741211,16.5,16.80500030517578,13.941328048706055,13003195
2018-06-28,16.93000030517578,17.079999923706055,16.78499984741211,16.875,13.999399185180664,5798872
2018-06-29,16.93000030517578,17.010000228881836,16.764999389648438,16.764999389648438,13.908143043518066,7640768
2018-07-02,16.635000228881836,16.78499984741211,16.475000381469727,16.68000030517578,13.837629318237305,4308100
2018-07-03,16.799999237060547,17.0049991607666,16.729999542236328,16.860000610351562,13.986956596374512,7894152
2018-07-04,16.875,17.010000228881836,16.850000381469727,16.924999237060547,14.040877342224121,6835069
2018-07-05,16.895000457763672,17.350000381469727,16.875,17.2549991607666,14.314643859863281,8657437
2018-07-06,17.2450008392334,17.260000228881836,16.959999084472656,17.15999984741211,14.235835075378418,5828199
2018-07-09,17.2549991607666,17.40999984741211,17.219999313354492,17.270000457763672,14.3270902633667,3669847
2018-07-10,17.43000030517578,17.510000228881836,17.235000610351562,17.28499984741211,14.339531898498535,5947571
2018-07-11,17.165000915527344,17.204999923706055,16.950000762939453,17.010000228881836,14.111393928527832,8805914
2018-07-12,16.940000534057617,17.0049991607666,16.674999237060547,16.959999084472656,14.069913864135742,5638077
2018-07-13,17.045000076293945,17.049999237060547,16.825000762939453,16.985000610351562,14.090655326843262,5366324
2018-07-16,17.0,17.114999771118164,16.760000228881836,16.799999237060547,13.937178611755371,5026610
2018-07-17,16.829999923706055,16.905000686645508,16.600000381469727,16.81999969482422,13.953770637512207,7044180
2018-07-18,16.864999771118164,16.93000030517578,16.6299991607666,16.75,13.895700454711914,3132715
2018-07-19,16.84000015258789,17.045000076293945,16.770000457763672,16.950000762939453,14.06161880493164,4454051
2018-07-20,16.954999923706055,16.989999771118164,16.71500015258789,16.854999542236328,13.982808113098145,4577230
2018-07-23,16.764999389648438,16.93000030517578,16.704999923706055,16.860000610351562,13.986956596374512,3542785
2018-07-24,16.8700008392334,16.94499969482422,16.7549991607666,16.850000381469727,13.978659629821777,3718363
2018-07-25,16.790000915527344,16.850000381469727,16.6299991607666,16.764999389648438,13.908143043518066,5614385
2018-07-26,16.600000381469727,16.780000686645508,16.309999465942383,16.704999923706055,13.858368873596191,7060319
2018-07-27,16.6200008392334,16.8700008392334,16.6200008392334,16.790000915527344,13.92888355255127,5500824
2018-07-30,16.774999618530273,16.975000381469727,16.704999923706055,16.899999618530273,14.02013874053955,3614956
2018-07-31,16.81999969482422,17.040000915527344,16.81999969482422,16.975000381469727,14.08236026763916,4431658
2018-08-01,16.959999084472656,17.0,16.80500030517578,16.905000686645508,14.024287223815918,6835941
2018-08-02,16.829999923706055,16.9950008392334,16.80500030517578,16.885000228881836,14.007695198059082,5999387
2018-08-03,16.940000534057617,17.045000076293945,16.875,16.989999771118164,14.094802856445312,3842557
2018-08-06,17.045000076293945,17.045000076293945,16.854999542236328,16.979999542236328,14.086505889892578,3087536
2018-08-07,17.0049991607666,17.170000076293945,17.0,17.075000762939453,14.165319442749023,4971070
2018-08-08,17.100000381469727,17.219999313354492,17.010000228881836,17.06999969482422,14.16117000579834,3945860
2018-08-09,17.030000686645508,17.030000686645508,16.905000686645508,17.0049991607666,14.107246398925781,3707977
2018-08-10,16.885000228881836,16.905000686645508,16.725000381469727,16.850000381469727,13.978659629821777,4089299
2018-08-13,16.75,16.780000686645508,16.649999618530273,16.709999084472656,13.86251449584961,4949516
2018-08-14,16.790000915527344,16.81999969482422,16.485000610351562,16.549999237060547,13.729779243469238,4550478
2018-08-15,16.549999237060547,16.55500030517578,16.100000381469727,16.184999465942383,13.42697811126709,4679293
2018-08-16,16.2549991607666,16.354999542236328,16.125,16.2450008392334,13.47675609588623,3687835
2018-08-17,16.315000534057617,16.325000762939453,16.114999771118164,16.209999084472656,13.447718620300293,3417258
2018-08-20,16.235000610351562,16.420000076293945,16.209999084472656,16.299999237060547,13.522382736206055,2221640
2018-08-21,16.350000381469727,16.5049991607666,16.299999237060547,16.424999237060547,13.626081466674805,2682968
2018-08-22,16.3799991607666,16.549999237060547,16.325000762939453,16.514999389648438,13.700745582580566,2826069
2018-08-23,16.485000610351562,16.59000015258789,16.3700008392334,16.415000915527344,13.617786407470703,3027535
2018-08-24,16.375,16.540000915527344,16.3700008392334,16.5,13.688301086425781,2816568
2018-08-27,16.565000534057617,16.59000015258789,16.46500015258789,16.549999237060547,13.729779243469238,2391134
2018-08-28,16.520000457763672,16.665000915527344,16.479999542236328,16.600000381469727,13.771262168884277,4310597
2018-08-29,16.625,16.69499969482422,16.549999237060547,16.635000228881836,13.800296783447266,3664628
2018-08-30,16.670000076293945,16.780000686645508,16.540000915527344,16.670000076293945,13.829333305358887,2614701
2018-08-31,16.6200008392334,16.65999984741211,16.530000686645508,16.565000534057617,13.742225646972656,8258502
2018-09-03,16.55500030517578,16.739999771118164,16.55500030517578,16.684999465942383,13.841775894165039,1885647
2018-09-04,16.809999465942383,16.9950008392334,16.780000686645508,16.899999618530273,14.02013874053955,5367630
2018-09-05,16.885000228881836,16.920000076293945,16.53499984741211,16.53499984741211,13.717337608337402,9347612
2018-09-06,16.610000610351562,16.610000610351562,16.309999465942383,16.329999923706055,13.547269821166992,5255436
2018-09-07,16.299999237060547,16.360000610351562,16.174999237060547,16.360000610351562,13.572159767150879,4107678
2018-09-10,16.399999618530273,16.479999542236328,16.350000381469727,16.420000076293945,13.62193489074707,3420249
2018-09-11,16.780000686645508,16.864999771118164,16.625,16.7450008392334,13.891552925109863,6068286
2018-09-12,16.700000762939453,17.18000030517578,16.700000762939453,17.125,14.206798553466797,6949056
2018-09-13,17.100000381469727,17.184999465942383,16.954999923706055,16.979999542236328,14.086505889892578,5292681
2018-09-14,16.975000381469727,17.079999923706055,16.950000762939453,16.950000762939453,14.06161880493164,4906085
2018-09-17,16.940000534057617,17.020000457763672,16.899999618530273,16.93000030517578,14.045026779174805,3616645
2018-09-18,16.860000610351562,17.059999465942383,16.81999969482422,17.0,14.103099822998047,4317321
2018-09-19,17.06999969482422,17.225000381469727,16.969999313354492,17.0,14.103099822998047,11070314
2018-09-21,16.469999313354492,16.600000381469727,16.25,16.479999542236328,13.671709060668945,16335760
2018-09-24,16.489999771118164,16.864999771118164,16.489999771118164,16.780000686645508,13.920588493347168,31673718
2018-09-25,16.864999771118164,17.270000457763672,16.864999771118164,17.030000686645508,14.127985000610352,18946409
2018-09-26,17.100000381469727,17.219999313354492,17.010000228881836,17.149999618530273,14.227537155151367,9797909
2018-09-27,17.149999618530273,17.28499984741211,17.149999618530273,17.200000762939453,14.269018173217773,8368992
2018-09-28,17.190000534057617,17.31999969482422,17.020000457763672,17.165000915527344,14.239982604980469,10036596
2018-10-01,17.225000381469727,17.3700008392334,17.200000762939453,17.235000610351562,14.298054695129395,6991110
2018-10-02,17.290000915527344,17.40999984741211,17.170000076293945,17.200000762939453,14.269018173217773,7299842
2018-10-03,17.25,17.389999389648438,17.155000686645508,17.155000686645508,14.231685638427734,4152797
2018-10-04,17.149999618530273,17.3700008392334,17.1299991607666,17.155000686645508,14.231685638427734,5853202
2018-10-05,17.1299991607666,17.200000762939453,16.940000534057617,17.024999618530273,14.1238374710083,5779785
2018-10-08,16.959999084472656,17.024999618530273,16.729999542236328,16.815000534057617,13.949625015258789,4854908
2018-10-09,16.940000534057617,17.1200008392334,16.934999465942383,17.040000915527344,14.136282920837402,5655657
2018-10-10,17.149999618530273,17.399999618530273,17.045000076293945,17.075000762939453,14.165319442749023,10838253
2018-10-11,16.719999313354492,16.760000228881836,16.350000381469727,16.440000534057617,13.638526916503906,10663963
2018-10-12,16.594999313354492,16.6200008392334,16.31999969482422,16.31999969482422,13.53897476196289,5500079
2018-10-15,16.299999237060547,16.440000534057617,16.2549991607666,16.3799991607666,13.588750839233398,4057516
2018-10-16,16.364999771118164,16.510000228881836,16.19499969482422,16.405000686645508,13.609490394592285,4227679
2018-10-17,16.4950008392334,16.53499984741211,16.190000534057617,16.280000686645508,13.505790710449219,4289127
2018-10-18,16.190000534057617,16.5,16.184999465942383,16.2450008392334,13.47675609588623,5231765
2018-10-19,16.19499969482422,16.30500030517578,15.975000381469727,16.014999389648438,13.285947799682617,6647151
2018-10-22,16.239999771118164,16.270000457763672,15.885000228881836,15.930000305175781,13.215432167053223,4728501
2018-10-23,15.800000190734863,15.835000038146973,15.5,15.5,12.858707427978516,8362645
2018-10-24,15.399999618530273,15.640000343322754,15.199999809265137,15.270000457763672,12.667901039123535,6810200
2018-10-25,15.074999809265137,15.229999542236328,14.9399995803833,15.050000190734863,12.485390663146973,9415807
2018-10-26,15.010000228881836,15.104999542236328,14.6899995803833,15.104999542236328,12.531017303466797,7389202
2018-10-29,15.1899995803833,15.414999961853027,15.175000190734863,15.204999923706055,12.613975524902344,6235762
2018-10-30,15.265000343322754,15.414999961853027,14.949999809265137,15.164999961853027,12.580793380737305,7975381
2018-10-31,15.350000381469727,15.930000305175781,15.324999809265137,15.824999809265137,13.128325462341309,12532212
2018-11-01,15.65999984741211,15.824999809265137,15.375,15.5600004196167,12.908483505249023,9342749
2018-11-02,15.699999809265137,15.78499984741211,15.53499984741211,15.600000381469727,12.941666603088379,8817445
2018-11-05,15.649999618530273,15.904999732971191,15.585000038146973,15.704999923706055,13.02877426147461,6612409
2018-11-06,15.65999984741211,15.75,15.585000038146973,15.635000228881836,12.970703125,5164771
2018-11-07,15.75,16.030000686645508,15.680000305175781,15.770000457763672,13.082697868347168,5852491
2018-11-08,15.845000267028809,15.944999694824219,15.6850004196167,15.824999809265137,13.128325462341309,5325309
2018-11-09,15.704999923706055,15.875,15.604999542236328,15.850000381469727,13.149065017700195,4617009
2018-11-12,16.05500030517578,16.209999084472656,15.78499984741211,15.800000190734863,13.107585906982422,4440128
2018-11-13,15.744999885559082,15.75,15.430000305175781,15.664999961853027,12.995591163635254,13928449
2018-11-14,15.414999961853027,15.630000114440918,15.074999809265137,15.505000114440918,12.8628568649292,10993018
2018-11-15,15.529999732971191,15.725000381469727,15.5,15.694999694824219,13.020478248596191,5889185
2018-11-16,15.84000015258789,16.049999237060547,15.609999656677246,15.654999732971191,12.987296104431152,6115359
2018-11-19,15.699999809265137,15.795000076293945,15.569999694824219,15.609999656677246,12.949962615966797,5009345
2018-11-20,15.609999656677246,15.720000267028809,15.255000114440918,15.28499984741211,12.680344581604004,6509481
2018-11-21,15.28499984741211,15.5600004196167,15.25,15.5,12.858707427978516,4707599
2018-11-22,15.475000381469727,15.484999656677246,15.234999656677246,15.260000228881836,12.659605979919434,5155182
2018-11-23,15.225000381469727,15.3100004196167,14.789999961853027,14.859999656677246,12.327767372131348,7835235
2018-11-26,14.949999809265137,15.170000076293945,14.930000305175781,15.149999618530273,12.568349838256836,4376863
2018-11-27,15.119999885559082,15.210000038146973,14.930000305175781,14.96500015258789,12.414874076843262,5697095
2018-11-28,15.005000114440918,15.085000038146973,14.829999923706055,14.84000015258789,12.311175346374512,15463966
2018-11-29,14.859999656677246,15.210000038146973,14.805000305175781,15.140000343322754,12.560053825378418,6983439
2018-11-30,15.239999771118164,15.300000190734863,15.100000381469727,15.25,12.6513090133667,5048061
2018-12-03,15.614999771118164,15.704999923706055,15.300000190734863,15.300000190734863,12.692789077758789,7875435
2018-12-04,15.319999694824219,15.425000190734863,15.270000457763672,15.300000190734863,12.692789077758789,4754771
2018-12-05,15.154999732971191,15.15999984741211,15.015000343322754,15.055000305175781,12.48953914642334,8209069
2018-12-06,14.954999923706055,14.989999771118164,14.3149995803833,14.3149995803833,11.875638008117676,10936254
2018-12-07,14.380000114440918,14.9350004196167,14.350000381469727,14.78499984741211,12.265548706054688,12595770
2018-12-10,14.640000343322754,14.704999923706055,14.359999656677246,14.399999618530273,11.94615364074707,10500506
2018-12-11,14.520000457763672,14.920000076293945,14.395000457763672,14.609999656677246,12.120368957519531,12724382
2018-12-12,14.680000305175781,14.854999542236328,14.680000305175781,14.765000343322754,12.248956680297852,7149199
2018-12-13,14.699999809265137,14.970000267028809,14.675000190734863,14.930000305175781,12.38584041595459,9697518
2018-12-14,14.895000457763672,14.949999809265137,14.789999961853027,14.789999961853027,12.269695281982422,5145602
2018-12-17,14.75,14.90999984741211,14.710000038146973,14.710000038146973,12.203328132629395,10362646
2018-12-18,14.614999771118164,14.694999694824219,14.505000114440918,14.5649995803833,12.083036422729492,9738206
2018-12-19,14.510000228881836,14.765000343322754,14.4350004196167,14.664999961853027,12.165996551513672,11591839
2018-12-20,14.460000038146973,14.475000381469727,14.260000228881836,14.3149995803833,11.875638008117676,11054985
2018-12-21,14.319999694824219,14.46500015258789,14.194999694824219,14.369999885559082,11.921266555786133,16331045
2018-12-24,14.175000190734863,14.210000038146973,13.914999961853027,13.96500015258789,11.926390647888184,2387772
2018-12-27,14.074999809265137,14.140000343322754,13.604999542236328,13.734999656677246,11.729965209960938,9691429
2018-12-28,13.8149995803833,14.21500015258789,13.8149995803833,14.164999961853027,12.09719467163086,9041580
2018-12-31,14.210000038146973,14.270000457763672,14.079999923706055,14.079999923706055,12.024603843688965,1420165
2019-01-02,13.979999542236328,14.3100004196167,13.78499984741211,14.234999656677246,12.156974792480469,10003999
2019-01-03,14.039999961853027,14.380000114440918,14.024999618530273,14.255000114440918,12.174055099487305,12814838
2019-01-04,14.40999984741211,14.704999923706055,14.359999656677246,14.595000267028809,12.464423179626465,7089672
2019-01-07,14.65999984741211,14.694999694824219,14.329999923706055,14.475000381469727,12.361940383911133,4409347
2019-01-08,14.444999694824219,14.789999961853027,14.4399995803833,14.489999771118164,12.374750137329102,12227338
2019-01-09,14.600000381469727,14.744999885559082,14.454999923706055,14.694999694824219,12.549825668334961,11410241
2019-01-10,14.614999771118164,14.795000076293945,14.555000305175781,14.774999618530273,12.618146896362305,6329149
2019-01-11,14.78499984741211,14.899999618530273,14.600000381469727,14.75,12.596795082092285,6035768
2019-01-14,14.574999809265137,14.729999542236328,14.454999923706055,14.670000076293945,12.528473854064941,7463778
2019-01-15,14.729999542236328,14.859999656677246,14.520000457763672,14.640000343322754,12.502854347229004,10911530
2019-01-16,14.6899995803833,14.729999542236328,14.529999732971191,14.649999618530273,12.511393547058105,7294675
2019-01-17,14.579999923706055,14.8149995803833,14.529999732971191,14.755000114440918,12.601065635681152,5463446
2019-01-18,14.859999656677246,15.104999542236328,14.800000190734863,15.0,12.810300827026367,8525141
2019-01-21,15.010000228881836,15.074999809265137,14.755000114440918,14.800000190734863,12.639497756958008,6210469
2019-01-22,14.819999694824219,14.914999961853027,14.734999656677246,14.829999923706055,12.665116310119629,5792284
2019-01-23,14.779999732971191,14.979999542236328,14.739999771118164,14.774999618530273,12.618146896362305,5389615
2019-01-24,14.795000076293945,15.100000381469727,14.755000114440918,15.050000190734863,12.853002548217773,6699989
2019-01-25,15.119999885559082,15.1850004196167,15.010000228881836,15.045000076293945,12.848731994628906,2958628
2019-01-28,14.989999771118164,14.989999771118164,14.770000457763672,14.770000457763672,12.613876342773438,4737044
2019-01-29,14.829999923706055,15.114999771118164,14.680000305175781,15.010000228881836,12.818841934204102,6561897
2019-01-30,14.989999771118164,15.135000228881836,14.925000190734863,15.125,12.91705322265625,3748282
2019-01-31,15.1899995803833,15.335000038146973,15.180000305175781,15.329999923706055,13.092126846313477,7766043
2019-02-01,15.279999732971191,15.3100004196167,15.164999961853027,15.270000457763672,13.040886878967285,5612996
2019-02-04,15.279999732971191,15.335000038146973,15.045000076293945,15.229999542236328,13.006725311279297,5606114
2019-02-05,15.260000228881836,15.520000457763672,15.260000228881836,15.404999732971191,13.156179428100586,8826293
2019-02-06,15.380000114440918,15.4350004196167,15.1850004196167,15.369999885559082,13.126287460327148,6271254
2019-02-07,15.239999771118164,15.3100004196167,15.024999618530273,15.024999618530273,12.83165168762207,8371536
2019-02-08,14.96500015258789,15.020000457763672,14.800000190734863,14.859999656677246,12.6907377243042,7627198
2019-02-11,14.914999961853027,15.045000076293945,14.864999771118164,14.885000228881836,12.712088584899902,4072284
2019-02-12,14.989999771118164,15.175000190734863,14.920000076293945,15.010000228881836,12.818841934204102,10723885
2019-02-13,15.119999885559082,15.119999885559082,14.96500015258789,15.085000038146973,12.882891654968262,6579380
2019-02-14,15.15999984741211,15.199999809265137,14.989999771118164,14.994999885559082,12.8060302734375,3613649
2019-02-15,14.970000267028809,15.295000076293945,14.960000038146973,15.170000076293945,12.955484390258789,6958654
2019-02-18,15.229999542236328,15.3100004196167,15.15999984741211,15.194999694824219,12.976834297180176,2667233
2019-02-19,15.149999618530273,15.204999923706055,15.0600004196167,15.109999656677246,12.904243469238281,5055890
2019-02-20,15.145000457763672,15.244999885559082,15.03499984741211,15.204999923706055,12.985373497009277,3685169
2019-02-21,15.210000038146973,15.25,15.145000457763672,15.1899995803833,12.972564697265625,7821280
2019-02-22,15.114999771118164,15.274999618530273,15.109999656677246,15.154999732971191,12.942673683166504,3267098
2019-02-25,15.210000038146973,15.265000343322754,15.020000457763672,15.020000457763672,12.827381134033203,5445985
2019-02-26,15.03499984741211,15.154999732971191,14.954999923706055,15.130000114440918,12.921323776245117,8159174
2019-02-27,15.135000228881836,15.175000190734863,15.0600004196167,15.149999618530273,12.938404083251953,4983997
2019-02-28,15.175000190734863,15.234999656677246,14.930000305175781,15.125,12.91705322265625,8193984
2019-03-01,15.220000267028809,15.279999732971191,15.104999542236328,15.114999771118164,12.908513069152832,4931083
2019-03-04,15.130000114440918,15.164999961853027,15.029999732971191,15.100000381469727,12.895702362060547,5257322
2019-03-05,15.100000381469727,15.114999771118164,15.010000228881836,15.085000038146973,12.882891654968262,4242114
2019-03-06,15.005000114440918,15.130000114440918,14.899999618530273,15.100000381469727,12.895702362060547,9380295
2019-03-07,15.100000381469727,15.180000305175781,15.024999618530273,15.0649995803833,12.865812301635742,3405670
2019-03-08,14.949999809265137,15.024999618530273,14.704999923706055,14.755000114440918,12.601065635681152,7255649
2019-03-11,14.800000190734863,14.869999885559082,14.770000457763672,14.854999542236328,12.686467170715332,5110563
2019-03-12,14.885000228881836,14.925000190734863,14.739999771118164,14.789999961853027,12.630955696105957,5632832
2019-03-13,14.789999961853027,15.020000457763672,14.789999961853027,14.984999656677246,12.797490119934082,7252631
2019-03-14,15.020000457763672,15.210000038146973,15.005000114440918,15.010000228881836,12.818841934204102,6425219
2019-03-15,15.095000267028809,15.175000190734863,14.960000038146973,15.0,12.810300827026367,17471504
2019-03-18,15.100000381469727,15.40999984741211,15.015000343322754,15.359999656677246,13.117748260498047,9309080
2019-03-19,15.364999771118164,15.65999984741211,15.359999656677246,15.515000343322754,13.250121116638184,10376795
2019-03-20,15.425000190734863,15.545000076293945,15.40999984741211,15.475000381469727,13.215960502624512,5589595
2019-03-21,15.460000038146973,15.5600004196167,15.425000190734863,15.46500015258789,13.207420349121094,4889842
2019-03-22,15.470000267028809,15.489999771118164,15.149999618530273,15.210000038146973,12.989645004272461,8418417
2019-03-25,15.104999542236328,15.225000381469727,15.055000305175781,15.095000267028809,12.891433715820312,3615645
2019-03-26,15.125,15.234999656677246,15.0600004196167,15.149999618530273,12.938404083251953,3806939
2019-03-27,15.164999961853027,15.3149995803833,15.069999694824219,15.265000343322754,13.036616325378418,4051138
2019-03-28,15.244999885559082,15.329999923706055,15.085000038146973,15.140000343322754,12.929863929748535,4765888
2019-03-29,15.28499984741211,15.324999809265137,15.170000076293945,15.260000228881836,13.032346725463867,4838068
2019-04-01,15.3100004196167,15.460000038146973,15.274999618530273,15.380000114440918,13.134828567504883,4635927
2019-04-02,15.40999984741211,15.475000381469727,15.329999923706055,15.375,13.130558967590332,6015394
2019-04-03,15.5,15.5649995803833,15.4350004196167,15.4350004196167,13.181798934936523,3956854
2019-04-04,15.399999618530273,15.399999618530273,15.109999656677246,15.279999732971191,13.049427032470703,6247297
2019-04-05,15.295000076293945,15.475000381469727,15.28499984741211,15.34000015258789,13.100667953491211,5342642
2019-04-08,15.319999694824219,15.354999542236328,15.180000305175781,15.274999618530273,13.045156478881836,8949738
2019-04-09,15.270000457763672,15.395000457763672,15.010000228881836,15.050000190734863,12.853002548217773,7548137
2019-04-10,15.104999542236328,15.414999961853027,15.104999542236328,15.295000076293945,13.062237739562988,6838895
2019-04-11,15.270000457763672,15.295000076293945,15.095000267028809,15.125,12.91705322265625,4103062
2019-04-12,15.1850004196167,15.25,15.055000305175781,15.074999809265137,12.87435245513916,21696222
2019-04-15,15.069999694824219,15.079999923706055,14.885000228881836,14.994999885559082,12.8060302734375,6852044
2019-04-16,14.9399995803833,15.03499984741211,14.824999809265137,14.864999771118164,12.695008277893066,4492846
2019-04-17,14.944999694824219,15.164999961853027,14.885000228881836,15.03499984741211,12.840191841125488,6079406
2019-04-18,15.029999732971191,15.104999542236328,14.914999961853027,15.0649995803833,12.865812301635742,3623035
2019-04-23,15.305000305175781,15.350000381469727,15.154999732971191,15.1850004196167,12.968295097351074,7191315
2019-04-24,15.149999618530273,15.15999984741211,14.805000305175781,14.805000305175781,12.643767356872559,10302553
2019-04-25,14.8100004196167,14.930000305175781,14.675000190734863,14.890000343322754,12.71635913848877,8205640
2019-04-26,14.885000228881836,14.895000457763672,14.6899995803833,14.744999885559082,12.59252643585205,5995534
2019-04-29,14.739999771118164,14.779999732971191,14.600000381469727,14.744999885559082,12.59252643585205,4891225
2019-04-30,14.850000381469727,15.324999809265137,14.829999923706055,15.130000114440918,12.921323776245117,7882536
2019-05-02,15.164999961853027,15.164999961853027,14.774999618530273,14.824999809265137,12.660847663879395,6663624
2019-05-03,14.885000228881836,14.904999732971191,14.760000228881836,14.760000228881836,12.605337142944336,5096351
2019-05-06,14.569999694824219,14.635000228881836,14.449999809265137,14.635000228881836,12.498583793640137,4061460
2019-05-07,14.640000343322754,14.65999984741211,14.324999809265137,14.369999885559082,12.272268295288086,5967258
2019-05-08,14.380000114440918,14.524999618530273,14.3100004196167,14.420000076293945,12.314969062805176,8697735
2019-05-09,14.350000381469727,14.369999885559082,14.229999542236328,14.270000457763672,12.18686580657959,6598243
2019-05-10,14.350000381469727,14.369999885559082,14.194999694824219,14.28499984741211,12.199676513671875,6814120
2019-05-13,14.28499984741211,14.350000381469727,14.175000190734863,14.210000038146973,12.135625839233398,6526394
2019-05-14,14.210000038146973,14.444999694824219,14.164999961853027,14.420000076293945,12.314969062805176,15796073
2019-05-15,14.454999923706055,14.529999732971191,14.34000015258789,14.5,12.38329029083252,6795939
2019-05-16,14.470000267028809,14.694999694824219,14.420000076293945,14.6850004196167,12.541284561157227,7378905
2019-05-17,14.6899995803833,14.829999923706055,14.574999809265137,14.789999961853027,12.630955696105957,7442691
2019-05-20,14.805000305175781,15.03499984741211,14.805000305175781,14.880000114440918,12.707818984985352,7758119
2019-05-21,14.90999984741211,15.09000015258789,14.859999656677246,15.0600004196167,12.861542701721191,7648195
2019-05-22,15.039999961853027,15.100000381469727,14.9399995803833,14.960000038146973,12.776140213012695,6727617
2019-05-23,14.819999694824219,15.010000228881836,14.375,14.4350004196167,12.327779769897461,10710003
2019-05-24,14.539999961853027,14.604999542236328,14.460000038146973,14.515000343322754,12.396101951599121,5046648
2019-05-27,14.595000267028809,14.720000267028809,14.59000015258789,14.625,12.490043640136719,5332925
2019-05-28,14.630000114440918,14.779999732971191,14.600000381469727,14.6850004196167,12.541284561157227,6812575
2019-05-29,14.569999694824219,14.569999694824219,14.335000038146973,14.390000343322754,12.289348602294922,6336643
2019-05-30,14.545000076293945,14.649999618530273,14.494999885559082,14.579999923706055,12.45161247253418,5164413
2019-05-31,14.40999984741211,14.5,14.329999923706055,14.460000038146973,12.349130630493164,15328333
2019-06-03,14.34000015258789,14.53499984741211,14.1850004196167,14.484999656677246,12.370479583740234,13424502
2019-06-04,14.369999885559082,14.704999923706055,14.329999923706055,14.630000114440918,12.49431324005127,5890059
2019-06-05,14.630000114440918,14.770000457763672,14.53499984741211,14.53499984741211,12.413182258605957,15573948
2019-06-06,14.614999771118164,14.6899995803833,14.545000076293945,14.59000015258789,12.460151672363281,22498722
2019-06-07,14.6899995803833,14.835000038146973,14.649999618530273,14.65999984741211,12.51993465423584,8925387
2019-06-10,14.770000457763672,14.8100004196167,14.630000114440918,14.630000114440918,12.49431324005127,3612902
2019-06-11,14.710000038146973,14.765000343322754,14.65999984741211,14.670000076293945,12.528473854064941,8882964
2019-06-12,14.5600004196167,14.59000015258789,14.369999885559082,14.369999885559082,12.272268295288086,5203714
2019-06-13,14.399999618530273,14.524999618530273,14.359999656677246,14.395000457763672,12.293619155883789,8318238
2019-06-14,14.399999618530273,14.46500015258789,14.234999656677246,14.300000190734863,12.21248722076416,6682411
2019-06-17,13.904999732971191,13.904999732971191,13.635000228881836,13.635000228881836,12.070841789245605,12793686
2019-06-18,13.675000190734863,13.890000343322754,13.579999923706055,13.880000114440918,12.287735939025879,15307766
2019-06-19,13.899999618530273,13.9399995803833,13.694999694824219,13.694999694824219,12.123958587646484,18840551
2019-06-20,13.78499984741211,13.9399995803833,13.609999656677246,13.869999885559082,12.27888298034668,13791032
2019-06-21,13.890000343322754,14.074999809265137,13.869999885559082,14.074999809265137,12.460366249084473,17338661
2019-06-24,13.994999885559082,14.175000190734863,13.880000114440918,13.90999984741211,12.31429386138916,16301536
2019-06-25,13.920000076293945,13.925000190734863,13.710000038146973,13.770000457763672,12.19035530090332,11804556
2019-06-26,13.84000015258789,13.9399995803833,13.8100004196167,13.895000457763672,12.30101490020752,8324545
2019-06-27,13.9399995803833,13.944999694824219,13.704999923706055,13.710000038146973,12.137237548828125,5230154
2019-06-28,13.71500015258789,13.78499984741211,13.604999542236328,13.78499984741211,12.203634262084961,5851206
2019-07-01,13.90999984741211,14.095000267028809,13.875,14.095000267028809,12.478071212768555,10412003
2019-07-02,14.020000457763672,14.140000343322754,13.9399995803833,13.9399995803833,12.340852737426758,4596950
2019-07-03,13.90999984741211,13.9399995803833,13.774999618530273,13.774999618530273,12.194780349731445,6998882
2019-07-04,13.774999618530273,13.869999885559082,13.704999923706055,13.770000457763672,12.19035530090332,6132208
2019-07-05,13.800000190734863,13.829999923706055,13.720000267028809,13.739999771118164,12.163796424865723,3717757
2019-07-08,13.795000076293945,13.845000267028809,13.720000267028809,13.755000114440918,12.177075386047363,4183782
2019-07-09,13.699999809265137,13.734999656677246,13.59000015258789,13.694999694824219,12.123958587646484,6763637
2019-07-10,13.710000038146973,13.885000228881836,13.600000381469727,13.789999961853027,12.208060264587402,10180377
2019-07-11,13.899999618530273,13.96500015258789,13.805000305175781,13.845000267028809,12.25675106048584,8810005
2019-07-12,13.850000381469727,14.0,13.850000381469727,13.949999809265137,12.349705696105957,7462331
2019-07-15,13.949999809265137,14.0,13.859999656677246,13.920000076293945,12.32314682006836,6554679
2019-07-16,13.880000114440918,13.904999732971191,13.774999618530273,13.779999732971191,12.199207305908203,16487387
2019-07-17,13.71500015258789,13.720000267028809,13.494999885559082,13.494999885559082,11.946901321411133,4659265
2019-07-18,13.449999809265137,13.46500015258789,13.255000114440918,13.274999618530273,11.7521390914917,7134270
2019-07-19,13.34000015258789,13.40999984741211,13.225000381469727,13.305000305175781,11.778697967529297,7686244
2019-07-22,13.354999542236328,13.395000457763672,13.279999732971191,13.295000076293945,11.769845008850098,4728196
2019-07-23,13.380000114440918,13.555000305175781,13.3100004196167,13.479999542236328,11.933621406555176,15866847
2019-07-24,14.0,14.319999694824219,13.824999809265137,14.289999961853027,12.650702476501465,32448282
2019-07-25,14.420000076293945,14.640000343322754,14.295000076293945,14.539999961853027,12.87202262878418,9656115
2019-07-26,14.545000076293945,14.680000305175781,14.404999732971191,14.585000038146973,12.911861419677734,16305535
2019-07-29,14.555000305175781,14.59000015258789,14.470000267028809,14.569999694824219,12.898581504821777,15149883
2019-07-30,14.59000015258789,14.670000076293945,14.279999732971191,14.369999885559082,12.721525192260742,15653859
2019-07-31,14.444999694824219,14.569999694824219,14.385000228881836,14.385000228881836,12.7348051071167,14594872
2019-08-01,14.414999961853027,14.414999961853027,14.180000305175781,14.270000457763672,12.632996559143066,3636173
2019-08-02,14.010000228881836,14.085000038146973,13.760000228881836,13.8149995803833,12.230191230773926,6627375
2019-08-05,13.734999656677246,13.739999771118164,13.505000114440918,13.579999923706055,12.022150993347168,5569305
2019-08-06,13.5600004196167,13.645000457763672,13.404999732971191,13.404999732971191,11.867225646972656,4819873
2019-08-07,13.425000190734863,13.505000114440918,13.125,13.15999984741211,11.650331497192383,13049548
2019-08-08,13.300000190734863,13.380000114440918,13.154999732971191,13.229999542236328,11.712301254272461,7055457
2019-08-09,13.25,13.279999732971191,13.039999961853027,13.119999885559082,11.614920616149902,6931066
2019-08-12,13.164999961853027,13.210000038146973,12.9350004196167,12.954999923706055,11.468849182128906,6919282
2019-08-13,12.920000076293945,13.255000114440918,12.850000381469727,13.09000015258789,11.588362693786621,6409728
2019-08-14,13.100000381469727,13.104999542236328,12.654999732971191,12.699999809265137,11.243101119995117,10325603
2019-08-15,12.744999885559082,12.795000076293945,12.364999771118164,12.479999542236328,11.048337936401367,5751405
2019-08-16,12.515000343322754,12.59000015258789,12.4350004196167,12.475000381469727,11.043912887573242,6267801
2019-08-19,12.619999885559082,12.819999694824219,12.5649995803833,12.819999694824219,11.349334716796875,4525228
2019-08-20,12.729999542236328,12.770000457763672,12.555000305175781,12.555000305175781,11.11473560333252,6881706
2019-08-21,12.630000114440918,12.869999885559082,12.630000114440918,12.800000190734863,11.331629753112793,5700491
2019-08-22,12.75,12.9399995803833,12.680000305175781,12.78499984741211,11.318349838256836,6467407
2019-08-23,12.8100004196167,12.829999923706055,12.524999618530273,12.550000190734863,11.110308647155762,12567367
2019-08-26,12.489999771118164,12.664999961853027,12.454999923706055,12.595000267028809,11.150146484375,1917867
2019-08-27,12.550000190734863,12.744999885559082,12.529999732971191,12.550000190734863,11.110308647155762,12347131
2019-08-28,12.614999771118164,12.880000114440918,12.529999732971191,12.880000114440918,11.40245246887207,21470838
2019-08-29,12.789999961853027,13.079999923706055,12.734999656677246,13.0649995803833,11.566228866577148,5708439
2019-08-30,13.095000267028809,13.380000114440918,13.085000038146973,13.220000267028809,11.703449249267578,8635970
2019-09-02,13.234999656677246,13.454999923706055,13.234999656677246,13.369999885559082,11.836241722106934,5085282
2019-09-03,13.385000228881836,13.470000267028809,13.255000114440918,13.3100004196167,11.783123970031738,7990633
2019-09-04,13.449999809265137,13.59000015258789,13.359999656677246,13.5600004196167,12.00444507598877,7397860
2019-09-05,13.489999771118164,13.920000076293945,13.489999771118164,13.774999618530273,12.194780349731445,8994851
2019-09-06,13.770000457763672,13.78499984741211,13.604999542236328,13.614999771118164,12.05313491821289,6581679
2019-09-09,13.734999656677246,13.920000076293945,13.720000267028809,13.880000114440918,12.287735939025879,6587844
2019-09-10,13.949999809265137,14.194999694824219,13.9399995803833,14.154999732971191,12.53118896484375,6067110
2019-09-11,14.225000381469727,14.270000457763672,14.005000114440918,14.015000343322754,12.407249450683594,4875022
2019-09-12,14.005000114440918,14.010000228881836,13.6899995803833,13.835000038146973,12.247899055480957,6150337
2019-09-13,13.850000381469727,14.100000381469727,13.829999923706055,13.984999656677246,12.380690574645996,6733473
2019-09-16,14.255000114440918,14.414999961853027,14.095000267028809,14.135000228881836,12.513483047485352,10026824
2019-09-17,14.220000267028809,14.28499984741211,13.819999694824219,14.015000343322754,12.407249450683594,13383773
2019-09-18,13.920000076293945,14.145000457763672,13.859999656677246,14.0649995803833,12.451513290405273,7069463
2019-09-19,14.074999809265137,14.335000038146973,13.975000381469727,14.260000228881836,12.624143600463867,7256663
2019-09-20,14.21500015258789,14.34000015258789,14.074999809265137,14.210000038146973,12.579879760742188,14850615
2019-09-23,14.255000114440918,14.329999923706055,14.135000228881836,14.305000305175781,12.663981437683105,4590713
2019-09-24,14.350000381469727,14.375,14.09000015258789,14.164999961853027,12.540040969848633,4472923
2019-09-25,14.055000305175781,14.140000343322754,13.90999984741211,14.085000038146973,12.469219207763672,8125033
2019-09-26,14.03499984741211,14.265000343322754,14.03499984741211,14.154999732971191,12.53118896484375,4205594
2019-09-27,14.225000381469727,14.4350004196167,14.225000381469727,14.305000305175781,12.663981437683105,6592084
2019-09-30,14.3149995803833,14.430000305175781,14.21500015258789,14.34000015258789,12.694966316223145,5126424
2019-10-01,14.350000381469727,14.449999809265137,14.229999542236328,14.305000305175781,12.663981437683105,4678477
2019-10-02,14.319999694824219,14.319999694824219,13.970000267028809,13.970000267028809,12.367411613464355,9109048
2019-10-03,13.949999809265137,13.949999809265137,13.625,13.734999656677246,12.159369468688965,6147404
2019-10-04,13.779999732971191,13.869999885559082,13.704999923706055,13.78499984741211,12.203634262084961,5020819
2019-10-07,13.829999923706055,14.095000267028809,13.744999885559082,14.095000267028809,12.478071212768555,5864343
2019-10-08,14.119999885559082,14.180000305175781,13.795000076293945,13.9399995803833,12.340852737426758,3762971
2019-10-09,13.8149995803833,14.164999961853027,13.765000343322754,14.09000015258789,12.47364616394043,4715143
2019-10-10,14.045000076293945,14.375,14.020000457763672,14.3100004196167,12.668408393859863,5468324
2019-10-11,14.364999771118164,14.555000305175781,14.359999656677246,14.555000305175781,12.885302543640137,6208875
2019-10-14,14.430000305175781,14.539999961853027,14.369999885559082,14.524999618530273,12.858743667602539,4052594
2019-10-15,14.59000015258789,14.774999618530273,14.505000114440918,14.71500015258789,13.026947021484375,8816222
2019-10-16,14.65999984741211,14.824999809265137,14.569999694824219,14.734999656677246,13.04465389251709,5636046
2019-10-17,14.65999984741211,14.954999923706055,14.635000228881836,14.675000190734863,12.991537094116211,8908103
2019-10-18,14.664999961853027,14.744999885559082,14.460000038146973,14.5,12.8366117477417,6975835
2019-10-21,14.470000267028809,14.670000076293945,14.46500015258789,14.569999694824219,12.898581504821777,4950950
2019-10-22,14.625,14.6899995803833,14.5649995803833,14.600000381469727,12.925140380859375,7777126
2019-10-23,14.555000305175781,14.78499984741211,14.555000305175781,14.774999618530273,13.08006477355957,4078331
2019-10-24,14.800000190734863,15.0,14.779999732971191,14.925000190734863,13.212857246398926,4454748
2019-10-25,14.925000190734863,15.03499984741211,14.890000343322754,14.989999771118164,13.270401000976562,3639909
2019-10-28,15.039999961853027,15.1899995803833,15.0,15.114999771118164,13.381060600280762,4449664
2019-10-29,15.085000038146973,15.114999771118164,14.904999732971191,15.050000190734863,13.323517799377441,5508978
2019-10-30,15.015000343322754,15.095000267028809,14.859999656677246,14.9399995803833,13.22613525390625,6910004
2019-10-31,14.854999542236328,15.3100004196167,14.670000076293945,14.699999809265137,13.013668060302734,17400412
2019-11-01,15.079999923706055,15.199999809265137,15.005000114440918,15.145000457763672,13.407620429992676,6869537
2019-11-04,15.265000343322754,15.59000015258789,15.194999694824219,15.470000267028809,13.695337295532227,6922644
2019-11-05,15.454999923706055,15.664999961853027,15.385000228881836,15.414999961853027,13.646646499633789,10035752
2019-11-06,15.350000381469727,15.40999984741211,15.09000015258789,15.130000114440918,13.394340515136719,15736300
2019-11-07,15.130000114440918,15.244999885559082,14.920000076293945,15.145000457763672,13.407620429992676,11897805
2019-11-08,15.15999984741211,15.15999984741211,14.880000114440918,15.039999961853027,13.314665794372559,5421084
2019-11-11,15.039999961853027,15.069999694824219,14.864999771118164,15.029999732971191,13.30581283569336,7725855
2019-11-12,15.095000267028809,15.1899995803833,14.9350004196167,15.020000457763672,13.296958923339844,4518505
2019-11-13,14.880000114440918,14.904999732971191,14.625,14.720000267028809,13.03137493133545,8384914
2019-11-14,14.670000076293945,14.779999732971191,14.595000267028809,14.595000267028809,12.920714378356934,5301849
2019-11-15,14.6850004196167,14.770000457763672,14.555000305175781,14.6899995803833,13.004816055297852,5231570
2019-11-18,14.680000305175781,14.78499984741211,14.579999923706055,14.630000114440918,12.951698303222656,4590942
2019-11-19,14.614999771118164,14.755000114440918,14.555000305175781,14.614999771118164,12.938419342041016,4315984
2019-11-20,14.550000190734863,14.59000015258789,14.380000114440918,14.545000076293945,12.876449584960938,4468139
2019-11-21,14.454999923706055,14.505000114440918,14.364999771118164,14.444999694824219,12.787920951843262,5297755
2019-11-22,14.470000267028809,14.699999809265137,14.470000267028809,14.600000381469727,12.925140380859375,5348788
2019-11-25,14.699999809265137,14.75,14.635000228881836,14.680000305175781,12.995963096618652,3487490
2019-11-26,14.6899995803833,14.6899995803833,14.550000190734863,14.59000015258789,12.91628646850586,15432390
2019-11-27,14.664999961853027,14.670000076293945,14.470000267028809,14.5,12.8366117477417,4315801
2019-11-28,14.484999656677246,14.524999618530273,14.385000228881836,14.404999732971191,12.752509117126465,4333479
2019-11-29,14.359999656677246,14.4350004196167,14.25,14.289999961853027,12.650702476501465,4250601
2019-12-02,14.3100004196167,14.414999961853027,14.079999923706055,14.145000457763672,12.522336959838867,6236249
2019-12-03,14.100000381469727,14.130000114440918,13.975000381469727,14.095000267028809,12.478071212768555,7684944
2019-12-04,14.09000015258789,14.390000343322754,14.09000015258789,14.350000381469727,12.703819274902344,12602100
2019-12-05,14.40999984741211,14.5,14.329999923706055,14.34000015258789,12.694966316223145,8464034
2019-12-06,14.385000228881836,14.6850004196167,14.345000267028809,14.635000228881836,12.956125259399414,5720010
2019-12-09,14.65999984741211,14.664999961853027,14.430000305175781,14.460000038146973,12.801199913024902,5006379
2019-12-10,14.404999732971191,14.4399995803833,14.229999542236328,14.350000381469727,12.703819274902344,5181399
2019-12-11,14.40999984741211,14.46500015258789,14.345000267028809,14.350000381469727,12.703819274902344,5257987
2019-12-12,14.390000343322754,14.4399995803833,14.180000305175781,14.375,12.725950241088867,8125332
2019-12-13,14.5,14.53499984741211,14.28499984741211,14.324999809265137,12.681687355041504,7409070
2019-12-16,14.4399995803833,14.470000267028809,14.345000267028809,14.399999618530273,12.748083114624023,7962371
2019-12-17,14.055000305175781,14.125,13.954999923706055,13.960000038146973,12.733489036560059,6986347
2019-12-18,13.960000038146973,14.114999771118164,13.944999694824219,13.979999542236328,12.751731872558594,9080059
2019-12-19,13.96500015258789,14.0,13.90999984741211,13.979999542236328,12.751731872558594,6377030
2019-12-20,13.954999923706055,14.095000267028809,13.954999923706055,14.085000038146973,12.84750747680664,25724495
2019-12-23,14.039999961853027,14.149999618530273,14.020000457763672,14.149999618530273,12.9067964553833,3908790
2019-12-24,14.154999732971191,14.154999732971191,14.039999961853027,14.154999732971191,12.911355972290039,1262746
2019-12-25,14.154999732971191,14.154999732971191,14.154999732971191,14.154999732971191,12.911355972290039,0
2019-12-27,14.154999732971191,14.265000343322754,14.130000114440918,14.199999809265137,12.95240306854248,2949913
2019-12-30,14.180000305175781,14.199999809265137,14.125,14.125,12.883992195129395,2012826
2019-12-31,14.100000381469727,14.100000381469727,13.930000305175781,13.930000305175781,12.706125259399414,2221149
2020-01-02,14.029999732971191,14.135000228881836,13.975000381469727,14.0649995803833,12.829263687133789,5576733
2020-01-03,14.104999542236328,14.279999732971191,14.0600004196167,14.239999771118164,12.988887786865234,4769535
2020-01-06,14.260000228881836,14.475000381469727,14.260000228881836,14.350000381469727,13.089223861694336,3960659
2020-01-07,14.364999771118164,14.420000076293945,14.229999542236328,14.229999542236328,12.979766845703125,6809406
2020-01-08,14.229999542236328,14.375,14.154999732971191,14.359999656677246,13.098344802856445,4661762
2020-01-09,14.399999618530273,14.404999732971191,14.15999984741211,14.170000076293945,12.925039291381836,9326800
2020-01-10,14.25,14.404999732971191,14.135000228881836,14.319999694824219,13.061860084533691,3762822
2020-01-13,14.350000381469727,14.350000381469727,14.135000228881836,14.244999885559082,12.993449211120605,9160802
2020-01-14,14.244999885559082,14.279999732971191,14.175000190734863,14.234999656677246,12.984328269958496,5799009
2020-01-15,14.21500015258789,14.239999771118164,14.045000076293945,14.100000381469727,12.861188888549805,4016320
2020-01-16,14.09000015258789,14.265000343322754,14.074999809265137,14.145000457763672,12.902235984802246,4264590
2020-01-17,14.199999809265137,14.239999771118164,14.015000343322754,14.039999961853027,12.8064603805542,4323080
2020-01-20,14.0649995803833,14.074999809265137,13.864999771118164,13.920000076293945,12.697004318237305,7740315
2020-01-21,13.854999542236328,13.854999542236328,13.71500015258789,13.774999618530273,12.564743041992188,20149802
2020-01-22,13.800000190734863,13.8100004196167,13.600000381469727,13.600000381469727,12.405118942260742,8705875
2020-01-23,13.5,13.5,13.045000076293945,13.130000114440918,11.976412773132324,11851595
2020-01-24,13.125,13.229999542236328,13.09000015258789,13.100000381469727,11.94904899597168,7410029
2020-01-27,12.9350004196167,12.9350004196167,12.649999618530273,12.649999618530273,11.53858470916748,8906675
2020-01-28,12.710000038146973,12.819999694824219,12.59000015258789,12.770000457763672,11.648041725158691,10668180
2020-01-29,12.890000343322754,12.920000076293945,12.699999809265137,12.795000076293945,11.670845031738281,15454614
2020-01-30,12.675000190734863,12.739999771118164,12.539999961853027,12.579999923706055,11.47473430633545,10235930
2020-01-31,12.680000305175781,12.680000305175781,12.40999984741211,12.46500015258789,11.36983871459961,7611213
2020-02-03,12.46500015258789,12.475000381469727,12.28499984741211,12.28499984741211,11.205653190612793,10596894
2020-02-04,12.380000114440918,12.595000267028809,12.350000381469727,12.579999923706055,11.47473430633545,8288812
2020-02-05,12.545000076293945,12.925000190734863,12.489999771118164,12.795000076293945,11.670845031738281,14104207
2020-02-06,12.930000305175781,12.970000267028809,12.744999885559082,12.824999809265137,11.698209762573242,22068690
2020-02-07,12.829999923706055,12.829999923706055,12.710000038146973,12.755000114440918,11.634359359741211,5926955
2020-02-10,12.75,12.765000343322754,12.59000015258789,12.59000015258789,11.483856201171875,6964625
2020-02-11,12.680000305175781,12.75,12.609999656677246,12.744999885559082,11.625237464904785,5190198
2020-02-12,12.78499984741211,12.895000457763672,12.760000228881836,12.770000457763672,11.648041725158691,6455374
2020-02-13,12.75,12.75,12.545000076293945,12.664999961853027,11.552266120910645,5688394
2020-02-14,12.6850004196167,12.770000457763672,12.619999885559082,12.649999618530273,11.53858470916748,3683911
2020-02-17,12.5649995803833,12.649999618530273,12.515000343322754,12.524999618530273,11.424566268920898,5301328
2020-02-18,12.5,12.53499984741211,12.34000015258789,12.345000267028809,11.260381698608398,7076534
2020-02-19,12.479999542236328,12.479999542236328,12.274999618530273,12.350000381469727,11.264942169189453,14311397
2020-02-20,12.28499984741211,12.529999732971191,12.260000228881836,12.295000076293945,11.214774131774902,14010032
2020-02-21,12.239999771118164,12.239999771118164,11.899999618530273,11.954999923706055,10.904645919799805,19411232
2020-02-24,11.704999923706055,11.720000267028809,11.21500015258789,11.3149995803833,10.320876121520996,16931041
2020-02-25,11.369999885559082,11.369999885559082,10.925000190734863,10.96500015258789,10.001626968383789,19539940
2020-02-26,10.854999542236328,10.979999542236328,10.725000381469727,10.864999771118164,9.910412788391113,14073304
2020-02-27,10.720000267028809,10.725000381469727,10.270000457763672,10.510000228881836,9.586603164672852,14509675
2020-02-28,10.1850004196167,10.329999923706055,10.015000343322754,10.130000114440918,9.239989280700684,32611097
2020-03-02,10.510000228881836,10.515000343322754,9.972000122070312,10.21500015258789,9.317521095275879,20049068
2020-03-03,10.470000267028809,10.675000190734863,10.279999732971191,10.350000381469727,9.44066047668457,10559081
2020-03-04,10.385000228881836,10.4350004196167,10.170000076293945,10.289999961853027,9.385931015014648,12700207
2020-03-05,10.354999542236328,10.354999542236328,10.029999732971191,10.09000015258789,9.203502655029297,16028444
2020-03-06,10.0,10.0,9.600000381469727,9.600000381469727,8.75655460357666,16585403
2020-03-09,8.0,8.505999565124512,7.958000183105469,8.14799976348877,7.432125091552734,35545925
2020-03-10,8.293999671936035,9.022000312805176,8.14799976348877,8.279999732971191,7.552527904510498,23649183
2020-03-11,8.437999725341797,8.529999732971191,8.241999626159668,8.317999839782715,7.587189197540283,28384800
2020-03-12,8.008000373840332,8.022000312805176,7.1620001792907715,7.199999809265137,6.567415714263916,41428239
2020-03-13,8.222000122070312,8.279999732971191,7.4120001792907715,7.541999816894531,6.879367828369141,17689172
2020-03-16,7.322000026702881,7.375999927520752,6.519999980926514,6.77400016784668,6.178843975067139,39740950
2020-03-17,7.480000019073486,7.480000019073486,6.550000190734863,6.76800012588501,6.173370838165283,31864669
2020-03-18,6.677999973297119,6.771999835968018,6.136000156402588,6.142000198364258,5.602370738983154,19663393
2020-03-19,6.179999828338623,6.4120001792907715,5.920000076293945,6.03000020980835,5.500211238861084,26149008
2020-03-20,6.46999979019165,6.638000011444092,6.1579999923706055,6.168000221252441,5.626086235046387,35961306
2020-03-23,6.099999904632568,6.449999809265137,6.099999904632568,6.211999893188477,5.666220188140869,39428358
2020-03-24,6.650000095367432,7.185999870300293,6.449999809265137,7.185999870300293,6.554645538330078,43694632
2020-03-25,7.526000022888184,7.880000114440918,6.958000183105469,7.374000072479248,6.726128101348877,14427609
2020-03-26,7.223999977111816,7.679999828338623,7.159999847412109,7.650000095367432,6.977879524230957,16668883
2020-03-27,7.5,7.546000003814697,7.202000141143799,7.3460001945495605,6.700588703155518,12848688
2020-03-30,7.639999866485596,7.789999961853027,7.210000038146973,7.5920000076293945,6.9249749183654785,8788233
2020-03-31,7.820000171661377,8.390000343322754,7.7220001220703125,8.331999778747559,7.599959373474121,14993423
2020-04-01,8.218000411987305,8.399999618530273,8.020000457763672,8.100000381469727,7.38834285736084,11626580
2020-04-02,8.449999809265137,8.970000267028809,8.329999923706055,8.588000297546387,7.833467483520508,17389836
2020-04-03,8.539999961853027,8.678000450134277,8.079999923706055,8.251999855041504,7.5269880294799805,13324374
2020-04-06,8.800000190734863,8.800000190734863,8.1899995803833,8.1899995803833,7.47043514251709,12501690
2020-04-07,8.4399995803833,8.588000297546387,8.180000305175781,8.46399974822998,7.720361709594727,11032146
2020-04-08,8.489999771118164,8.501999855041504,8.206000328063965,8.362000465393066,7.627324104309082,5884225
2020-04-09,8.600000381469727,8.619999885559082,8.251999855041504,8.28600025177002,7.5580010414123535,10806445
2020-04-14,8.722000122070312,8.722000122070312,8.043999671936035,8.043999671936035,7.3372626304626465,12791793
2020-04-15,8.0,8.001999855041504,7.435999870300293,7.435999870300293,6.782680988311768,14287060
2020-04-16,7.519999980926514,7.644000053405762,7.124000072479248,7.331999778747559,6.6878180503845215,9756234
2020-04-17,7.521999835968018,7.785999774932861,7.498000144958496,7.785999774932861,7.101930141448975,9774192
2020-04-20,7.633999824523926,7.765999794006348,7.5,7.734000205993652,7.05449914932251,8176040
2020-04-21,7.340000152587891,7.5,7.239999771118164,7.2779998779296875,6.6385626792907715,14554333
2020-04-22,7.302000045776367,7.590000152587891,7.210000038146973,7.394000053405762,6.74437141418457,11295567
2020-04-23,7.579999923706055,7.943999767303467,7.498000144958496,7.840000152587891,7.151185989379883,18314971
2020-04-24,7.800000190734863,8.053999900817871,7.5279998779296875,7.742000102996826,7.061796188354492,7306252
2020-04-27,7.940000057220459,7.960000038146973,7.625999927520752,7.811999797821045,7.125646114349365,5496779
2020-04-28,7.599999904632568,7.918000221252441,7.5320000648498535,7.9120001792907715,7.216860294342041,8935408
2020-04-29,7.978000164031982,8.501999855041504,7.927999973297119,8.501999855041504,7.75502347946167,11560657
2020-04-30,8.600000381469727,8.770000457763672,8.284000396728516,8.314000129699707,7.583541393280029,10430331
2020-05-04,8.050000190734863,8.050000190734863,7.631999969482422,7.665999889373779,6.992473125457764,18186384
2020-05-05,8.390000343322754,8.779999732971191,8.079999923706055,8.678000450134277,7.915560245513916,17628932
2020-05-06,8.649999618530273,9.149999618530273,8.449999809265137,8.505999565124512,7.758671283721924,18339136
2020-05-07,8.59000015258789,8.890000343322754,8.539999961853027,8.77400016784668,8.003125190734863,7923690
2020-05-08,8.949999809265137,8.949999809265137,8.562000274658203,8.633999824523926,7.875425338745117,13926709
2020-05-11,8.821999549865723,8.821999549865723,8.449999809265137,8.503999710083008,7.756847381591797,8690523
2020-05-12,8.473999977111816,8.565999984741211,8.32800006866455,8.357999801635742,7.6236748695373535,7235596
2020-05-13,8.326000213623047,8.338000297546387,8.069999694824219,8.069999694824219,7.360978126525879,6888087
2020-05-14,8.027999877929688,8.173999786376953,7.703999996185303,8.173999786376953,7.455840587615967,14502621
2020-05-15,8.350000381469727,8.428000450134277,8.039999961853027,8.104000091552734,7.391991138458252,7028743
2020-05-18,8.446000099182129,8.640000343322754,8.36400032043457,8.640000343322754,7.880899429321289,7265125
2020-05-19,8.699999809265137,8.720000267028809,8.432000160217285,8.545999526977539,7.795157432556152,9364123
2020-05-20,8.539999961853027,8.75,8.307999610900879,8.73799991607666,7.970288276672363,7964743
2020-05-21,8.579999923706055,8.6899995803833,8.392000198364258,8.446000099182129,7.703943729400635,6871153
2020-05-22,8.359999656677246,8.498000144958496,8.168000221252441,8.291999816894531,7.563473701477051,6862465
2020-05-25,8.432000160217285,8.4399995803833,8.305999755859375,8.39799976348877,7.660160064697266,3549892
2020-05-26,8.496000289916992,8.642000198364258,8.468000411987305,8.616000175476074,7.859007358551025,7244932
2020-05-27,8.640000343322754,9.170000076293945,8.628000259399414,8.87600040435791,8.09616470336914,15153611
2020-05-28,8.979999542236328,8.979999542236328,8.718000411987305,8.869999885559082,8.090691566467285,5919830
2020-05-29,8.75,8.758000373840332,8.35200023651123,8.369999885559082,7.634620666503906,18371818
2020-06-01,8.600000381469727,8.736000061035156,8.46399974822998,8.616000175476074,7.859007358551025,8134542
2020-06-02,8.706000328063965,9.0600004196167,8.694000244140625,8.97599983215332,8.187378883361816,12881005
2020-06-03,9.149999618530273,9.23799991607666,8.934000015258789,9.12600040435791,8.324199676513672,11760913
2020-06-04,9.10200023651123,9.25,8.887999534606934,9.045999526977539,8.251227378845215,22197459
2020-06-05,9.180000305175781,9.59000015258789,9.149999618530273,9.529999732971191,8.692704200744629,17079746
2020-06-08,9.654000282287598,10.074999809265137,9.619999885559082,9.72599983215332,8.87148380279541,15671559
2020-06-09,9.779999732971191,9.821999549865723,9.079999923706055,9.236000061035156,8.424534797668457,16775174
2020-06-10,9.32800006866455,9.428000450134277,9.133999824523926,9.156000137329102,8.351563453674316,13098224
2020-06-11,9.020000457763672,9.026000022888184,8.581999778747559,8.581999778747559,7.827994346618652,12244209
2020-06-12,8.5,8.937999725341797,8.399999618530273,8.687999725341797,7.924681186676025,11420143
2020-06-15,8.586000442504883,8.760000228881836,8.418000221252441,8.680000305175781,7.917384147644043,10848303
2020-06-16,8.539999961853027,8.680000305175781,8.321999549865723,8.420000076293945,8.141716957092285,13230479
2020-06-17,8.40999984741211,8.48799991607666,8.145999908447266,8.229999542236328,7.957995891571045,22903745
2020-06-18,8.175999641418457,8.251999855041504,8.010000228881836,8.206000328063965,7.934790134429932,9991680
2020-06-19,8.25,8.416000366210938,8.229999542236328,8.29800033569336,8.023749351501465,28931722
2020-06-22,8.244000434875488,8.251999855041504,8.053999900817871,8.131999969482422,7.8632354736328125,19797582
2020-06-23,8.220000267028809,8.38599967956543,8.11400032043457,8.300000190734863,8.025683403015137,13584257
2020-06-24,8.270000457763672,8.359999656677246,7.868000030517578,7.868000030517578,7.6079607009887695,7668558
2020-06-25,7.8480000495910645,8.039999961853027,7.7220001220703125,8.0,7.735598087310791,15441426
2020-06-26,8.100000381469727,8.121999740600586,7.73199987411499,7.769999980926514,7.513199806213379,10318052
2020-06-29,7.769999980926514,7.914000034332275,7.642000198364258,7.866000175476074,7.606027126312256,9739630
2020-06-30,7.843999862670898,7.920000076293945,7.6479997634887695,7.785999774932861,7.528670787811279,10214379
2020-07-01,7.828000068664551,8.008000373840332,7.716000080108643,7.886000156402588,7.625365734100342,6933381
2020-07-02,7.955999851226807,8.109999656677246,7.926000118255615,8.03600025177002,7.770408630371094,7917415
2020-07-03,8.029999732971191,8.043999671936035,7.78000020980835,7.815999984741211,7.557679176330566,8372447
2020-07-06,8.0,8.13599967956543,7.923999786376953,7.973999977111816,7.7104573249816895,5879437
2020-07-07,7.940000057220459,7.9720001220703125,7.829999923706055,7.869999885559082,7.609894275665283,11007828
2020-07-08,7.800000190734863,7.8520002365112305,7.710000038146973,7.739999771118164,7.484190940856934,6810828
2020-07-09,7.788000106811523,7.840000152587891,7.510000228881836,7.5320000648498535,7.2830657958984375,6409078
2020-07-10,7.5,7.697999954223633,7.455999851226807,7.624000072479248,7.372025012969971,5861891
2020-07-13,7.763999938964844,7.854000091552734,7.673999786376953,7.783999919891357,7.526736736297607,3497226
2020-07-14,7.699999809265137,7.986000061035156,7.684000015258789,7.986000061035156,7.722060680389404,5160531
2020-07-15,8.0,8.071999549865723,7.872000217437744,7.906000137329102,7.644704818725586,6639223
2020-07-16,7.98199987411499,8.076000213623047,7.909999847412109,8.013999938964844,7.749135494232178,5052837
2020-07-17,7.98799991607666,8.01200008392334,7.835999965667725,7.874000072479248,7.613762378692627,7632648
2020-07-20,7.828000068664551,7.828000068664551,7.682000160217285,7.73799991607666,7.48225736618042,3937960
2020-07-21,7.857999801635742,7.927999973297119,7.702000141143799,7.927999973297119,7.665977478027344,6557759
2020-07-22,7.849999904632568,7.923999786376953,7.638000011444092,7.670000076293945,7.416504859924316,7345795
2020-07-23,7.869999885559082,7.869999885559082,7.533999919891357,7.579999923706055,7.329479217529297,6492829
2020-07-24,7.5,7.544000148773193,7.389999866485596,7.389999866485596,7.145758628845215,7693242
2020-07-27,7.360000133514404,7.360000133514404,7.119999885559082,7.1620001792907715,6.925294399261475,7338541
2020-07-28,7.196000099182129,7.27400016784668,7.061999797821045,7.061999797821045,6.828598976135254,7305247
2020-07-29,7.099999904632568,7.122000217437744,6.955999851226807,7.035999774932861,6.803458213806152,6030470
2020-07-30,7.0,7.03000020980835,6.7220001220703125,6.788000106811523,6.563654899597168,11500916
2020-07-31,6.840000152587891,6.869999885559082,6.567999839782715,6.579999923706055,6.362529277801514,11272329
2020-08-03,6.579999923706055,6.716000080108643,6.461999893188477,6.693999767303467,6.472761631011963,10392339
2020-08-04,6.76200008392334,6.964000225067139,6.75,6.915999889373779,6.687424659729004,10615675
2020-08-05,7.0,7.107999801635742,6.953999996185303,7.058000087738037,6.824731349945068,8404393
2020-08-06,7.0,7.019999980926514,6.7820000648498535,6.800000190734863,6.575258731842041,8640329
2020-08-07,6.791999816894531,6.829999923706055,6.664000034332275,6.676000118255615,6.455356597900391,7539662
2020-08-10,6.751999855041504,6.900000095367432,6.716000080108643,6.802000045776367,6.577192306518555,7113723
2020-08-11,6.874000072479248,7.294000148773193,6.872000217437744,7.124000072479248,6.888550281524658,10733545
2020-08-12,7.070000171661377,7.236000061035156,7.021999835968018,7.197999954223633,6.960104465484619,8469201
2020-08-13,7.179999828338623,7.230000019073486,7.053999900817871,7.053999900817871,6.820863723754883,7065877
2020-08-14,7.039999961853027,7.041999816894531,6.866000175476074,6.98799991607666,6.757044792175293,7637094
2020-08-17,6.966000080108643,7.035999774932861,6.826000213623047,6.8420000076293945,6.615870475769043,8106132
2020-08-18,6.820000171661377,6.923999786376953,6.7220001220703125,6.75600004196167,6.532712459564209,5668138
2020-08-19,6.734000205993652,6.820000171661377,6.685999870300293,6.820000171661377,6.594597339630127,16353169
2020-08-20,6.703999996185303,6.783999919891357,6.670000076293945,6.691999912261963,6.470827579498291,9607026
2020-08-21,6.699999809265137,6.730000019073486,6.558000087738037,6.616000175476074,6.397339820861816,11385290
2020-08-24,6.685999870300293,6.949999809265137,6.642000198364258,6.934000015258789,6.704829692840576,8132622
2020-08-25,6.949999809265137,7.058000087738037,6.776000022888184,6.791999816894531,6.5675225257873535,8005816
2020-08-26,6.769999980926514,6.941999912261963,6.728000164031982,6.857999801635742,6.631341457366943,4767540
2020-08-27,6.8480000495910645,6.966000080108643,6.78000020980835,6.881999969482422,6.654548168182373,5274645
2020-08-28,6.958000183105469,6.986000061035156,6.880000114440918,6.9019999504089355,6.673887252807617,4662568
2020-08-31,6.980000019073486,7.047999858856201,6.622000217437744,6.622000217437744,6.403141498565674,7825072
2020-09-01,6.728000164031982,6.75600004196167,6.510000228881836,6.604000091552734,6.385736465454102,6830177
2020-09-02,6.645999908447266,6.699999809265137,6.4019999504089355,6.432000160217285,6.219420909881592,9082417
2020-09-03,6.453999996185303,6.579999923706055,6.4019999504089355,6.4120001792907715,6.200081825256348,12076271
2020-09-04,6.432000160217285,6.645999908447266,6.432000160217285,6.447999954223633,6.234891891479492,12050216
2020-09-07,6.521999835968018,6.688000202178955,6.47599983215332,6.636000156402588,6.4166789054870605,8209892
2020-09-08,6.690000057220459,6.690000057220459,6.2820000648498535,6.334000110626221,6.124660015106201,11093775
2020-09-09,6.329999923706055,6.480000019073486,6.302000045776367,6.389999866485596,6.178808689117432,9368681
2020-09-10,6.4120001792907715,6.546000003814697,6.340000152587891,6.460000038146973,6.246495723724365,6407146
2020-09-11,6.440000057220459,6.447999954223633,6.300000190734863,6.394000053405762,6.182676792144775,6554592
2020-09-14,6.443999767303467,6.489999771118164,6.25,6.265999794006348,6.0589070320129395,6902434
2020-09-15,6.251999855041504,6.480000019073486,6.223999977111816,6.452000141143799,6.238759994506836,9523922
2020-09-16,6.440000057220459,6.584000110626221,6.363999843597412,6.547999858856201,6.331586837768555,6211843
2020-09-17,6.5,6.622000217437744,6.452000141143799,6.521999835968018,6.306446075439453,9703675
2020-09-18,6.552000045776367,6.552000045776367,6.314000129699707,6.314000129699707,6.105320930480957,19796444
2020-09-21,6.2820000648498535,6.2820000648498535,6.041999816894531,6.111999988555908,5.90999698638916,8866200
2020-09-22,6.1519999504089355,6.366000175476074,6.081999778747559,6.208000183105469,6.002824306488037,9184801
2020-09-23,6.234000205993652,6.300000190734863,6.039999961853027,6.056000232696533,5.8558478355407715,9984115
2020-09-24,6.0,6.084000110626221,5.889999866485596,5.889999866485596,5.695333957672119,30849532
2020-09-25,5.964000225067139,5.98799991607666,5.723999977111816,5.754000186920166,5.563828945159912,18449237
2020-09-28,5.8420000076293945,5.929999828338623,5.794000148773193,5.881999969482422,5.68759822845459,15390396
2020-09-29,5.886000156402588,5.889999866485596,5.670000076293945,5.670000076293945,5.48260498046875,7312523
2020-09-30,5.6620001792907715,5.822000026702881,5.616000175476074,5.7220001220703125,5.532886505126953,17556253
2020-10-01,5.76800012588501,5.800000190734863,5.507999897003174,5.51200008392334,5.329827308654785,11621364
2020-10-02,5.5,5.521999835968018,5.372000217437744,5.51800012588501,5.335628986358643,13159019
2020-10-05,5.593999862670898,5.789999961853027,5.550000190734863,5.7220001220703125,5.532886505126953,9641308
2020-10-06,5.769999980926514,6.052000045776367,5.742000102996826,6.004000186920166,5.805566310882568,10838152
2020-10-07,5.989999771118164,6.061999797821045,5.920000076293945,6.0320000648498535,5.832641124725342,8792461
2020-10-08,6.099999904632568,6.297999858856201,5.99399995803833,6.242000102996826,6.03570032119751,9894617
2020-10-09,6.300000190734863,6.423999786376953,6.245999813079834,6.309999942779541,6.101452827453613,9226230
2020-10-12,6.297999858856201,6.300000190734863,6.202000141143799,6.202000141143799,5.99702262878418,5167901
2020-10-13,6.2220001220703125,6.320000171661377,6.127999782562256,6.142000198364258,5.9390058517456055,6443718
2020-10-14,6.081999778747559,6.179999828338623,5.949999809265137,6.131999969482422,5.929336071014404,7871379
2020-10-15,6.038000106811523,6.056000232696533,5.888000011444092,5.918000221252441,5.722408771514893,7843293
2020-10-16,5.986000061035156,6.001999855041504,5.806000232696533,6.001999855041504,5.8036322593688965,10159146
2020-10-19,5.995999813079834,6.078000068664551,5.868000030517578,5.926000118255615,5.730144500732422,6147678
2020-10-20,5.892000198364258,5.935999870300293,5.776000022888184,5.854000091552734,5.660523891448975,6086770
2020-10-21,5.900000095367432,5.900000095367432,5.656000137329102,5.665999889373779,5.4787373542785645,8809694
2020-10-22,5.650000095367432,5.682000160217285,5.521999835968018,5.6620001792907715,5.474869728088379,8796042
2020-10-23,5.697999954223633,5.895999908447266,5.685999870300293,5.823999881744385,5.6315155029296875,8179919
2020-10-26,5.644000053405762,5.843999862670898,5.610000133514404,5.642000198364258,5.455530643463135,7508932
2020-10-27,5.679999828338623,5.684000015258789,5.409999847412109,5.460000038146973,5.279545783996582,13285418
2020-10-28,5.389999866485596,5.395999908447266,5.150000095367432,5.271999835968018,5.097758769989014,15663400
2020-10-29,5.26200008392334,5.360000133514404,5.041999816894531,5.22599983215332,5.053279399871826,13362050
2020-10-30,5.150000095367432,5.368000030517578,5.122000217437744,5.340000152587891,5.163511753082275,9000939
2020-11-02,5.340000152587891,5.679999828338623,5.263999938964844,5.671999931335449,5.484539031982422,10452056
2020-11-03,5.71999979019165,5.880000114440918,5.679999828338623,5.785999774932861,5.594770908355713,12350684
2020-11-04,5.676000118255615,5.918000221252441,5.567999839782715,5.900000095367432,5.70500373840332,10855265
2020-11-05,5.935999870300293,5.953999996185303,5.783999919891357,5.783999919891357,5.592837333679199,9379179
2020-11-06,5.78000020980835,5.872000217437744,5.71999979019165,5.771999835968018,5.581233978271484,9130093
2020-11-09,5.8460001945495605,6.834000110626221,5.803999900817871,6.823999881744385,6.5984649658203125,35275931
2020-11-10,6.788000106811523,7.809999942779541,6.673999786376953,7.645999908447266,7.3932976722717285,43813525
2020-11-11,7.702000141143799,7.9679999351501465,7.389999866485596,7.676000118255615,7.422306537628174,21276769
2020-11-12,7.576000213623047,7.616000175476074,7.317999839782715,7.355999946594238,7.112882614135742,15702058
2020-11-13,7.199999809265137,7.375999927520752,7.021999835968018,7.26200008392334,7.021989345550537,15092259
2020-11-16,7.400000095367432,7.949999809265137,7.380000114440918,7.9120001792907715,7.650506496429443,19487552
2020-11-17,7.877999782562256,7.955999851226807,7.650000095367432,7.843999862670898,7.58475399017334,15183290
2020-11-18,7.800000190734863,8.041999816894531,7.716000080108643,7.938000202178955,7.675647258758545,9373447
2020-11-19,7.800000190734863,7.8420000076293945,7.682000160217285,7.745999813079834,7.489992618560791,10533416
2020-11-20,7.7779998779296875,7.900000095367432,7.723999977111816,7.723999977111816,7.468719959259033,9741724
2020-11-23,7.947999954223633,8.354000091552734,7.920000076293945,8.329999923706055,8.054691314697266,19811322
2020-11-24,8.449999809265137,8.85200023651123,8.4399995803833,8.85200023651123,8.559439659118652,16598095
2020-11-25,8.850000381469727,8.979999542236328,8.513999938964844,8.739999771118164,8.451140403747559,14079937
2020-11-26,8.736000061035156,8.73799991607666,8.223999977111816,8.435999870300293,8.157188415527344,15300784
2020-11-27,8.420000076293945,8.510000228881836,8.229999542236328,8.486000061035156,8.205535888671875,39814811
2020-11-30,8.37399959564209,8.45199966430664,8.057999610900879,8.057999610900879,7.791680812835693,33459454
2020-12-01,8.064000129699707,8.371999740600586,8.031999588012695,8.220000267028809,7.94832706451416,11642414
2020-12-02,8.086000442504883,8.28600025177002,7.929999828338623,8.25,7.977335453033447,14348611
2020-12-03,8.199999809265137,8.223999977111816,7.989999771118164,8.131999969482422,7.8632354736328125,13457962
2020-12-04,8.192000389099121,8.604000091552734,8.178000450134277,8.562000274658203,8.279024124145508,13972634
2020-12-07,8.5,8.513999938964844,8.312000274658203,8.479999542236328,8.19973373413086,9098450
2020-12-08,8.432000160217285,8.657999992370605,8.37600040435791,8.60200023651123,8.317702293395996,8342443
2020-12-09,8.640000343322754,8.98799991607666,8.640000343322754,8.857999801635742,8.565240859985352,14897280
2020-12-10,8.871999740600586,8.98799991607666,8.736000061035156,8.949999809265137,8.654200553894043,10007135
2020-12-11,8.942000389099121,8.972000122070312,8.612000465393066,8.779999732971191,8.489818572998047,11354251
2020-12-14,8.911999702453613,8.979999542236328,8.588000297546387,8.619999885559082,8.33510684967041,11567399
2020-12-15,8.616000175476074,8.755999565124512,8.5,8.746000289916992,8.456942558288574,6879271
2020-12-16,8.760000228881836,8.965999603271484,8.612000465393066,8.71399974822998,8.425999641418457,11761541
2020-12-17,8.5,8.565999984741211,8.265999794006348,8.284000396728516,8.284000396728516,14644175
2020-12-18,8.199999809265137,8.272000312805176,8.076000213623047,8.142000198364258,8.142000198364258,38868306
2020-12-21,7.78000020980835,7.888000011444092,7.5,7.840000152587891,7.840000152587891,30557278
2020-12-22,7.817999839782715,7.886000156402588,7.75,7.8379998207092285,7.8379998207092285,6954104
2020-12-23,7.8480000495910645,8.211999893188477,7.809999942779541,8.199999809265137,8.199999809265137,6548485
2020-12-24,8.220000267028809,8.345999717712402,8.163999557495117,8.345999717712402,8.345999717712402,3094707
2020-12-28,8.428000450134277,8.447999954223633,8.300000190734863,8.319999694824219,8.319999694824219,6435171
2020-12-29,8.371999740600586,8.416000366210938,8.222000122070312,8.314000129699707,8.314000129699707,6141224
2020-12-30,8.321999549865723,8.369999885559082,8.246000289916992,8.28600025177002,8.28600025177002,5024235
2020-12-31,8.253999710083008,8.312000274658203,8.157999992370605,8.25,8.25,2973311
2021-01-04,8.32800006866455,8.510000228881836,8.081999778747559,8.105999946594238,8.105999946594238,7901137
2021-01-05,8.142000198364258,8.729999542236328,8.133999824523926,8.729999542236328,8.729999542236328,11674727
2021-01-06,8.784000396728516,8.984000205993652,8.73799991607666,8.850000381469727,8.850000381469727,12401959
2021-01-07,8.88599967956543,8.949999809265137,8.579999923706055,8.881999969482422,8.881999969482422,17011938
2021-01-08,8.979999542236328,8.98799991607666,8.692000389099121,8.72599983215332,8.72599983215332,11807348
2021-01-11,8.663999557495117,8.72599983215332,8.539999961853027,8.63599967956543,8.63599967956543,5986272
2021-01-12,8.739999771118164,8.894000053405762,8.680000305175781,8.821999549865723,8.821999549865723,7688675
2021-01-13,8.859999656677246,8.92199993133545,8.694000244140625,8.70199966430664,8.70199966430664,5309109
2021-01-14,8.699999809265137,8.895999908447266,8.692000389099121,8.862000465393066,8.862000465393066,8655977
2021-01-15,8.819999694824219,8.855999946594238,8.522000312805176,8.652000427246094,8.652000427246094,8581202
2021-01-18,8.576000213623047,8.715999603271484,8.520000457763672,8.67199993133545,8.67199993133545,4430818
2021-01-19,8.710000038146973,8.779999732971191,8.621999740600586,8.631999969482422,8.631999969482422,16590328
2021-01-20,8.723999977111816,8.871999740600586,8.67199993133545,8.845999717712402,8.845999717712402,5764107
2021-01-21,8.859999656677246,8.87600040435791,8.5600004196167,8.569999694824219,8.569999694824219,11694014
2021-01-22,8.5,8.5,8.27400016784668,8.45199966430664,8.45199966430664,12828860
2021-01-25,8.517999649047852,8.5600004196167,8.229999542236328,8.300000190734863,8.300000190734863,8274994
2021-01-26,8.25,8.565999984741211,8.239999771118164,8.45199966430664,8.45199966430664,6075048
2021-01-27,8.423999786376953,8.545999526977539,8.255999565124512,8.522000312805176,8.522000312805176,11641234
2021-01-28,8.34000015258789,8.486000061035156,8.265999794006348,8.371999740600586,8.371999740600586,5489463
2021-01-29,8.279999732971191,8.399999618530273,8.121999740600586,8.121999740600586,8.121999740600586,5705565
2021-02-01,8.170000076293945,8.206000328063965,7.960000038146973,7.980000019073486,7.980000019073486,11071762
2021-02-02,8.093999862670898,8.25,8.081999778747559,8.178000450134277,8.178000450134277,15666180
2021-02-03,8.312000274658203,8.586000442504883,8.142000198364258,8.576000213623047,8.576000213623047,9973268
2021-02-04,8.609999656677246,8.795999526977539,8.468000411987305,8.600000381469727,8.600000381469727,8758517
2021-02-05,8.619999885559082,8.805999755859375,8.470000267028809,8.711999893188477,8.711999893188477,8740750
2021-02-08,8.751999855041504,8.869999885559082,8.685999870300293,8.847999572753906,8.847999572753906,8431038
2021-02-09,8.878000259399414,8.968000411987305,8.767999649047852,8.795999526977539,8.795999526977539,7350628
2021-02-10,8.812000274658203,8.906000137329102,8.6899995803833,8.878000259399414,8.878000259399414,6566539
2021-02-11,8.862000465393066,8.90999984741211,8.736000061035156,8.777999877929688,8.777999877929688,4912243
2021-02-12,8.739999771118164,8.87600040435791,8.607999801635742,8.87399959564209,8.87399959564209,4212883
2021-02-15,8.970000267028809,9.390000343322754,8.925999641418457,9.359999656677246,9.359999656677246,12159015
2021-02-16,9.399999618530273,9.550000190734863,9.255999565124512,9.416000366210938,9.416000366210938,9429847
2021-02-17,9.399999618530273,9.748000144958496,9.395999908447266,9.456000328063965,9.456000328063965,10689382
2021-02-18,9.5,9.777999877929688,9.5,9.5600004196167,9.5600004196167,11777660
2021-02-19,9.486000061035156,9.96399974822998,9.371999740600586,9.9399995803833,9.9399995803833,11777441
2021-02-22,9.90999984741211,10.210000038146973,9.859999656677246,10.149999618530273,10.149999618530273,10606879
2021-02-23,10.1899995803833,10.399999618530273,9.979999542236328,10.145000457763672,10.145000457763672,12087009
2021-02-24,10.225000381469727,10.324999809265137,10.135000228881836,10.319999694824219,10.319999694824219,10089067
2021-02-25,10.345000267028809,10.6850004196167,10.329999923706055,10.619999885559082,10.619999885559082,12486726
2021-02-26,10.425000190734863,10.524999618530273,10.279999732971191,10.414999961853027,10.414999961853027,12410074
2021-03-01,10.520000457763672,10.779999732971191,10.520000457763672,10.704999923706055,10.704999923706055,9008616
2021-03-02,10.539999961853027,10.770000457763672,10.4399995803833,10.670000076293945,10.670000076293945,10160205
2021-03-03,10.600000381469727,10.885000228881836,10.600000381469727,10.859999656677246,10.859999656677246,8750941
2021-03-04,10.65999984741211,11.140000343322754,10.649999618530273,11.039999961853027,11.039999961853027,11381153
2021-03-05,11.020000457763672,11.140000343322754,10.890000343322754,10.96500015258789,10.96500015258789,13091915
2021-03-08,10.930000305175781,11.020000457763672,10.529999732971191,10.680000305175781,10.680000305175781,10661451
2021-03-09,10.760000228881836,10.875,10.5649995803833,10.725000381469727,10.725000381469727,7747822
2021-03-10,10.630000114440918,10.890000343322754,10.579999923706055,10.699999809265137,10.699999809265137,6218365
2021-03-11,10.770000457763672,10.84000015258789,10.555000305175781,10.75,10.75,6586151
2021-03-12,10.720000267028809,10.975000381469727,10.720000267028809,10.960000038146973,10.960000038146973,5422472
2021-03-15,11.0,11.140000343322754,10.819999694824219,10.850000381469727,10.850000381469727,6876505
2021-03-16,10.899999618530273,10.9399995803833,10.614999771118164,10.75,10.75,5850420
2021-03-17,10.645000457763672,10.835000038146973,10.625,10.734999656677246,10.734999656677246,5788267
2021-03-18,10.774999618530273,10.829999923706055,10.609999656677246,10.720000267028809,10.720000267028809,7067797
2021-03-19,10.579999923706055,10.739999771118164,10.414999961853027,10.670000076293945,10.670000076293945,10660862
2021-03-22,10.585000038146973,10.694999694824219,10.545000076293945,10.5600004196167,10.5600004196167,5982217
2021-03-23,10.520000457763672,10.545000076293945,10.25,10.420000076293945,10.420000076293945,12606604
2021-03-24,10.300000190734863,10.6899995803833,10.265000343322754,10.6899995803833,10.6899995803833,6894406
2021-03-25,10.680000305175781,10.710000038146973,10.055000305175781,10.329999923706055,10.329999923706055,8766161
2021-03-26,10.399999618530273,10.604999542236328,10.345000267028809,10.604999542236328,10.604999542236328,9146350
2021-03-29,10.600000381469727,10.720000267028809,10.420000076293945,10.699999809265137,10.699999809265137,6163510
2021-03-30,10.739999771118164,10.835000038146973,10.600000381469727,10.670000076293945,10.670000076293945,4557409
2021-03-31,10.670000076293945,10.774999618530273,10.529999732971191,10.5600004196167,10.5600004196167,5721863
2021-04-01,10.630000114440918,10.630000114440918,10.402000427246094,10.437999725341797,10.437999725341797,5111655
2021-04-06,10.4399995803833,10.640000343322754,10.413999557495117,10.413999557495117,10.413999557495117,5603261
2021-04-07,10.420000076293945,10.612000465393066,10.40999984741211,10.47599983215332,10.47599983215332,3494995
2021-04-08,10.520000457763672,10.527999877929688,10.105999946594238,10.206000328063965,10.206000328063965,8001613
2021-04-09,10.210000038146973,10.253999710083008,10.116000175476074,10.133999824523926,10.133999824523926,3427070
2021-04-12,10.079999923706055,10.258000373840332,10.020000457763672,10.210000038146973,10.210000038146973,3239339
2021-04-13,10.25,10.258000373840332,10.052000045776367,10.119999885559082,10.119999885559082,43851954
2021-04-14,10.09000015258789,10.60200023651123,10.074000358581543,10.565999984741211,10.565999984741211,16104130
2021-04-15,10.619999885559082,10.628000259399414,10.314000129699707,10.394000053405762,10.394000053405762,4314645
2021-04-16,10.394000053405762,10.47599983215332,10.279999732971191,10.35200023651123,10.35200023651123,10090827
